# lgT[K] lgg[cm/s2] mu lgE[keV] lgI[erg/s/cm2/sr/keV]
# MAGNUS, fatia theta_B = 0 graus; lg I = lg(B_E(T_ef)) + lg w
5.69897 14.3800 0.019855 -1.52288 17.92179
5.69897 14.3800 0.019855 -1.50512 17.94632
5.69897 14.3800 0.019855 -1.48736 17.97008
5.69897 14.3800 0.019855 -1.46960 17.99324
5.69897 14.3800 0.019855 -1.45184 18.01651
5.69897 14.3800 0.019855 -1.43408 18.03944
5.69897 14.3800 0.019855 -1.41632 18.06166
5.69897 14.3800 0.019855 -1.39856 18.08336
5.69897 14.3800 0.019855 -1.38080 18.10455
5.69897 14.3800 0.019855 -1.36303 18.12526
5.69897 14.3800 0.019855 -1.34527 18.14564
5.69897 14.3800 0.019855 -1.32751 18.16503
5.69897 14.3800 0.019855 -1.30975 18.18391
5.69897 14.3800 0.019855 -1.29199 18.20216
5.69897 14.3800 0.019855 -1.27423 18.21939
5.69897 14.3800 0.019855 -1.25647 18.23623
5.69897 14.3800 0.019855 -1.23871 18.25179
5.69897 14.3800 0.019855 -1.22095 18.26678
5.69897 14.3800 0.019855 -1.20319 18.28062
5.69897 14.3800 0.019855 -1.18543 18.29313
5.69897 14.3800 0.019855 -1.16767 18.30500
5.69897 14.3800 0.019855 -1.14991 18.31487
5.69897 14.3800 0.019855 -1.13215 18.32406
5.69897 14.3800 0.019855 -1.11439 18.33131
5.69897 14.3800 0.019855 -1.09663 18.33704
5.69897 14.3800 0.019855 -1.07887 18.34163
5.69897 14.3800 0.019855 -1.06111 18.34319
5.69897 14.3800 0.019855 -1.04335 18.34367
5.69897 14.3800 0.019855 -1.02559 18.34102
5.69897 14.3800 0.019855 -1.00783 18.33619
5.69897 14.3800 0.019855 -0.99007 18.32890
5.69897 14.3800 0.019855 -0.97231 18.31753
5.69897 14.3800 0.019855 -0.95454 18.30390
5.69897 14.3800 0.019855 -0.93678 18.28481
5.69897 14.3800 0.019855 -0.91902 18.26194
5.69897 14.3800 0.019855 -0.90126 18.23367
5.69897 14.3800 0.019855 -0.88350 18.19840
5.69897 14.3800 0.019855 -0.86574 18.15661
5.69897 14.3800 0.019855 -0.84798 18.10361
5.69897 14.3800 0.019855 -0.83022 18.03962
5.69897 14.3800 0.019855 -0.81246 17.95898
5.69897 14.3800 0.019855 -0.79470 17.85812
5.69897 14.3800 0.019855 -0.77694 17.72224
5.69897 14.3800 0.019855 -0.75918 17.54379
5.69897 14.3800 0.019855 -0.74142 17.28709
5.69897 14.3800 0.019855 -0.72366 16.95703
5.69897 14.3800 0.019855 -0.70590 16.57888
5.69897 14.3800 0.019855 -0.68814 16.60862
5.69897 14.3800 0.019855 -0.67038 16.81769
5.69897 14.3800 0.019855 -0.65262 17.03898
5.69897 14.3800 0.019855 -0.63486 17.18393
5.69897 14.3800 0.019855 -0.61710 17.27568
5.69897 14.3800 0.019855 -0.59934 17.33665
5.69897 14.3800 0.019855 -0.58158 17.36320
5.69897 14.3800 0.019855 -0.56382 17.37933
5.69897 14.3800 0.019855 -0.54605 17.37258
5.69897 14.3800 0.019855 -0.52829 17.35891
5.69897 14.3800 0.019855 -0.51053 17.33457
5.69897 14.3800 0.019855 -0.49277 17.30217
5.69897 14.3800 0.019855 -0.47501 17.26333
5.69897 14.3800 0.019855 -0.45725 17.21812
5.69897 14.3800 0.019855 -0.43949 17.16719
5.69897 14.3800 0.019855 -0.42173 17.11082
5.69897 14.3800 0.019855 -0.40397 17.05043
5.69897 14.3800 0.019855 -0.38621 16.98168
5.69897 14.3800 0.019855 -0.36845 16.91378
5.69897 14.3800 0.019855 -0.35069 16.83623
5.69897 14.3800 0.019855 -0.33293 16.75695
5.69897 14.3800 0.019855 -0.31517 16.67262
5.69897 14.3800 0.019855 -0.29741 16.57886
5.69897 14.3800 0.019855 -0.27965 16.48955
5.69897 14.3800 0.019855 -0.26189 16.38550
5.69897 14.3800 0.019855 -0.24413 16.28577
5.69897 14.3800 0.019855 -0.22637 16.17667
5.69897 14.3800 0.019855 -0.20861 16.05940
5.69897 14.3800 0.019855 -0.19085 15.94772
5.69897 14.3800 0.019855 -0.17309 15.81530
5.69897 14.3800 0.019855 -0.15533 15.69721
5.69897 14.3800 0.019855 -0.13757 15.56179
5.69897 14.3800 0.019855 -0.11980 15.42336
5.69897 14.3800 0.019855 -0.10204 15.28879
5.69897 14.3800 0.019855 -0.08428 15.12797
5.69897 14.3800 0.019855 -0.06652 14.99660
5.69897 14.3800 0.019855 -0.04876 14.83753
5.69897 14.3800 0.019855 -0.03100 14.68690
5.69897 14.3800 0.019855 -0.01324 14.53634
5.69897 14.3800 0.019855 0.00452 14.36415
5.69897 14.3800 0.019855 0.02228 14.23139
5.69897 14.3800 0.019855 0.04004 14.07007
5.69897 14.3800 0.019855 0.05780 13.93266
5.69897 14.3800 0.019855 0.07556 13.79319
5.69897 14.3800 0.019855 0.09332 13.65042
5.69897 14.3800 0.019855 0.11108 13.53575
5.69897 14.3800 0.019855 0.12884 13.40481
5.69897 14.3800 0.019855 0.14660 13.29620
5.69897 14.3800 0.019855 0.16436 13.18114
5.69897 14.3800 0.019855 0.18212 13.06551
5.69897 14.3800 0.019855 0.19988 12.95980
5.69897 14.3800 0.019855 0.21764 12.83793
5.69897 14.3800 0.019855 0.23540 12.73014
5.69897 14.3800 0.019855 0.25316 12.60815
5.69897 14.3800 0.019855 0.27092 12.48284
5.69897 14.3800 0.019855 0.28869 12.35973
5.69897 14.3800 0.019855 0.30645 12.21292
5.69897 14.3800 0.019855 0.32421 12.08734
5.69897 14.3800 0.019855 0.34197 11.93554
5.69897 14.3800 0.019855 0.35973 11.78561
5.69897 14.3800 0.019855 0.37749 11.63167
5.69897 14.3800 0.019855 0.39525 11.44756
5.69897 14.3800 0.019855 0.41301 11.29734
5.69897 14.3800 0.019855 0.43077 11.10425
5.69897 14.3800 0.019855 0.44853 10.92713
5.69897 14.3800 0.019855 0.46629 10.73352
5.69897 14.3800 0.019855 0.48405 10.51242
5.69897 14.3800 0.019855 0.50181 10.32755
5.69897 14.3800 0.019855 0.51957 10.08315
5.69897 14.3800 0.019855 0.53733 9.87972
5.69897 14.3800 0.019855 0.55509 9.63658
5.69897 14.3800 0.019855 0.57285 9.37844
5.69897 14.3800 0.019855 0.59061 9.14961
5.69897 14.3800 0.019855 0.60837 8.84169
5.69897 14.3800 0.019855 0.62613 8.61415
5.69897 14.3800 0.019855 0.64389 8.30854
5.69897 14.3800 0.019855 0.66165 8.01536
5.69897 14.3800 0.019855 0.67941 6.56185
5.69897 14.3800 0.019855 0.69718 4.60402
5.69897 14.3800 0.019855 0.71494 2.56225
5.69897 14.3800 0.019855 0.73270 0.43301
5.69897 14.3800 0.019855 0.75046 -1.78732
5.69897 14.3800 0.019855 0.76822 -4.10257
5.69897 14.3800 0.019855 0.78598 -6.51668
5.69897 14.3800 0.019855 0.80374 -9.03378
5.69897 14.3800 0.019855 0.82150 -11.65819
5.69897 14.3800 0.019855 0.83926 -14.39436
5.69897 14.3800 0.019855 0.85702 -17.24698
5.69897 14.3800 0.019855 0.87478 -20.22089
5.69897 14.3800 0.019855 0.89254 -23.32117
5.69897 14.3800 0.019855 0.91030 -26.55309
5.69897 14.3800 0.019855 0.92806 -29.92213
5.69897 14.3800 0.019855 0.94582 -33.43404
5.69897 14.3800 0.019855 0.96358 -37.09476
5.69897 14.3800 0.019855 0.98134 -40.91051
5.69897 14.3800 0.019855 0.99910 -44.88778
5.69897 14.3800 0.019855 1.01686 -49.03329
5.69897 14.3800 0.019855 1.03462 -53.35406
5.69897 14.3800 0.019855 1.05238 -57.85741
5.69897 14.3800 0.019855 1.07014 -62.55100
5.69897 14.3800 0.019855 1.08790 -67.44270
5.69897 14.3800 0.019855 1.10567 -72.54082
5.69897 14.3800 0.019855 1.12343 -77.85400
5.69897 14.3800 0.019855 1.14119 -83.39116
5.69897 14.3800 0.019855 1.15895 -89.16168
5.69897 14.3800 0.019855 1.17671 -95.17530
5.69897 14.3800 0.019855 1.19447 -101.44221
5.69897 14.3800 0.019855 1.21223 -107.97290
5.69897 14.3800 0.019855 1.22999 -114.77842
5.69897 14.3800 0.019855 1.24775 -121.87029
5.69897 14.3800 0.019855 1.26551 -129.26037
5.69897 14.3800 0.019855 1.28327 -136.96116
5.69897 14.3800 0.019855 1.30103 -144.98567
5.69897 14.3800 0.101667 -1.52288 18.05693
5.69897 14.3800 0.101667 -1.50512 18.08242
5.69897 14.3800 0.101667 -1.48736 18.10677
5.69897 14.3800 0.101667 -1.46960 18.13024
5.69897 14.3800 0.101667 -1.45184 18.15333
5.69897 14.3800 0.101667 -1.43408 18.17622
5.69897 14.3800 0.101667 -1.41632 18.19921
5.69897 14.3800 0.101667 -1.39856 18.22147
5.69897 14.3800 0.101667 -1.38080 18.24304
5.69897 14.3800 0.101667 -1.36303 18.26455
5.69897 14.3800 0.101667 -1.34527 18.28575
5.69897 14.3800 0.101667 -1.32751 18.30550
5.69897 14.3800 0.101667 -1.30975 18.32537
5.69897 14.3800 0.101667 -1.29199 18.34546
5.69897 14.3800 0.101667 -1.27423 18.36368
5.69897 14.3800 0.101667 -1.25647 18.38119
5.69897 14.3800 0.101667 -1.23871 18.39820
5.69897 14.3800 0.101667 -1.22095 18.41481
5.69897 14.3800 0.101667 -1.20319 18.43064
5.69897 14.3800 0.101667 -1.18543 18.44506
5.69897 14.3800 0.101667 -1.16767 18.45879
5.69897 14.3800 0.101667 -1.14991 18.47097
5.69897 14.3800 0.101667 -1.13215 18.48248
5.69897 14.3800 0.101667 -1.11439 18.49204
5.69897 14.3800 0.101667 -1.09663 18.50022
5.69897 14.3800 0.101667 -1.07887 18.50740
5.69897 14.3800 0.101667 -1.06111 18.51216
5.69897 14.3800 0.101667 -1.04335 18.51602
5.69897 14.3800 0.101667 -1.02559 18.51697
5.69897 14.3800 0.101667 -1.00783 18.51599
5.69897 14.3800 0.101667 -0.99007 18.51290
5.69897 14.3800 0.101667 -0.97231 18.50626
5.69897 14.3800 0.101667 -0.95454 18.49785
5.69897 14.3800 0.101667 -0.93678 18.48465
5.69897 14.3800 0.101667 -0.91902 18.46842
5.69897 14.3800 0.101667 -0.90126 18.44782
5.69897 14.3800 0.101667 -0.88350 18.42164
5.69897 14.3800 0.101667 -0.86574 18.39093
5.69897 14.3800 0.101667 -0.84798 18.35147
5.69897 14.3800 0.101667 -0.83022 18.30464
5.69897 14.3800 0.101667 -0.81246 18.24640
5.69897 14.3800 0.101667 -0.79470 18.17304
5.69897 14.3800 0.101667 -0.77694 18.07854
5.69897 14.3800 0.101667 -0.75918 17.94628
5.69897 14.3800 0.101667 -0.74142 17.74375
5.69897 14.3800 0.101667 -0.72366 17.38046
5.69897 14.3800 0.101667 -0.70590 16.73734
5.69897 14.3800 0.101667 -0.68814 16.87785
5.69897 14.3800 0.101667 -0.67038 17.35341
5.69897 14.3800 0.101667 -0.65262 17.57671
5.69897 14.3800 0.101667 -0.63486 17.68089
5.69897 14.3800 0.101667 -0.61710 17.74564
5.69897 14.3800 0.101667 -0.59934 17.78524
5.69897 14.3800 0.101667 -0.58158 17.80466
5.69897 14.3800 0.101667 -0.56382 17.81807
5.69897 14.3800 0.101667 -0.54605 17.81960
5.69897 14.3800 0.101667 -0.52829 17.81736
5.69897 14.3800 0.101667 -0.51053 17.80958
5.69897 14.3800 0.101667 -0.49277 17.79672
5.69897 14.3800 0.101667 -0.47501 17.78094
5.69897 14.3800 0.101667 -0.45725 17.75978
5.69897 14.3800 0.101667 -0.43949 17.73582
5.69897 14.3800 0.101667 -0.42173 17.70783
5.69897 14.3800 0.101667 -0.40397 17.67648
5.69897 14.3800 0.101667 -0.38621 17.64114
5.69897 14.3800 0.101667 -0.36845 17.60299
5.69897 14.3800 0.101667 -0.35069 17.56055
5.69897 14.3800 0.101667 -0.33293 17.51491
5.69897 14.3800 0.101667 -0.31517 17.46583
5.69897 14.3800 0.101667 -0.29741 17.41155
5.69897 14.3800 0.101667 -0.27965 17.35642
5.69897 14.3800 0.101667 -0.26189 17.29441
5.69897 14.3800 0.101667 -0.24413 17.23140
5.69897 14.3800 0.101667 -0.22637 17.16329
5.69897 14.3800 0.101667 -0.20861 17.08955
5.69897 14.3800 0.101667 -0.19085 17.01615
5.69897 14.3800 0.101667 -0.17309 16.93230
5.69897 14.3800 0.101667 -0.15533 16.85175
5.69897 14.3800 0.101667 -0.13757 16.76226
5.69897 14.3800 0.101667 -0.11980 16.66843
5.69897 14.3800 0.101667 -0.10204 16.57460
5.69897 14.3800 0.101667 -0.08428 16.46564
5.69897 14.3800 0.101667 -0.06652 16.36765
5.69897 14.3800 0.101667 -0.04876 16.25366
5.69897 14.3800 0.101667 -0.03100 16.13920
5.69897 14.3800 0.101667 -0.01324 16.02202
5.69897 14.3800 0.101667 0.00452 15.88614
5.69897 14.3800 0.101667 0.02228 15.76878
5.69897 14.3800 0.101667 0.04004 15.62624
5.69897 14.3800 0.101667 0.05780 15.49116
5.69897 14.3800 0.101667 0.07556 15.34686
5.69897 14.3800 0.101667 0.09332 15.18511
5.69897 14.3800 0.101667 0.11108 15.04342
5.69897 14.3800 0.101667 0.12884 14.86763
5.69897 14.3800 0.101667 0.14660 14.71266
5.69897 14.3800 0.101667 0.16436 14.53677
5.69897 14.3800 0.101667 0.18212 14.34967
5.69897 14.3800 0.101667 0.19988 14.17988
5.69897 14.3800 0.101667 0.21764 13.96620
5.69897 14.3800 0.101667 0.23540 13.79358
5.69897 14.3800 0.101667 0.25316 13.58207
5.69897 14.3800 0.101667 0.27092 13.37273
5.69897 14.3800 0.101667 0.28869 13.17171
5.69897 14.3800 0.101667 0.30645 12.91820
5.69897 14.3800 0.101667 0.32421 12.73288
5.69897 14.3800 0.101667 0.34197 12.48559
5.69897 14.3800 0.101667 0.35973 12.26213
5.69897 14.3800 0.101667 0.37749 12.03143
5.69897 14.3800 0.101667 0.39525 11.75290
5.69897 14.3800 0.101667 0.41301 11.55572
5.69897 14.3800 0.101667 0.43077 11.28210
5.69897 14.3800 0.101667 0.44853 11.05708
5.69897 14.3800 0.101667 0.46629 10.80585
5.69897 14.3800 0.101667 0.48405 10.52982
5.69897 14.3800 0.101667 0.50181 10.31452
5.69897 14.3800 0.101667 0.51957 10.02457
5.69897 14.3800 0.101667 0.53733 9.80174
5.69897 14.3800 0.101667 0.55509 9.53089
5.69897 14.3800 0.101667 0.57285 9.25385
5.69897 14.3800 0.101667 0.59061 9.01250
5.69897 14.3800 0.101667 0.60837 8.68947
5.69897 14.3800 0.101667 0.62613 8.45787
5.69897 14.3800 0.101667 0.64389 8.14495
5.69897 14.3800 0.101667 0.66165 7.84905
5.69897 14.3800 0.101667 0.67941 6.56185
5.69897 14.3800 0.101667 0.69718 4.60402
5.69897 14.3800 0.101667 0.71494 2.56225
5.69897 14.3800 0.101667 0.73270 0.43301
5.69897 14.3800 0.101667 0.75046 -1.78732
5.69897 14.3800 0.101667 0.76822 -4.10257
5.69897 14.3800 0.101667 0.78598 -6.51668
5.69897 14.3800 0.101667 0.80374 -9.03378
5.69897 14.3800 0.101667 0.82150 -11.65819
5.69897 14.3800 0.101667 0.83926 -14.39436
5.69897 14.3800 0.101667 0.85702 -17.24698
5.69897 14.3800 0.101667 0.87478 -20.22089
5.69897 14.3800 0.101667 0.89254 -23.32117
5.69897 14.3800 0.101667 0.91030 -26.55309
5.69897 14.3800 0.101667 0.92806 -29.92213
5.69897 14.3800 0.101667 0.94582 -33.43404
5.69897 14.3800 0.101667 0.96358 -37.09476
5.69897 14.3800 0.101667 0.98134 -40.91051
5.69897 14.3800 0.101667 0.99910 -44.88778
5.69897 14.3800 0.101667 1.01686 -49.03329
5.69897 14.3800 0.101667 1.03462 -53.35406
5.69897 14.3800 0.101667 1.05238 -57.85741
5.69897 14.3800 0.101667 1.07014 -62.55100
5.69897 14.3800 0.101667 1.08790 -67.44270
5.69897 14.3800 0.101667 1.10567 -72.54082
5.69897 14.3800 0.101667 1.12343 -77.85400
5.69897 14.3800 0.101667 1.14119 -83.39116
5.69897 14.3800 0.101667 1.15895 -89.16168
5.69897 14.3800 0.101667 1.17671 -95.17530
5.69897 14.3800 0.101667 1.19447 -101.44221
5.69897 14.3800 0.101667 1.21223 -107.97290
5.69897 14.3800 0.101667 1.22999 -114.77842
5.69897 14.3800 0.101667 1.24775 -121.87029
5.69897 14.3800 0.101667 1.26551 -129.26037
5.69897 14.3800 0.101667 1.28327 -136.96116
5.69897 14.3800 0.101667 1.30103 -144.98567
5.69897 14.3800 0.237234 -1.52288 18.13685
5.69897 14.3800 0.237234 -1.50512 18.15776
5.69897 14.3800 0.237234 -1.48736 18.18337
5.69897 14.3800 0.237234 -1.46960 18.21206
5.69897 14.3800 0.237234 -1.45184 18.23255
5.69897 14.3800 0.237234 -1.43408 18.25299
5.69897 14.3800 0.237234 -1.41632 18.27816
5.69897 14.3800 0.237234 -1.39856 18.30156
5.69897 14.3800 0.237234 -1.38080 18.32331
5.69897 14.3800 0.237234 -1.36303 18.34606
5.69897 14.3800 0.237234 -1.34527 18.36866
5.69897 14.3800 0.237234 -1.32751 18.38954
5.69897 14.3800 0.237234 -1.30975 18.40948
5.69897 14.3800 0.237234 -1.29199 18.42826
5.69897 14.3800 0.237234 -1.27423 18.44798
5.69897 14.3800 0.237234 -1.25647 18.46786
5.69897 14.3800 0.237234 -1.23871 18.48434
5.69897 14.3800 0.237234 -1.22095 18.50106
5.69897 14.3800 0.237234 -1.20319 18.51819
5.69897 14.3800 0.237234 -1.18543 18.53418
5.69897 14.3800 0.237234 -1.16767 18.54962
5.69897 14.3800 0.237234 -1.14991 18.56258
5.69897 14.3800 0.237234 -1.13215 18.57494
5.69897 14.3800 0.237234 -1.11439 18.58576
5.69897 14.3800 0.237234 -1.09663 18.59507
5.69897 14.3800 0.237234 -1.07887 18.60331
5.69897 14.3800 0.237234 -1.06111 18.60967
5.69897 14.3800 0.237234 -1.04335 18.61518
5.69897 14.3800 0.237234 -1.02559 18.61757
5.69897 14.3800 0.237234 -1.00783 18.61803
5.69897 14.3800 0.237234 -0.99007 18.61639
5.69897 14.3800 0.237234 -0.97231 18.61144
5.69897 14.3800 0.237234 -0.95454 18.60488
5.69897 14.3800 0.237234 -0.93678 18.59363
5.69897 14.3800 0.237234 -0.91902 18.57939
5.69897 14.3800 0.237234 -0.90126 18.56079
5.69897 14.3800 0.237234 -0.88350 18.53675
5.69897 14.3800 0.237234 -0.86574 18.50850
5.69897 14.3800 0.237234 -0.84798 18.47172
5.69897 14.3800 0.237234 -0.83022 18.42820
5.69897 14.3800 0.237234 -0.81246 18.37417
5.69897 14.3800 0.237234 -0.79470 18.30719
5.69897 14.3800 0.237234 -0.77694 18.22264
5.69897 14.3800 0.237234 -0.75918 18.10850
5.69897 14.3800 0.237234 -0.74142 17.93892
5.69897 14.3800 0.237234 -0.72366 17.62372
5.69897 14.3800 0.237234 -0.70590 16.86159
5.69897 14.3800 0.237234 -0.68814 17.11825
5.69897 14.3800 0.237234 -0.67038 17.60561
5.69897 14.3800 0.237234 -0.65262 17.79098
5.69897 14.3800 0.237234 -0.63486 17.87865
5.69897 14.3800 0.237234 -0.61710 17.93883
5.69897 14.3800 0.237234 -0.59934 17.98094
5.69897 14.3800 0.237234 -0.58158 18.00843
5.69897 14.3800 0.237234 -0.56382 18.03118
5.69897 14.3800 0.237234 -0.54605 18.04435
5.69897 14.3800 0.237234 -0.52829 18.05407
5.69897 14.3800 0.237234 -0.51053 18.05901
5.69897 14.3800 0.237234 -0.49277 18.05888
5.69897 14.3800 0.237234 -0.47501 18.05653
5.69897 14.3800 0.237234 -0.45725 18.04831
5.69897 14.3800 0.237234 -0.43949 18.03788
5.69897 14.3800 0.237234 -0.42173 18.02339
5.69897 14.3800 0.237234 -0.40397 18.00547
5.69897 14.3800 0.237234 -0.38621 17.98470
5.69897 14.3800 0.237234 -0.36845 17.95979
5.69897 14.3800 0.237234 -0.35069 17.93201
5.69897 14.3800 0.237234 -0.33293 17.90067
5.69897 14.3800 0.237234 -0.31517 17.86616
5.69897 14.3800 0.237234 -0.29741 17.82764
5.69897 14.3800 0.237234 -0.27965 17.78678
5.69897 14.3800 0.237234 -0.26189 17.74127
5.69897 14.3800 0.237234 -0.24413 17.69342
5.69897 14.3800 0.237234 -0.22637 17.64161
5.69897 14.3800 0.237234 -0.20861 17.58519
5.69897 14.3800 0.237234 -0.19085 17.52757
5.69897 14.3800 0.237234 -0.17309 17.46264
5.69897 14.3800 0.237234 -0.15533 17.39823
5.69897 14.3800 0.237234 -0.13757 17.32737
5.69897 14.3800 0.237234 -0.11980 17.25232
5.69897 14.3800 0.237234 -0.10204 17.17626
5.69897 14.3800 0.237234 -0.08428 17.08931
5.69897 14.3800 0.237234 -0.06652 17.00818
5.69897 14.3800 0.237234 -0.04876 16.91569
5.69897 14.3800 0.237234 -0.03100 16.82138
5.69897 14.3800 0.237234 -0.01324 16.72449
5.69897 14.3800 0.237234 0.00452 16.61355
5.69897 14.3800 0.237234 0.02228 16.51413
5.69897 14.3800 0.237234 0.04004 16.39650
5.69897 14.3800 0.237234 0.05780 16.28243
5.69897 14.3800 0.237234 0.07556 16.16137
5.69897 14.3800 0.237234 0.09332 16.02627
5.69897 14.3800 0.237234 0.11108 15.90459
5.69897 14.3800 0.237234 0.12884 15.75740
5.69897 14.3800 0.237234 0.14660 15.62342
5.69897 14.3800 0.237234 0.16436 15.47386
5.69897 14.3800 0.237234 0.18212 15.31376
5.69897 14.3800 0.237234 0.19988 15.16594
5.69897 14.3800 0.237234 0.21764 14.98370
5.69897 14.3800 0.237234 0.23540 14.83019
5.69897 14.3800 0.237234 0.25316 14.64663
5.69897 14.3800 0.237234 0.27092 14.46136
5.69897 14.3800 0.237234 0.28869 14.28218
5.69897 14.3800 0.237234 0.30645 14.05823
5.69897 14.3800 0.237234 0.32421 13.88625
5.69897 14.3800 0.237234 0.34197 13.66192
5.69897 14.3800 0.237234 0.35973 13.45236
5.69897 14.3800 0.237234 0.37749 13.23517
5.69897 14.3800 0.237234 0.39525 12.96887
5.69897 14.3800 0.237234 0.41301 12.77317
5.69897 14.3800 0.237234 0.43077 12.50003
5.69897 14.3800 0.237234 0.44853 12.26821
5.69897 14.3800 0.237234 0.46629 12.00475
5.69897 14.3800 0.237234 0.48405 11.70584
5.69897 14.3800 0.237234 0.50181 11.47076
5.69897 14.3800 0.237234 0.51957 11.14004
5.69897 14.3800 0.237234 0.53733 10.88944
5.69897 14.3800 0.237234 0.55509 10.57044
5.69897 14.3800 0.237234 0.57285 10.24372
5.69897 14.3800 0.237234 0.59061 9.95926
5.69897 14.3800 0.237234 0.60837 9.56215
5.69897 14.3800 0.237234 0.62613 9.29758
5.69897 14.3800 0.237234 0.64389 8.91384
5.69897 14.3800 0.237234 0.66165 8.43910
5.69897 14.3800 0.237234 0.67941 6.56185
5.69897 14.3800 0.237234 0.69718 4.60402
5.69897 14.3800 0.237234 0.71494 2.56225
5.69897 14.3800 0.237234 0.73270 0.43301
5.69897 14.3800 0.237234 0.75046 -1.78732
5.69897 14.3800 0.237234 0.76822 -4.10257
5.69897 14.3800 0.237234 0.78598 -6.51668
5.69897 14.3800 0.237234 0.80374 -9.03378
5.69897 14.3800 0.237234 0.82150 -11.65819
5.69897 14.3800 0.237234 0.83926 -14.39436
5.69897 14.3800 0.237234 0.85702 -17.24698
5.69897 14.3800 0.237234 0.87478 -20.22089
5.69897 14.3800 0.237234 0.89254 -23.32117
5.69897 14.3800 0.237234 0.91030 -26.55309
5.69897 14.3800 0.237234 0.92806 -29.92213
5.69897 14.3800 0.237234 0.94582 -33.43404
5.69897 14.3800 0.237234 0.96358 -37.09476
5.69897 14.3800 0.237234 0.98134 -40.91051
5.69897 14.3800 0.237234 0.99910 -44.88778
5.69897 14.3800 0.237234 1.01686 -49.03329
5.69897 14.3800 0.237234 1.03462 -53.35406
5.69897 14.3800 0.237234 1.05238 -57.85741
5.69897 14.3800 0.237234 1.07014 -62.55100
5.69897 14.3800 0.237234 1.08790 -67.44270
5.69897 14.3800 0.237234 1.10567 -72.54082
5.69897 14.3800 0.237234 1.12343 -77.85400
5.69897 14.3800 0.237234 1.14119 -83.39116
5.69897 14.3800 0.237234 1.15895 -89.16168
5.69897 14.3800 0.237234 1.17671 -95.17530
5.69897 14.3800 0.237234 1.19447 -101.44221
5.69897 14.3800 0.237234 1.21223 -107.97290
5.69897 14.3800 0.237234 1.22999 -114.77842
5.69897 14.3800 0.237234 1.24775 -121.87029
5.69897 14.3800 0.237234 1.26551 -129.26037
5.69897 14.3800 0.237234 1.28327 -136.96116
5.69897 14.3800 0.237234 1.30103 -144.98567
5.69897 14.3800 0.408283 -1.52288 18.18821
5.69897 14.3800 0.408283 -1.50512 18.21398
5.69897 14.3800 0.408283 -1.48736 18.23818
5.69897 14.3800 0.408283 -1.46960 18.26123
5.69897 14.3800 0.408283 -1.45184 18.28782
5.69897 14.3800 0.408283 -1.43408 18.31349
5.69897 14.3800 0.408283 -1.41632 18.33470
5.69897 14.3800 0.408283 -1.39856 18.35566
5.69897 14.3800 0.408283 -1.38080 18.37636
5.69897 14.3800 0.408283 -1.36303 18.39914
5.69897 14.3800 0.408283 -1.34527 18.42188
5.69897 14.3800 0.408283 -1.32751 18.44169
5.69897 14.3800 0.408283 -1.30975 18.46227
5.69897 14.3800 0.408283 -1.29199 18.48390
5.69897 14.3800 0.408283 -1.27423 18.50313
5.69897 14.3800 0.408283 -1.25647 18.52153
5.69897 14.3800 0.408283 -1.23871 18.54199
5.69897 14.3800 0.408283 -1.22095 18.56075
5.69897 14.3800 0.408283 -1.20319 18.57643
5.69897 14.3800 0.408283 -1.18543 18.59200
5.69897 14.3800 0.408283 -1.16767 18.60754
5.69897 14.3800 0.408283 -1.14991 18.62109
5.69897 14.3800 0.408283 -1.13215 18.63472
5.69897 14.3800 0.408283 -1.11439 18.64861
5.69897 14.3800 0.408283 -1.09663 18.65915
5.69897 14.3800 0.408283 -1.07887 18.66724
5.69897 14.3800 0.408283 -1.06111 18.67502
5.69897 14.3800 0.408283 -1.04335 18.68198
5.69897 14.3800 0.408283 -1.02559 18.68511
5.69897 14.3800 0.408283 -1.00783 18.68648
5.69897 14.3800 0.408283 -0.99007 18.68596
5.69897 14.3800 0.408283 -0.97231 18.68177
5.69897 14.3800 0.408283 -0.95454 18.67590
5.69897 14.3800 0.408283 -0.93678 18.66527
5.69897 14.3800 0.408283 -0.91902 18.65183
5.69897 14.3800 0.408283 -0.90126 18.63430
5.69897 14.3800 0.408283 -0.88350 18.61117
5.69897 14.3800 0.408283 -0.86574 18.58384
5.69897 14.3800 0.408283 -0.84798 18.54759
5.69897 14.3800 0.408283 -0.83022 18.50475
5.69897 14.3800 0.408283 -0.81246 18.45171
5.69897 14.3800 0.408283 -0.79470 18.38619
5.69897 14.3800 0.408283 -0.77694 18.30388
5.69897 14.3800 0.408283 -0.75918 18.19512
5.69897 14.3800 0.408283 -0.74142 18.03853
5.69897 14.3800 0.408283 -0.72366 17.75360
5.69897 14.3800 0.408283 -0.70590 16.95775
5.69897 14.3800 0.408283 -0.68814 17.27525
5.69897 14.3800 0.408283 -0.67038 17.73319
5.69897 14.3800 0.408283 -0.65262 17.89897
5.69897 14.3800 0.408283 -0.63486 17.98427
5.69897 14.3800 0.408283 -0.61710 18.04635
5.69897 14.3800 0.408283 -0.59934 18.09307
5.69897 14.3800 0.408283 -0.58158 18.12661
5.69897 14.3800 0.408283 -0.56382 18.15550
5.69897 14.3800 0.408283 -0.54605 18.17524
5.69897 14.3800 0.408283 -0.52829 18.19124
5.69897 14.3800 0.408283 -0.51053 18.20236
5.69897 14.3800 0.408283 -0.49277 18.20823
5.69897 14.3800 0.408283 -0.47501 18.21198
5.69897 14.3800 0.408283 -0.45725 18.20970
5.69897 14.3800 0.408283 -0.43949 18.20539
5.69897 14.3800 0.408283 -0.42173 18.19709
5.69897 14.3800 0.408283 -0.40397 18.18508
5.69897 14.3800 0.408283 -0.38621 18.17043
5.69897 14.3800 0.408283 -0.36845 18.15145
5.69897 14.3800 0.408283 -0.35069 18.13007
5.69897 14.3800 0.408283 -0.33293 18.10497
5.69897 14.3800 0.408283 -0.31517 18.07690
5.69897 14.3800 0.408283 -0.29741 18.04537
5.69897 14.3800 0.408283 -0.27965 18.01090
5.69897 14.3800 0.408283 -0.26189 17.97259
5.69897 14.3800 0.408283 -0.24413 17.93159
5.69897 14.3800 0.408283 -0.22637 17.88705
5.69897 14.3800 0.408283 -0.20861 17.83829
5.69897 14.3800 0.408283 -0.19085 17.78777
5.69897 14.3800 0.408283 -0.17309 17.73115
5.69897 14.3800 0.408283 -0.15533 17.67413
5.69897 14.3800 0.408283 -0.13757 17.61164
5.69897 14.3800 0.408283 -0.11980 17.54514
5.69897 14.3800 0.408283 -0.10204 17.47723
5.69897 14.3800 0.408283 -0.08428 17.40012
5.69897 14.3800 0.408283 -0.06652 17.32687
5.69897 14.3800 0.408283 -0.04876 17.24410
5.69897 14.3800 0.408283 -0.03100 17.15915
5.69897 14.3800 0.408283 -0.01324 17.07163
5.69897 14.3800 0.408283 0.00452 16.97203
5.69897 14.3800 0.408283 0.02228 16.88125
5.69897 14.3800 0.408283 0.04004 16.77511
5.69897 14.3800 0.408283 0.05780 16.67109
5.69897 14.3800 0.408283 0.07556 16.56096
5.69897 14.3800 0.408283 0.09332 16.43843
5.69897 14.3800 0.408283 0.11108 16.32659
5.69897 14.3800 0.408283 0.12884 16.19295
5.69897 14.3800 0.408283 0.14660 16.06951
5.69897 14.3800 0.408283 0.16436 15.93280
5.69897 14.3800 0.408283 0.18212 15.78625
5.69897 14.3800 0.408283 0.19988 15.64982
5.69897 14.3800 0.408283 0.21764 15.48364
5.69897 14.3800 0.408283 0.23540 15.34094
5.69897 14.3800 0.408283 0.25316 15.17263
5.69897 14.3800 0.408283 0.27092 15.00160
5.69897 14.3800 0.408283 0.28869 14.83582
5.69897 14.3800 0.408283 0.30645 14.63083
5.69897 14.3800 0.408283 0.32421 14.46955
5.69897 14.3800 0.408283 0.34197 14.26326
5.69897 14.3800 0.408283 0.35973 14.06811
5.69897 14.3800 0.408283 0.37749 13.86682
5.69897 14.3800 0.408283 0.39525 13.62160
5.69897 14.3800 0.408283 0.41301 13.43703
5.69897 14.3800 0.408283 0.43077 13.18497
5.69897 14.3800 0.408283 0.44853 12.96692
5.69897 14.3800 0.408283 0.46629 12.72209
5.69897 14.3800 0.408283 0.48405 12.44380
5.69897 14.3800 0.408283 0.50181 12.22185
5.69897 14.3800 0.408283 0.51957 11.91460
5.69897 14.3800 0.408283 0.53733 11.67595
5.69897 14.3800 0.408283 0.55509 11.37751
5.69897 14.3800 0.408283 0.57285 11.06855
5.69897 14.3800 0.408283 0.59061 10.79862
5.69897 14.3800 0.408283 0.60837 10.42461
5.69897 14.3800 0.408283 0.62613 10.16844
5.69897 14.3800 0.408283 0.64389 9.80370
5.69897 14.3800 0.408283 0.66165 8.43910
5.69897 14.3800 0.408283 0.67941 6.56185
5.69897 14.3800 0.408283 0.69718 4.60402
5.69897 14.3800 0.408283 0.71494 2.56225
5.69897 14.3800 0.408283 0.73270 0.43301
5.69897 14.3800 0.408283 0.75046 -1.78732
5.69897 14.3800 0.408283 0.76822 -4.10257
5.69897 14.3800 0.408283 0.78598 -6.51668
5.69897 14.3800 0.408283 0.80374 -9.03378
5.69897 14.3800 0.408283 0.82150 -11.65819
5.69897 14.3800 0.408283 0.83926 -14.39436
5.69897 14.3800 0.408283 0.85702 -17.24698
5.69897 14.3800 0.408283 0.87478 -20.22089
5.69897 14.3800 0.408283 0.89254 -23.32117
5.69897 14.3800 0.408283 0.91030 -26.55309
5.69897 14.3800 0.408283 0.92806 -29.92213
5.69897 14.3800 0.408283 0.94582 -33.43404
5.69897 14.3800 0.408283 0.96358 -37.09476
5.69897 14.3800 0.408283 0.98134 -40.91051
5.69897 14.3800 0.408283 0.99910 -44.88778
5.69897 14.3800 0.408283 1.01686 -49.03329
5.69897 14.3800 0.408283 1.03462 -53.35406
5.69897 14.3800 0.408283 1.05238 -57.85741
5.69897 14.3800 0.408283 1.07014 -62.55100
5.69897 14.3800 0.408283 1.08790 -67.44270
5.69897 14.3800 0.408283 1.10567 -72.54082
5.69897 14.3800 0.408283 1.12343 -77.85400
5.69897 14.3800 0.408283 1.14119 -83.39116
5.69897 14.3800 0.408283 1.15895 -89.16168
5.69897 14.3800 0.408283 1.17671 -95.17530
5.69897 14.3800 0.408283 1.19447 -101.44221
5.69897 14.3800 0.408283 1.21223 -107.97290
5.69897 14.3800 0.408283 1.22999 -114.77842
5.69897 14.3800 0.408283 1.24775 -121.87029
5.69897 14.3800 0.408283 1.26551 -129.26037
5.69897 14.3800 0.408283 1.28327 -136.96116
5.69897 14.3800 0.408283 1.30103 -144.98567
5.69897 14.3800 0.591717 -1.52288 18.22055
5.69897 14.3800 0.591717 -1.50512 18.25034
5.69897 14.3800 0.591717 -1.48736 18.27491
5.69897 14.3800 0.591717 -1.46960 18.29580
5.69897 14.3800 0.591717 -1.45184 18.31507
5.69897 14.3800 0.591717 -1.43408 18.33683
5.69897 14.3800 0.591717 -1.41632 18.37012
5.69897 14.3800 0.591717 -1.39856 18.39649
5.69897 14.3800 0.591717 -1.38080 18.41651
5.69897 14.3800 0.591717 -1.36303 18.44012
5.69897 14.3800 0.591717 -1.34527 18.46398
5.69897 14.3800 0.591717 -1.32751 18.48485
5.69897 14.3800 0.591717 -1.30975 18.50443
5.69897 14.3800 0.591717 -1.29199 18.52234
5.69897 14.3800 0.591717 -1.27423 18.54156
5.69897 14.3800 0.591717 -1.25647 18.56123
5.69897 14.3800 0.591717 -1.23871 18.58176
5.69897 14.3800 0.591717 -1.22095 18.60093
5.69897 14.3800 0.591717 -1.20319 18.61767
5.69897 14.3800 0.591717 -1.18543 18.63363
5.69897 14.3800 0.591717 -1.16767 18.64922
5.69897 14.3800 0.591717 -1.14991 18.66531
5.69897 14.3800 0.591717 -1.13215 18.68010
5.69897 14.3800 0.591717 -1.11439 18.69116
5.69897 14.3800 0.591717 -1.09663 18.70169
5.69897 14.3800 0.591717 -1.07887 18.71188
5.69897 14.3800 0.591717 -1.06111 18.72010
5.69897 14.3800 0.591717 -1.04335 18.72714
5.69897 14.3800 0.591717 -1.02559 18.72968
5.69897 14.3800 0.591717 -1.00783 18.73075
5.69897 14.3800 0.591717 -0.99007 18.73023
5.69897 14.3800 0.591717 -0.97231 18.72695
5.69897 14.3800 0.591717 -0.95454 18.72217
5.69897 14.3800 0.591717 -0.93678 18.71171
5.69897 14.3800 0.591717 -0.91902 18.69806
5.69897 14.3800 0.591717 -0.90126 18.67973
5.69897 14.3800 0.591717 -0.88350 18.65609
5.69897 14.3800 0.591717 -0.86574 18.62832
5.69897 14.3800 0.591717 -0.84798 18.59178
5.69897 14.3800 0.591717 -0.83022 18.54857
5.69897 14.3800 0.591717 -0.81246 18.49499
5.69897 14.3800 0.591717 -0.79470 18.42912
5.69897 14.3800 0.591717 -0.77694 18.34654
5.69897 14.3800 0.591717 -0.75918 18.23860
5.69897 14.3800 0.591717 -0.74142 18.08581
5.69897 14.3800 0.591717 -0.72366 17.81412
5.69897 14.3800 0.591717 -0.70590 17.01861
5.69897 14.3800 0.591717 -0.68814 17.35239
5.69897 14.3800 0.591717 -0.67038 17.78907
5.69897 14.3800 0.591717 -0.65262 17.94672
5.69897 14.3800 0.591717 -0.63486 18.03164
5.69897 14.3800 0.591717 -0.61710 18.09464
5.69897 14.3800 0.591717 -0.59934 18.14306
5.69897 14.3800 0.591717 -0.58158 18.17850
5.69897 14.3800 0.591717 -0.56382 18.20919
5.69897 14.3800 0.591717 -0.54605 18.23055
5.69897 14.3800 0.591717 -0.52829 18.24809
5.69897 14.3800 0.591717 -0.51053 18.26069
5.69897 14.3800 0.591717 -0.49277 18.26799
5.69897 14.3800 0.591717 -0.47501 18.27318
5.69897 14.3800 0.591717 -0.45725 18.27195
5.69897 14.3800 0.591717 -0.43949 18.26868
5.69897 14.3800 0.591717 -0.42173 18.26137
5.69897 14.3800 0.591717 -0.40397 18.25061
5.69897 14.3800 0.591717 -0.38621 18.23743
5.69897 14.3800 0.591717 -0.36845 18.21960
5.69897 14.3800 0.591717 -0.35069 18.19945
5.69897 14.3800 0.591717 -0.33293 18.17564
5.69897 14.3800 0.591717 -0.31517 18.14884
5.69897 14.3800 0.591717 -0.29741 18.11862
5.69897 14.3800 0.591717 -0.27965 18.08549
5.69897 14.3800 0.591717 -0.26189 18.04868
5.69897 14.3800 0.591717 -0.24413 18.00910
5.69897 14.3800 0.591717 -0.22637 17.96607
5.69897 14.3800 0.591717 -0.20861 17.91895
5.69897 14.3800 0.591717 -0.19085 17.87013
5.69897 14.3800 0.591717 -0.17309 17.81554
5.69897 14.3800 0.591717 -0.15533 17.76023
5.69897 14.3800 0.591717 -0.13757 17.69964
5.69897 14.3800 0.591717 -0.11980 17.63509
5.69897 14.3800 0.591717 -0.10204 17.56914
5.69897 14.3800 0.591717 -0.08428 17.49445
5.69897 14.3800 0.591717 -0.06652 17.42318
5.69897 14.3800 0.591717 -0.04876 17.34283
5.69897 14.3800 0.591717 -0.03100 17.26021
5.69897 14.3800 0.591717 -0.01324 17.17504
5.69897 14.3800 0.591717 0.00452 17.07829
5.69897 14.3800 0.591717 0.02228 16.98971
5.69897 14.3800 0.591717 0.04004 16.88646
5.69897 14.3800 0.591717 0.05780 16.78505
5.69897 14.3800 0.591717 0.07556 16.67777
5.69897 14.3800 0.591717 0.09332 16.55849
5.69897 14.3800 0.591717 0.11108 16.44927
5.69897 14.3800 0.591717 0.12884 16.31920
5.69897 14.3800 0.591717 0.14660 16.19861
5.69897 14.3800 0.591717 0.16436 16.06533
5.69897 14.3800 0.591717 0.18212 15.92243
5.69897 14.3800 0.591717 0.19988 15.78910
5.69897 14.3800 0.591717 0.21764 15.62725
5.69897 14.3800 0.591717 0.23540 15.48754
5.69897 14.3800 0.591717 0.25316 15.32335
5.69897 14.3800 0.591717 0.27092 15.15628
5.69897 14.3800 0.591717 0.28869 14.99421
5.69897 14.3800 0.591717 0.30645 14.79443
5.69897 14.3800 0.591717 0.32421 14.63621
5.69897 14.3800 0.591717 0.34197 14.43495
5.69897 14.3800 0.591717 0.35973 14.24391
5.69897 14.3800 0.591717 0.37749 14.04711
5.69897 14.3800 0.591717 0.39525 13.80789
5.69897 14.3800 0.591717 0.41301 13.62661
5.69897 14.3800 0.591717 0.43077 13.38060
5.69897 14.3800 0.591717 0.44853 13.16670
5.69897 14.3800 0.591717 0.46629 12.92735
5.69897 14.3800 0.591717 0.48405 12.65530
5.69897 14.3800 0.591717 0.50181 12.43741
5.69897 14.3800 0.591717 0.51957 12.13742
5.69897 14.3800 0.591717 0.53733 11.90275
5.69897 14.3800 0.591717 0.55509 11.61098
5.69897 14.3800 0.591717 0.57285 11.30816
5.69897 14.3800 0.591717 0.59061 11.04337
5.69897 14.3800 0.591717 0.60837 10.67792
5.69897 14.3800 0.591717 0.62613 10.42533
5.69897 14.3800 0.591717 0.64389 10.06858
5.69897 14.3800 0.591717 0.66165 8.43910
5.69897 14.3800 0.591717 0.67941 6.56185
5.69897 14.3800 0.591717 0.69718 4.60402
5.69897 14.3800 0.591717 0.71494 2.56225
5.69897 14.3800 0.591717 0.73270 0.43301
5.69897 14.3800 0.591717 0.75046 -1.78732
5.69897 14.3800 0.591717 0.76822 -4.10257
5.69897 14.3800 0.591717 0.78598 -6.51668
5.69897 14.3800 0.591717 0.80374 -9.03378
5.69897 14.3800 0.591717 0.82150 -11.65819
5.69897 14.3800 0.591717 0.83926 -14.39436
5.69897 14.3800 0.591717 0.85702 -17.24698
5.69897 14.3800 0.591717 0.87478 -20.22089
5.69897 14.3800 0.591717 0.89254 -23.32117
5.69897 14.3800 0.591717 0.91030 -26.55309
5.69897 14.3800 0.591717 0.92806 -29.92213
5.69897 14.3800 0.591717 0.94582 -33.43404
5.69897 14.3800 0.591717 0.96358 -37.09476
5.69897 14.3800 0.591717 0.98134 -40.91051
5.69897 14.3800 0.591717 0.99910 -44.88778
5.69897 14.3800 0.591717 1.01686 -49.03329
5.69897 14.3800 0.591717 1.03462 -53.35406
5.69897 14.3800 0.591717 1.05238 -57.85741
5.69897 14.3800 0.591717 1.07014 -62.55100
5.69897 14.3800 0.591717 1.08790 -67.44270
5.69897 14.3800 0.591717 1.10567 -72.54082
5.69897 14.3800 0.591717 1.12343 -77.85400
5.69897 14.3800 0.591717 1.14119 -83.39116
5.69897 14.3800 0.591717 1.15895 -89.16168
5.69897 14.3800 0.591717 1.17671 -95.17530
5.69897 14.3800 0.591717 1.19447 -101.44221
5.69897 14.3800 0.591717 1.21223 -107.97290
5.69897 14.3800 0.591717 1.22999 -114.77842
5.69897 14.3800 0.591717 1.24775 -121.87029
5.69897 14.3800 0.591717 1.26551 -129.26037
5.69897 14.3800 0.591717 1.28327 -136.96116
5.69897 14.3800 0.591717 1.30103 -144.98567
5.69897 14.3800 0.762766 -1.52288 18.25155
5.69897 14.3800 0.762766 -1.50512 18.28201
5.69897 14.3800 0.762766 -1.48736 18.30613
5.69897 14.3800 0.762766 -1.46960 18.32582
5.69897 14.3800 0.762766 -1.45184 18.34140
5.69897 14.3800 0.762766 -1.43408 18.36014
5.69897 14.3800 0.762766 -1.41632 18.39442
5.69897 14.3800 0.762766 -1.39856 18.42130
5.69897 14.3800 0.762766 -1.38080 18.44142
5.69897 14.3800 0.762766 -1.36303 18.46795
5.69897 14.3800 0.762766 -1.34527 18.49502
5.69897 14.3800 0.762766 -1.32751 18.51747
5.69897 14.3800 0.762766 -1.30975 18.53922
5.69897 14.3800 0.762766 -1.29199 18.56012
5.69897 14.3800 0.762766 -1.27423 18.57735
5.69897 14.3800 0.762766 -1.25647 18.59338
5.69897 14.3800 0.762766 -1.23871 18.61274
5.69897 14.3800 0.762766 -1.22095 18.63137
5.69897 14.3800 0.762766 -1.20319 18.64870
5.69897 14.3800 0.762766 -1.18543 18.66611
5.69897 14.3800 0.762766 -1.16767 18.68359
5.69897 14.3800 0.762766 -1.14991 18.69699
5.69897 14.3800 0.762766 -1.13215 18.71009
5.69897 14.3800 0.762766 -1.11439 18.72263
5.69897 14.3800 0.762766 -1.09663 18.73335
5.69897 14.3800 0.762766 -1.07887 18.74278
5.69897 14.3800 0.762766 -1.06111 18.75028
5.69897 14.3800 0.762766 -1.04335 18.75669
5.69897 14.3800 0.762766 -1.02559 18.75898
5.69897 14.3800 0.762766 -1.00783 18.75927
5.69897 14.3800 0.762766 -0.99007 18.75738
5.69897 14.3800 0.762766 -0.97231 18.75254
5.69897 14.3800 0.762766 -0.95454 18.74602
5.69897 14.3800 0.762766 -0.93678 18.73325
5.69897 14.3800 0.762766 -0.91902 18.71771
5.69897 14.3800 0.762766 -0.90126 18.69819
5.69897 14.3800 0.762766 -0.88350 18.67253
5.69897 14.3800 0.762766 -0.86574 18.64215
5.69897 14.3800 0.762766 -0.84798 18.60333
5.69897 14.3800 0.762766 -0.83022 18.55776
5.69897 14.3800 0.762766 -0.81246 18.50218
5.69897 14.3800 0.762766 -0.79470 18.43441
5.69897 14.3800 0.762766 -0.77694 18.34962
5.69897 14.3800 0.762766 -0.75918 18.24013
5.69897 14.3800 0.762766 -0.74142 18.08563
5.69897 14.3800 0.762766 -0.72366 17.81219
5.69897 14.3800 0.762766 -0.70590 17.03214
5.69897 14.3800 0.762766 -0.68814 17.34908
5.69897 14.3800 0.762766 -0.67038 17.78013
5.69897 14.3800 0.762766 -0.65262 17.93619
5.69897 14.3800 0.762766 -0.63486 18.01855
5.69897 14.3800 0.762766 -0.61710 18.07899
5.69897 14.3800 0.762766 -0.59934 18.12472
5.69897 14.3800 0.762766 -0.58158 18.15714
5.69897 14.3800 0.762766 -0.56382 18.18488
5.69897 14.3800 0.762766 -0.54605 18.20306
5.69897 14.3800 0.762766 -0.52829 18.21747
5.69897 14.3800 0.762766 -0.51053 18.22687
5.69897 14.3800 0.762766 -0.49277 18.23093
5.69897 14.3800 0.762766 -0.47501 18.23278
5.69897 14.3800 0.762766 -0.45725 18.22840
5.69897 14.3800 0.762766 -0.43949 18.22186
5.69897 14.3800 0.762766 -0.42173 18.21113
5.69897 14.3800 0.762766 -0.40397 18.19698
5.69897 14.3800 0.762766 -0.38621 18.18022
5.69897 14.3800 0.762766 -0.36845 18.15904
5.69897 14.3800 0.762766 -0.35069 18.13530
5.69897 14.3800 0.762766 -0.33293 18.10797
5.69897 14.3800 0.762766 -0.31517 18.07759
5.69897 14.3800 0.762766 -0.29741 18.04354
5.69897 14.3800 0.762766 -0.27965 18.00688
5.69897 14.3800 0.762766 -0.26189 17.96613
5.69897 14.3800 0.762766 -0.24413 17.92283
5.69897 14.3800 0.762766 -0.22637 17.87599
5.69897 14.3800 0.762766 -0.20861 17.82500
5.69897 14.3800 0.762766 -0.19085 17.77241
5.69897 14.3800 0.762766 -0.17309 17.71338
5.69897 14.3800 0.762766 -0.15533 17.65422
5.69897 14.3800 0.762766 -0.13757 17.58939
5.69897 14.3800 0.762766 -0.11980 17.52065
5.69897 14.3800 0.762766 -0.10204 17.45066
5.69897 14.3800 0.762766 -0.08428 17.37109
5.69897 14.3800 0.762766 -0.06652 17.29590
5.69897 14.3800 0.762766 -0.04876 17.21079
5.69897 14.3800 0.762766 -0.03100 17.12364
5.69897 14.3800 0.762766 -0.01324 17.03398
5.69897 14.3800 0.762766 0.00452 16.93186
5.69897 14.3800 0.762766 0.02228 16.83918
5.69897 14.3800 0.762766 0.04004 16.73056
5.69897 14.3800 0.762766 0.05780 16.62445
5.69897 14.3800 0.762766 0.07556 16.51209
5.69897 14.3800 0.762766 0.09332 16.38704
5.69897 14.3800 0.762766 0.11108 16.27324
5.69897 14.3800 0.762766 0.12884 16.13695
5.69897 14.3800 0.762766 0.14660 16.01149
5.69897 14.3800 0.762766 0.16436 15.87235
5.69897 14.3800 0.762766 0.18212 15.72328
5.69897 14.3800 0.762766 0.19988 15.58474
5.69897 14.3800 0.762766 0.21764 15.41562
5.69897 14.3800 0.762766 0.23540 15.27096
5.69897 14.3800 0.762766 0.25316 15.09992
5.69897 14.3800 0.762766 0.27092 14.92634
5.69897 14.3800 0.762766 0.28869 14.75818
5.69897 14.3800 0.762766 0.30645 14.54987
5.69897 14.3800 0.762766 0.32421 14.38669
5.69897 14.3800 0.762766 0.34197 14.17726
5.69897 14.3800 0.762766 0.35973 13.97957
5.69897 14.3800 0.762766 0.37749 13.77550
5.69897 14.3800 0.762766 0.39525 13.52661
5.69897 14.3800 0.762766 0.41301 13.34005
5.69897 14.3800 0.762766 0.43077 13.08427
5.69897 14.3800 0.762766 0.44853 12.86373
5.69897 14.3800 0.762766 0.46629 12.61554
5.69897 14.3800 0.762766 0.48405 12.33346
5.69897 14.3800 0.762766 0.50181 12.10902
5.69897 14.3800 0.762766 0.51957 11.79731
5.69897 14.3800 0.762766 0.53733 11.55624
5.69897 14.3800 0.762766 0.55509 11.25366
5.69897 14.3800 0.762766 0.57285 10.94086
5.69897 14.3800 0.762766 0.59061 10.66769
5.69897 14.3800 0.762766 0.60837 10.28821
5.69897 14.3800 0.762766 0.62613 10.02973
5.69897 14.3800 0.762766 0.64389 9.65976
5.69897 14.3800 0.762766 0.66165 8.43910
5.69897 14.3800 0.762766 0.67941 6.56185
5.69897 14.3800 0.762766 0.69718 4.60402
5.69897 14.3800 0.762766 0.71494 2.56225
5.69897 14.3800 0.762766 0.73270 0.43301
5.69897 14.3800 0.762766 0.75046 -1.78732
5.69897 14.3800 0.762766 0.76822 -4.10257
5.69897 14.3800 0.762766 0.78598 -6.51668
5.69897 14.3800 0.762766 0.80374 -9.03378
5.69897 14.3800 0.762766 0.82150 -11.65819
5.69897 14.3800 0.762766 0.83926 -14.39436
5.69897 14.3800 0.762766 0.85702 -17.24698
5.69897 14.3800 0.762766 0.87478 -20.22089
5.69897 14.3800 0.762766 0.89254 -23.32117
5.69897 14.3800 0.762766 0.91030 -26.55309
5.69897 14.3800 0.762766 0.92806 -29.92213
5.69897 14.3800 0.762766 0.94582 -33.43404
5.69897 14.3800 0.762766 0.96358 -37.09476
5.69897 14.3800 0.762766 0.98134 -40.91051
5.69897 14.3800 0.762766 0.99910 -44.88778
5.69897 14.3800 0.762766 1.01686 -49.03329
5.69897 14.3800 0.762766 1.03462 -53.35406
5.69897 14.3800 0.762766 1.05238 -57.85741
5.69897 14.3800 0.762766 1.07014 -62.55100
5.69897 14.3800 0.762766 1.08790 -67.44270
5.69897 14.3800 0.762766 1.10567 -72.54082
5.69897 14.3800 0.762766 1.12343 -77.85400
5.69897 14.3800 0.762766 1.14119 -83.39116
5.69897 14.3800 0.762766 1.15895 -89.16168
5.69897 14.3800 0.762766 1.17671 -95.17530
5.69897 14.3800 0.762766 1.19447 -101.44221
5.69897 14.3800 0.762766 1.21223 -107.97290
5.69897 14.3800 0.762766 1.22999 -114.77842
5.69897 14.3800 0.762766 1.24775 -121.87029
5.69897 14.3800 0.762766 1.26551 -129.26037
5.69897 14.3800 0.762766 1.28327 -136.96116
5.69897 14.3800 0.762766 1.30103 -144.98567
5.69897 14.3800 0.898333 -1.52288 18.27546
5.69897 14.3800 0.898333 -1.50512 18.32148
5.69897 14.3800 0.898333 -1.48736 18.34363
5.69897 14.3800 0.898333 -1.46960 18.34928
5.69897 14.3800 0.898333 -1.45184 18.37161
5.69897 14.3800 0.898333 -1.43408 18.39468
5.69897 14.3800 0.898333 -1.41632 18.41199
5.69897 14.3800 0.898333 -1.39856 18.43737
5.69897 14.3800 0.898333 -1.38080 18.47020
5.69897 14.3800 0.898333 -1.36303 18.49080
5.69897 14.3800 0.898333 -1.34527 18.50970
5.69897 14.3800 0.898333 -1.32751 18.53816
5.69897 14.3800 0.898333 -1.30975 18.56024
5.69897 14.3800 0.898333 -1.29199 18.57418
5.69897 14.3800 0.898333 -1.27423 18.59349
5.69897 14.3800 0.898333 -1.25647 18.61460
5.69897 14.3800 0.898333 -1.23871 18.63365
5.69897 14.3800 0.898333 -1.22095 18.65260
5.69897 14.3800 0.898333 -1.20319 18.67142
5.69897 14.3800 0.898333 -1.18543 18.68682
5.69897 14.3800 0.898333 -1.16767 18.70048
5.69897 14.3800 0.898333 -1.14991 18.71315
5.69897 14.3800 0.898333 -1.13215 18.72580
5.69897 14.3800 0.898333 -1.11439 18.73828
5.69897 14.3800 0.898333 -1.09663 18.74783
5.69897 14.3800 0.898333 -1.07887 18.75525
5.69897 14.3800 0.898333 -1.06111 18.76016
5.69897 14.3800 0.898333 -1.04335 18.76392
5.69897 14.3800 0.898333 -1.02559 18.76370
5.69897 14.3800 0.898333 -1.00783 18.76130
5.69897 14.3800 0.898333 -0.99007 18.75649
5.69897 14.3800 0.898333 -0.97231 18.74669
5.69897 14.3800 0.898333 -0.95454 18.73450
5.69897 14.3800 0.898333 -0.93678 18.71703
5.69897 14.3800 0.898333 -0.91902 18.69607
5.69897 14.3800 0.898333 -0.90126 18.67014
5.69897 14.3800 0.898333 -0.88350 18.63937
5.69897 14.3800 0.898333 -0.86574 18.60389
5.69897 14.3800 0.898333 -0.84798 18.56100
5.69897 14.3800 0.898333 -0.83022 18.51106
5.69897 14.3800 0.898333 -0.81246 18.45154
5.69897 14.3800 0.898333 -0.79470 18.38024
5.69897 14.3800 0.898333 -0.77694 18.29149
5.69897 14.3800 0.898333 -0.75918 18.17702
5.69897 14.3800 0.898333 -0.74142 18.01243
5.69897 14.3800 0.898333 -0.72366 17.71547
5.69897 14.3800 0.898333 -0.70590 16.99437
5.69897 14.3800 0.898333 -0.68814 17.23270
5.69897 14.3800 0.898333 -0.67038 17.67083
5.69897 14.3800 0.898333 -0.65262 17.83650
5.69897 14.3800 0.898333 -0.63486 17.91516
5.69897 14.3800 0.898333 -0.61710 17.96925
5.69897 14.3800 0.898333 -0.59934 18.00668
5.69897 14.3800 0.898333 -0.58158 18.02961
5.69897 14.3800 0.898333 -0.56382 18.04791
5.69897 14.3800 0.898333 -0.54605 18.05620
5.69897 14.3800 0.898333 -0.52829 18.06093
5.69897 14.3800 0.898333 -0.51053 18.06060
5.69897 14.3800 0.898333 -0.49277 18.05502
5.69897 14.3800 0.898333 -0.47501 18.04690
5.69897 14.3800 0.898333 -0.45725 18.03273
5.69897 14.3800 0.898333 -0.43949 18.01614
5.69897 14.3800 0.898333 -0.42173 17.99549
5.69897 14.3800 0.898333 -0.40397 17.97139
5.69897 14.3800 0.898333 -0.38621 17.94390
5.69897 14.3800 0.898333 -0.36845 17.91284
5.69897 14.3800 0.898333 -0.35069 17.87831
5.69897 14.3800 0.898333 -0.33293 17.84034
5.69897 14.3800 0.898333 -0.31517 17.79916
5.69897 14.3800 0.898333 -0.29741 17.75353
5.69897 14.3800 0.898333 -0.27965 17.70622
5.69897 14.3800 0.898333 -0.26189 17.65336
5.69897 14.3800 0.898333 -0.24413 17.59886
5.69897 14.3800 0.898333 -0.22637 17.54001
5.69897 14.3800 0.898333 -0.20861 17.47620
5.69897 14.3800 0.898333 -0.19085 17.41191
5.69897 14.3800 0.898333 -0.17309 17.33912
5.69897 14.3800 0.898333 -0.15533 17.26810
5.69897 14.3800 0.898333 -0.13757 17.18973
5.69897 14.3800 0.898333 -0.11980 17.10720
5.69897 14.3800 0.898333 -0.10204 17.02413
5.69897 14.3800 0.898333 -0.08428 16.92865
5.69897 14.3800 0.898333 -0.06652 16.84099
5.69897 14.3800 0.898333 -0.04876 16.74035
5.69897 14.3800 0.898333 -0.03100 16.63845
5.69897 14.3800 0.898333 -0.01324 16.53399
5.69897 14.3800 0.898333 0.00452 16.41389
5.69897 14.3800 0.898333 0.02228 16.30786
5.69897 14.3800 0.898333 0.04004 16.18124
5.69897 14.3800 0.898333 0.05780 16.05954
5.69897 14.3800 0.898333 0.07556 15.93014
5.69897 14.3800 0.898333 0.09332 15.78553
5.69897 14.3800 0.898333 0.11108 15.65665
5.69897 14.3800 0.898333 0.12884 15.49934
5.69897 14.3800 0.898333 0.14660 15.35773
5.69897 14.3800 0.898333 0.16436 15.19874
5.69897 14.3800 0.898333 0.18212 15.02884
5.69897 14.3800 0.898333 0.19988 14.87290
5.69897 14.3800 0.898333 0.21764 14.67906
5.69897 14.3800 0.898333 0.23540 14.51804
5.69897 14.3800 0.898333 0.25316 14.32358
5.69897 14.3800 0.898333 0.27092 14.12832
5.69897 14.3800 0.898333 0.28869 13.93969
5.69897 14.3800 0.898333 0.30645 13.70222
5.69897 14.3800 0.898333 0.32421 13.52293
5.69897 14.3800 0.898333 0.34197 13.28576
5.69897 14.3800 0.898333 0.35973 13.06617
5.69897 14.3800 0.898333 0.37749 12.83764
5.69897 14.3800 0.898333 0.39525 12.55618
5.69897 14.3800 0.898333 0.41301 12.35269
5.69897 14.3800 0.898333 0.43077 12.06417
5.69897 14.3800 0.898333 0.44853 11.82247
5.69897 14.3800 0.898333 0.46629 11.54511
5.69897 14.3800 0.898333 0.48405 11.23068
5.69897 14.3800 0.898333 0.50181 10.98560
5.69897 14.3800 0.898333 0.51957 10.63629
5.69897 14.3800 0.898333 0.53733 10.37627
5.69897 14.3800 0.898333 0.55509 10.04009
5.69897 14.3800 0.898333 0.57285 9.69821
5.69897 14.3800 0.898333 0.59061 9.40071
5.69897 14.3800 0.898333 0.60837 8.98173
5.69897 14.3800 0.898333 0.62613 8.70884
5.69897 14.3800 0.898333 0.64389 8.30496
5.69897 14.3800 0.898333 0.66165 7.94506
5.69897 14.3800 0.898333 0.67941 6.56185
5.69897 14.3800 0.898333 0.69718 4.60402
5.69897 14.3800 0.898333 0.71494 2.56225
5.69897 14.3800 0.898333 0.73270 0.43301
5.69897 14.3800 0.898333 0.75046 -1.78732
5.69897 14.3800 0.898333 0.76822 -4.10257
5.69897 14.3800 0.898333 0.78598 -6.51668
5.69897 14.3800 0.898333 0.80374 -9.03378
5.69897 14.3800 0.898333 0.82150 -11.65819
5.69897 14.3800 0.898333 0.83926 -14.39436
5.69897 14.3800 0.898333 0.85702 -17.24698
5.69897 14.3800 0.898333 0.87478 -20.22089
5.69897 14.3800 0.898333 0.89254 -23.32117
5.69897 14.3800 0.898333 0.91030 -26.55309
5.69897 14.3800 0.898333 0.92806 -29.92213
5.69897 14.3800 0.898333 0.94582 -33.43404
5.69897 14.3800 0.898333 0.96358 -37.09476
5.69897 14.3800 0.898333 0.98134 -40.91051
5.69897 14.3800 0.898333 0.99910 -44.88778
5.69897 14.3800 0.898333 1.01686 -49.03329
5.69897 14.3800 0.898333 1.03462 -53.35406
5.69897 14.3800 0.898333 1.05238 -57.85741
5.69897 14.3800 0.898333 1.07014 -62.55100
5.69897 14.3800 0.898333 1.08790 -67.44270
5.69897 14.3800 0.898333 1.10567 -72.54082
5.69897 14.3800 0.898333 1.12343 -77.85400
5.69897 14.3800 0.898333 1.14119 -83.39116
5.69897 14.3800 0.898333 1.15895 -89.16168
5.69897 14.3800 0.898333 1.17671 -95.17530
5.69897 14.3800 0.898333 1.19447 -101.44221
5.69897 14.3800 0.898333 1.21223 -107.97290
5.69897 14.3800 0.898333 1.22999 -114.77842
5.69897 14.3800 0.898333 1.24775 -121.87029
5.69897 14.3800 0.898333 1.26551 -129.26037
5.69897 14.3800 0.898333 1.28327 -136.96116
5.69897 14.3800 0.898333 1.30103 -144.98567
5.69897 14.3800 0.980145 -1.52288 18.30606
5.69897 14.3800 0.980145 -1.50512 18.32510
5.69897 14.3800 0.980145 -1.48736 18.34317
5.69897 14.3800 0.980145 -1.46960 18.36055
5.69897 14.3800 0.980145 -1.45184 18.38695
5.69897 14.3800 0.980145 -1.43408 18.41296
5.69897 14.3800 0.980145 -1.41632 18.43379
5.69897 14.3800 0.980145 -1.39856 18.45646
5.69897 14.3800 0.980145 -1.38080 18.48087
5.69897 14.3800 0.980145 -1.36303 18.50743
5.69897 14.3800 0.980145 -1.34527 18.53373
5.69897 14.3800 0.980145 -1.32751 18.55667
5.69897 14.3800 0.980145 -1.30975 18.57694
5.69897 14.3800 0.980145 -1.29199 18.59376
5.69897 14.3800 0.980145 -1.27423 18.61282
5.69897 14.3800 0.980145 -1.25647 18.63242
5.69897 14.3800 0.980145 -1.23871 18.64501
5.69897 14.3800 0.980145 -1.22095 18.65955
5.69897 14.3800 0.980145 -1.20319 18.67761
5.69897 14.3800 0.980145 -1.18543 18.68920
5.69897 14.3800 0.980145 -1.16767 18.69741
5.69897 14.3800 0.980145 -1.14991 18.70530
5.69897 14.3800 0.980145 -1.13215 18.71170
5.69897 14.3800 0.980145 -1.11439 18.71360
5.69897 14.3800 0.980145 -1.09663 18.71315
5.69897 14.3800 0.980145 -1.07887 18.71082
5.69897 14.3800 0.980145 -1.06111 18.70343
5.69897 14.3800 0.980145 -1.04335 18.69399
5.69897 14.3800 0.980145 -1.02559 18.67987
5.69897 14.3800 0.980145 -1.00783 18.66351
5.69897 14.3800 0.980145 -0.99007 18.64454
5.69897 14.3800 0.980145 -0.97231 18.62327
5.69897 14.3800 0.980145 -0.95454 18.59975
5.69897 14.3800 0.980145 -0.93678 18.57337
5.69897 14.3800 0.980145 -0.91902 18.54428
5.69897 14.3800 0.980145 -0.90126 18.51207
5.69897 14.3800 0.980145 -0.88350 18.47581
5.69897 14.3800 0.980145 -0.86574 18.43453
5.69897 14.3800 0.980145 -0.84798 18.38708
5.69897 14.3800 0.980145 -0.83022 18.33160
5.69897 14.3800 0.980145 -0.81246 18.26552
5.69897 14.3800 0.980145 -0.79470 18.18468
5.69897 14.3800 0.980145 -0.77694 18.08106
5.69897 14.3800 0.980145 -0.75918 17.94064
5.69897 14.3800 0.980145 -0.74142 17.73149
5.69897 14.3800 0.980145 -0.72366 17.39193
5.69897 14.3800 0.980145 -0.70590 16.96027
5.69897 14.3800 0.980145 -0.68814 16.98927
5.69897 14.3800 0.980145 -0.67038 17.29635
5.69897 14.3800 0.980145 -0.65262 17.48813
5.69897 14.3800 0.980145 -0.63486 17.58275
5.69897 14.3800 0.980145 -0.61710 17.63954
5.69897 14.3800 0.980145 -0.59934 17.67099
5.69897 14.3800 0.980145 -0.58158 17.67954
5.69897 14.3800 0.980145 -0.56382 17.68109
5.69897 14.3800 0.980145 -0.54605 17.66870
5.69897 14.3800 0.980145 -0.52829 17.65177
5.69897 14.3800 0.980145 -0.51053 17.62804
5.69897 14.3800 0.980145 -0.49277 17.59884
5.69897 14.3800 0.980145 -0.47501 17.56494
5.69897 14.3800 0.980145 -0.45725 17.52632
5.69897 14.3800 0.980145 -0.43949 17.48322
5.69897 14.3800 0.980145 -0.42173 17.43572
5.69897 14.3800 0.980145 -0.40397 17.38475
5.69897 14.3800 0.980145 -0.38621 17.32732
5.69897 14.3800 0.980145 -0.36845 17.26961
5.69897 14.3800 0.980145 -0.35069 17.20453
5.69897 14.3800 0.980145 -0.33293 17.13732
5.69897 14.3800 0.980145 -0.31517 17.06588
5.69897 14.3800 0.980145 -0.29741 16.98684
5.69897 14.3800 0.980145 -0.27965 16.91016
5.69897 14.3800 0.980145 -0.26189 16.82213
5.69897 14.3800 0.980145 -0.24413 16.73617
5.69897 14.3800 0.980145 -0.22637 16.64275
5.69897 14.3800 0.980145 -0.20861 16.54218
5.69897 14.3800 0.980145 -0.19085 16.44496
5.69897 14.3800 0.980145 -0.17309 16.33132
5.69897 14.3800 0.980145 -0.15533 16.22709
5.69897 14.3800 0.980145 -0.13757 16.10898
5.69897 14.3800 0.980145 -0.11980 15.98677
5.69897 14.3800 0.980145 -0.10204 15.86645
5.69897 14.3800 0.980145 -0.08428 15.72351
5.69897 14.3800 0.980145 -0.06652 15.60161
5.69897 14.3800 0.980145 -0.04876 15.45512
5.69897 14.3800 0.980145 -0.03100 15.31144
5.69897 14.3800 0.980145 -0.01324 15.16452
5.69897 14.3800 0.980145 0.00452 14.99131
5.69897 14.3800 0.980145 0.02228 14.84920
5.69897 14.3800 0.980145 0.04004 14.66979
5.69897 14.3800 0.980145 0.05780 14.50548
5.69897 14.3800 0.980145 0.07556 14.32764
5.69897 14.3800 0.980145 0.09332 14.12760
5.69897 14.3800 0.980145 0.11108 13.95858
5.69897 14.3800 0.980145 0.12884 13.74148
5.69897 14.3800 0.980145 0.14660 13.55863
5.69897 14.3800 0.980145 0.16436 13.34552
5.69897 14.3800 0.980145 0.18212 13.12151
5.69897 14.3800 0.980145 0.19988 12.92217
5.69897 14.3800 0.980145 0.21764 12.66495
5.69897 14.3800 0.980145 0.23540 12.46873
5.69897 14.3800 0.980145 0.25316 12.22009
5.69897 14.3800 0.980145 0.27092 11.98159
5.69897 14.3800 0.980145 0.28869 11.75448
5.69897 14.3800 0.980145 0.30645 11.46776
5.69897 14.3800 0.980145 0.32421 11.27144
5.69897 14.3800 0.980145 0.34197 11.00504
5.69897 14.3800 0.980145 0.35973 10.77599
5.69897 14.3800 0.980145 0.37749 10.54309
5.69897 14.3800 0.980145 0.39525 10.27253
5.69897 14.3800 0.980145 0.41301 10.08623
5.69897 14.3800 0.980145 0.43077 9.83577
5.69897 14.3800 0.980145 0.44853 9.63163
5.69897 14.3800 0.980145 0.46629 9.40889
5.69897 14.3800 0.980145 0.48405 9.16657
5.69897 14.3800 0.980145 0.50181 8.97284
5.69897 14.3800 0.980145 0.51957 8.71829
5.69897 14.3800 0.980145 0.53733 8.51333
5.69897 14.3800 0.980145 0.55509 8.26893
5.69897 14.3800 0.980145 0.57285 8.01307
5.69897 14.3800 0.980145 0.59061 7.78724
5.69897 14.3800 0.980145 0.60837 7.48602
5.69897 14.3800 0.980145 0.62613 7.26288
5.69897 14.3800 0.980145 0.64389 6.96584
5.69897 14.3800 0.980145 0.66165 6.68044
5.69897 14.3800 0.980145 0.67941 6.40278
5.69897 14.3800 0.980145 0.69718 4.60402
5.69897 14.3800 0.980145 0.71494 2.56225
5.69897 14.3800 0.980145 0.73270 0.43301
5.69897 14.3800 0.980145 0.75046 -1.78732
5.69897 14.3800 0.980145 0.76822 -4.10257
5.69897 14.3800 0.980145 0.78598 -6.51668
5.69897 14.3800 0.980145 0.80374 -9.03378
5.69897 14.3800 0.980145 0.82150 -11.65819
5.69897 14.3800 0.980145 0.83926 -14.39436
5.69897 14.3800 0.980145 0.85702 -17.24698
5.69897 14.3800 0.980145 0.87478 -20.22089
5.69897 14.3800 0.980145 0.89254 -23.32117
5.69897 14.3800 0.980145 0.91030 -26.55309
5.69897 14.3800 0.980145 0.92806 -29.92213
5.69897 14.3800 0.980145 0.94582 -33.43404
5.69897 14.3800 0.980145 0.96358 -37.09476
5.69897 14.3800 0.980145 0.98134 -40.91051
5.69897 14.3800 0.980145 0.99910 -44.88778
5.69897 14.3800 0.980145 1.01686 -49.03329
5.69897 14.3800 0.980145 1.03462 -53.35406
5.69897 14.3800 0.980145 1.05238 -57.85741
5.69897 14.3800 0.980145 1.07014 -62.55100
5.69897 14.3800 0.980145 1.08790 -67.44270
5.69897 14.3800 0.980145 1.10567 -72.54082
5.69897 14.3800 0.980145 1.12343 -77.85400
5.69897 14.3800 0.980145 1.14119 -83.39116
5.69897 14.3800 0.980145 1.15895 -89.16168
5.69897 14.3800 0.980145 1.17671 -95.17530
5.69897 14.3800 0.980145 1.19447 -101.44221
5.69897 14.3800 0.980145 1.21223 -107.97290
5.69897 14.3800 0.980145 1.22999 -114.77842
5.69897 14.3800 0.980145 1.24775 -121.87029
5.69897 14.3800 0.980145 1.26551 -129.26037
5.69897 14.3800 0.980145 1.28327 -136.96116
5.69897 14.3800 0.980145 1.30103 -144.98567
5.79934 14.3800 0.019855 -1.52288 18.04202
5.79934 14.3800 0.019855 -1.50512 18.06708
5.79934 14.3800 0.019855 -1.48736 18.09234
5.79934 14.3800 0.019855 -1.46960 18.11764
5.79934 14.3800 0.019855 -1.45184 18.14200
5.79934 14.3800 0.019855 -1.43408 18.16596
5.79934 14.3800 0.019855 -1.41632 18.18964
5.79934 14.3800 0.019855 -1.39856 18.21288
5.79934 14.3800 0.019855 -1.38080 18.23569
5.79934 14.3800 0.019855 -1.36303 18.25832
5.79934 14.3800 0.019855 -1.34527 18.28067
5.79934 14.3800 0.019855 -1.32751 18.30220
5.79934 14.3800 0.019855 -1.30975 18.32321
5.79934 14.3800 0.019855 -1.29199 18.34362
5.79934 14.3800 0.019855 -1.27423 18.36335
5.79934 14.3800 0.019855 -1.25647 18.38275
5.79934 14.3800 0.019855 -1.23871 18.40099
5.79934 14.3800 0.019855 -1.22095 18.41871
5.79934 14.3800 0.019855 -1.20319 18.43550
5.79934 14.3800 0.019855 -1.18543 18.45119
5.79934 14.3800 0.019855 -1.16767 18.46635
5.79934 14.3800 0.019855 -1.14991 18.47990
5.79934 14.3800 0.019855 -1.13215 18.49285
5.79934 14.3800 0.019855 -1.11439 18.50413
5.79934 14.3800 0.019855 -1.09663 18.51405
5.79934 14.3800 0.019855 -1.07887 18.52299
5.79934 14.3800 0.019855 -1.06111 18.52940
5.79934 14.3800 0.019855 -1.04335 18.53493
5.79934 14.3800 0.019855 -1.02559 18.53772
5.79934 14.3800 0.019855 -1.00783 18.53857
5.79934 14.3800 0.019855 -0.99007 18.53734
5.79934 14.3800 0.019855 -0.97231 18.53233
5.79934 14.3800 0.019855 -0.95454 18.52552
5.79934 14.3800 0.019855 -0.93678 18.51352
5.79934 14.3800 0.019855 -0.91902 18.49823
5.79934 14.3800 0.019855 -0.90126 18.47810
5.79934 14.3800 0.019855 -0.88350 18.45126
5.79934 14.3800 0.019855 -0.86574 18.41920
5.79934 14.3800 0.019855 -0.84798 18.37595
5.79934 14.3800 0.019855 -0.83022 18.32369
5.79934 14.3800 0.019855 -0.81246 18.25680
5.79934 14.3800 0.019855 -0.79470 18.17324
5.79934 14.3800 0.019855 -0.77694 18.06417
5.79934 14.3800 0.019855 -0.75918 17.92800
5.79934 14.3800 0.019855 -0.74142 17.75276
5.79934 14.3800 0.019855 -0.72366 17.53979
5.79934 14.3800 0.019855 -0.70590 17.25448
5.79934 14.3800 0.019855 -0.68814 17.28717
5.79934 14.3800 0.019855 -0.67038 17.42839
5.79934 14.3800 0.019855 -0.65262 17.55320
5.79934 14.3800 0.019855 -0.63486 17.66005
5.79934 14.3800 0.019855 -0.61710 17.74177
5.79934 14.3800 0.019855 -0.59934 17.80674
5.79934 14.3800 0.019855 -0.58158 17.84692
5.79934 14.3800 0.019855 -0.56382 17.87848
5.79934 14.3800 0.019855 -0.54605 17.89076
5.79934 14.3800 0.019855 -0.52829 17.89644
5.79934 14.3800 0.019855 -0.51053 17.89282
5.79934 14.3800 0.019855 -0.49277 17.88077
5.79934 14.3800 0.019855 -0.47501 17.86434
5.79934 14.3800 0.019855 -0.45725 17.83955
5.79934 14.3800 0.019855 -0.43949 17.81103
5.79934 14.3800 0.019855 -0.42173 17.77691
5.79934 14.3800 0.019855 -0.40397 17.73850
5.79934 14.3800 0.019855 -0.38621 17.69467
5.79934 14.3800 0.019855 -0.36845 17.64787
5.79934 14.3800 0.019855 -0.35069 17.59531
5.79934 14.3800 0.019855 -0.33293 17.53931
5.79934 14.3800 0.019855 -0.31517 17.47918
5.79934 14.3800 0.019855 -0.29741 17.41231
5.79934 14.3800 0.019855 -0.27965 17.34563
5.79934 14.3800 0.019855 -0.26189 17.26967
5.79934 14.3800 0.019855 -0.24413 17.19376
5.79934 14.3800 0.019855 -0.22637 17.11135
5.79934 14.3800 0.019855 -0.20861 17.02213
5.79934 14.3800 0.019855 -0.19085 16.93462
5.79934 14.3800 0.019855 -0.17309 16.83312
5.79934 14.3800 0.019855 -0.15533 16.73809
5.79934 14.3800 0.019855 -0.13757 16.63123
5.79934 14.3800 0.019855 -0.11980 16.51996
5.79934 14.3800 0.019855 -0.10204 16.40988
5.79934 14.3800 0.019855 -0.08428 16.28030
5.79934 14.3800 0.019855 -0.06652 16.16793
5.79934 14.3800 0.019855 -0.04876 16.03499
5.79934 14.3800 0.019855 -0.03100 15.90430
5.79934 14.3800 0.019855 -0.01324 15.77175
5.79934 14.3800 0.019855 0.00452 15.61823
5.79934 14.3800 0.019855 0.02228 15.49195
5.79934 14.3800 0.019855 0.04004 15.33798
5.79934 14.3800 0.019855 0.05780 15.19897
5.79934 14.3800 0.019855 0.07556 15.05420
5.79934 14.3800 0.019855 0.09332 14.89933
5.79934 14.3800 0.019855 0.11108 14.77207
5.79934 14.3800 0.019855 0.12884 14.62285
5.79934 14.3800 0.019855 0.14660 14.50104
5.79934 14.3800 0.019855 0.16436 14.37258
5.79934 14.3800 0.019855 0.18212 14.24786
5.79934 14.3800 0.019855 0.19988 14.14009
5.79934 14.3800 0.019855 0.21764 14.01964
5.79934 14.3800 0.019855 0.23540 13.92021
5.79934 14.3800 0.019855 0.25316 13.81072
5.79934 14.3800 0.019855 0.27092 13.70289
5.79934 14.3800 0.019855 0.28869 13.59880
5.79934 14.3800 0.019855 0.30645 13.47914
5.79934 14.3800 0.019855 0.32421 13.37499
5.79934 14.3800 0.019855 0.34197 13.25320
5.79934 14.3800 0.019855 0.35973 13.13181
5.79934 14.3800 0.019855 0.37749 13.00759
5.79934 14.3800 0.019855 0.39525 12.86231
5.79934 14.3800 0.019855 0.41301 12.73785
5.79934 14.3800 0.019855 0.43077 12.58461
5.79934 14.3800 0.019855 0.44853 12.43921
5.79934 14.3800 0.019855 0.46629 12.28284
5.79934 14.3800 0.019855 0.48405 12.10532
5.79934 14.3800 0.019855 0.50181 11.95111
5.79934 14.3800 0.019855 0.51957 11.75554
5.79934 14.3800 0.019855 0.53733 11.58436
5.79934 14.3800 0.019855 0.55509 11.38675
5.79934 14.3800 0.019855 0.57285 11.17451
5.79934 14.3800 0.019855 0.59061 10.98297
5.79934 14.3800 0.019855 0.60837 10.73419
5.79934 14.3800 0.019855 0.62613 10.53771
5.79934 14.3800 0.019855 0.64389 10.28771
5.79934 14.3800 0.019855 0.66165 10.04012
5.79934 14.3800 0.019855 0.67941 9.80033
5.79934 14.3800 0.019855 0.69718 9.48415
5.79934 14.3800 0.019855 0.71494 9.26399
5.79934 14.3800 0.019855 0.73270 8.94630
5.79934 14.3800 0.019855 0.75046 8.66440
5.79934 14.3800 0.019855 0.76822 8.09460
5.79934 14.3800 0.019855 0.78598 6.18963
5.79934 14.3800 0.019855 0.80374 4.20292
5.79934 14.3800 0.019855 0.82150 2.13105
5.79934 14.3800 0.019855 0.83926 -0.02952
5.79934 14.3800 0.019855 0.85702 -2.28251
5.79934 14.3800 0.019855 0.87478 -4.63177
5.79934 14.3800 0.019855 0.89254 -7.08131
5.79934 14.3800 0.019855 0.91030 -9.63534
5.79934 14.3800 0.019855 0.92806 -12.29819
5.79934 14.3800 0.019855 0.94582 -15.07443
5.79934 14.3800 0.019855 0.96358 -17.96878
5.79934 14.3800 0.019855 0.98134 -20.98616
5.79934 14.3800 0.019855 0.99910 -24.13173
5.79934 14.3800 0.019855 1.01686 -27.41083
5.79934 14.3800 0.019855 1.03462 -30.82902
5.79934 14.3800 0.019855 1.05238 -34.39212
5.79934 14.3800 0.019855 1.07014 -38.10620
5.79934 14.3800 0.019855 1.08790 -41.97751
5.79934 14.3800 0.019855 1.10567 -46.01265
5.79934 14.3800 0.019855 1.12343 -50.21848
5.79934 14.3800 0.019855 1.14119 -54.60206
5.79934 14.3800 0.019855 1.15895 -59.17085
5.79934 14.3800 0.019855 1.17671 -63.93258
5.79934 14.3800 0.019855 1.19447 -68.89533
5.79934 14.3800 0.019855 1.21223 -74.06742
5.79934 14.3800 0.019855 1.22999 -79.45764
5.79934 14.3800 0.019855 1.24775 -85.07513
5.79934 14.3800 0.019855 1.26551 -90.92928
5.79934 14.3800 0.019855 1.28327 -97.03003
5.79934 14.3800 0.019855 1.30103 -103.38771
5.79934 14.3800 0.101667 -1.52288 18.17203
5.79934 14.3800 0.101667 -1.50512 18.19643
5.79934 14.3800 0.101667 -1.48736 18.22092
5.79934 14.3800 0.101667 -1.46960 18.24538
5.79934 14.3800 0.101667 -1.45184 18.27019
5.79934 14.3800 0.101667 -1.43408 18.29489
5.79934 14.3800 0.101667 -1.41632 18.32001
5.79934 14.3800 0.101667 -1.39856 18.34395
5.79934 14.3800 0.101667 -1.38080 18.36679
5.79934 14.3800 0.101667 -1.36303 18.38962
5.79934 14.3800 0.101667 -1.34527 18.41232
5.79934 14.3800 0.101667 -1.32751 18.43533
5.79934 14.3800 0.101667 -1.30975 18.45769
5.79934 14.3800 0.101667 -1.29199 18.47930
5.79934 14.3800 0.101667 -1.27423 18.49972
5.79934 14.3800 0.101667 -1.25647 18.51967
5.79934 14.3800 0.101667 -1.23871 18.54033
5.79934 14.3800 0.101667 -1.22095 18.55997
5.79934 14.3800 0.101667 -1.20319 18.57781
5.79934 14.3800 0.101667 -1.18543 18.59516
5.79934 14.3800 0.101667 -1.16767 18.61228
5.79934 14.3800 0.101667 -1.14991 18.62764
5.79934 14.3800 0.101667 -1.13215 18.64248
5.79934 14.3800 0.101667 -1.11439 18.65600
5.79934 14.3800 0.101667 -1.09663 18.66858
5.79934 14.3800 0.101667 -1.07887 18.68050
5.79934 14.3800 0.101667 -1.06111 18.68991
5.79934 14.3800 0.101667 -1.04335 18.69859
5.79934 14.3800 0.101667 -1.02559 18.70506
5.79934 14.3800 0.101667 -1.00783 18.70993
5.79934 14.3800 0.101667 -0.99007 18.71313
5.79934 14.3800 0.101667 -0.97231 18.71306
5.79934 14.3800 0.101667 -0.95454 18.71160
5.79934 14.3800 0.101667 -0.93678 18.70572
5.79934 14.3800 0.101667 -0.91902 18.69740
5.79934 14.3800 0.101667 -0.90126 18.68551
5.79934 14.3800 0.101667 -0.88350 18.66832
5.79934 14.3800 0.101667 -0.86574 18.64763
5.79934 14.3800 0.101667 -0.84798 18.61801
5.79934 14.3800 0.101667 -0.83022 18.58209
5.79934 14.3800 0.101667 -0.81246 18.53524
5.79934 14.3800 0.101667 -0.79470 18.47317
5.79934 14.3800 0.101667 -0.77694 18.39266
5.79934 14.3800 0.101667 -0.75918 18.27519
5.79934 14.3800 0.101667 -0.74142 18.09823
5.79934 14.3800 0.101667 -0.72366 17.81400
5.79934 14.3800 0.101667 -0.70590 17.38464
5.79934 14.3800 0.101667 -0.68814 17.48280
5.79934 14.3800 0.101667 -0.67038 17.79157
5.79934 14.3800 0.101667 -0.65262 17.99448
5.79934 14.3800 0.101667 -0.63486 18.11018
5.79934 14.3800 0.101667 -0.61710 18.18747
5.79934 14.3800 0.101667 -0.59934 18.24109
5.79934 14.3800 0.101667 -0.58158 18.27420
5.79934 14.3800 0.101667 -0.56382 18.30081
5.79934 14.3800 0.101667 -0.54605 18.31517
5.79934 14.3800 0.101667 -0.52829 18.32556
5.79934 14.3800 0.101667 -0.51053 18.33051
5.79934 14.3800 0.101667 -0.49277 18.33003
5.79934 14.3800 0.101667 -0.47501 18.32718
5.79934 14.3800 0.101667 -0.45725 18.31830
5.79934 14.3800 0.101667 -0.43949 18.30724
5.79934 14.3800 0.101667 -0.42173 18.29218
5.79934 14.3800 0.101667 -0.40397 18.27371
5.79934 14.3800 0.101667 -0.38621 18.25235
5.79934 14.3800 0.101667 -0.36845 18.22701
5.79934 14.3800 0.101667 -0.35069 18.19877
5.79934 14.3800 0.101667 -0.33293 18.16703
5.79934 14.3800 0.101667 -0.31517 18.13218
5.79934 14.3800 0.101667 -0.29741 18.09336
5.79934 14.3800 0.101667 -0.27965 18.05221
5.79934 14.3800 0.101667 -0.26189 18.00637
5.79934 14.3800 0.101667 -0.24413 17.95824
5.79934 14.3800 0.101667 -0.22637 17.90615
5.79934 14.3800 0.101667 -0.20861 17.84944
5.79934 14.3800 0.101667 -0.19085 17.79158
5.79934 14.3800 0.101667 -0.17309 17.72639
5.79934 14.3800 0.101667 -0.15533 17.66171
5.79934 14.3800 0.101667 -0.13757 17.59057
5.79934 14.3800 0.101667 -0.11980 17.51527
5.79934 14.3800 0.101667 -0.10204 17.43898
5.79934 14.3800 0.101667 -0.08428 17.35175
5.79934 14.3800 0.101667 -0.06652 17.27039
5.79934 14.3800 0.101667 -0.04876 17.17763
5.79934 14.3800 0.101667 -0.03100 17.08313
5.79934 14.3800 0.101667 -0.01324 16.98607
5.79934 14.3800 0.101667 0.00452 16.87496
5.79934 14.3800 0.101667 0.02228 16.77551
5.79934 14.3800 0.101667 0.04004 16.65786
5.79934 14.3800 0.101667 0.05780 16.54388
5.79934 14.3800 0.101667 0.07556 16.42301
5.79934 14.3800 0.101667 0.09332 16.28826
5.79934 14.3800 0.101667 0.11108 16.16706
5.79934 14.3800 0.101667 0.12884 16.02064
5.79934 14.3800 0.101667 0.14660 15.88753
5.79934 14.3800 0.101667 0.16436 15.73920
5.79934 14.3800 0.101667 0.18212 15.58076
5.79934 14.3800 0.101667 0.19988 15.43471
5.79934 14.3800 0.101667 0.21764 15.25534
5.79934 14.3800 0.101667 0.23540 15.10443
5.79934 14.3800 0.101667 0.25316 14.92491
5.79934 14.3800 0.101667 0.27092 14.74440
5.79934 14.3800 0.101667 0.28869 14.57051
5.79934 14.3800 0.101667 0.30645 14.35527
5.79934 14.3800 0.101667 0.32421 14.18984
5.79934 14.3800 0.101667 0.34197 13.97727
5.79934 14.3800 0.101667 0.35973 13.77971
5.79934 14.3800 0.101667 0.37749 13.57751
5.79934 14.3800 0.101667 0.39525 13.33488
5.79934 14.3800 0.101667 0.41301 13.15558
5.79934 14.3800 0.101667 0.43077 12.91495
5.79934 14.3800 0.101667 0.44853 12.71060
5.79934 14.3800 0.101667 0.46629 12.48650
5.79934 14.3800 0.101667 0.48405 12.23970
5.79934 14.3800 0.101667 0.50181 12.04401
5.79934 14.3800 0.101667 0.51957 11.78751
5.79934 14.3800 0.101667 0.53733 11.58547
5.79934 14.3800 0.101667 0.55509 11.34726
5.79934 14.3800 0.101667 0.57285 11.10372
5.79934 14.3800 0.101667 0.59061 10.89126
5.79934 14.3800 0.101667 0.60837 10.61622
5.79934 14.3800 0.101667 0.62613 10.41062
5.79934 14.3800 0.101667 0.64389 10.14623
5.79934 14.3800 0.101667 0.66165 9.89133
5.79934 14.3800 0.101667 0.67941 9.64589
5.79934 14.3800 0.101667 0.69718 9.32495
5.79934 14.3800 0.101667 0.71494 9.10453
5.79934 14.3800 0.101667 0.73270 8.78655
5.79934 14.3800 0.101667 0.75046 8.50613
5.79934 14.3800 0.101667 0.76822 8.09460
5.79934 14.3800 0.101667 0.78598 6.18963
5.79934 14.3800 0.101667 0.80374 4.20292
5.79934 14.3800 0.101667 0.82150 2.13105
5.79934 14.3800 0.101667 0.83926 -0.02952
5.79934 14.3800 0.101667 0.85702 -2.28251
5.79934 14.3800 0.101667 0.87478 -4.63177
5.79934 14.3800 0.101667 0.89254 -7.08131
5.79934 14.3800 0.101667 0.91030 -9.63534
5.79934 14.3800 0.101667 0.92806 -12.29819
5.79934 14.3800 0.101667 0.94582 -15.07443
5.79934 14.3800 0.101667 0.96358 -17.96878
5.79934 14.3800 0.101667 0.98134 -20.98616
5.79934 14.3800 0.101667 0.99910 -24.13173
5.79934 14.3800 0.101667 1.01686 -27.41083
5.79934 14.3800 0.101667 1.03462 -30.82902
5.79934 14.3800 0.101667 1.05238 -34.39212
5.79934 14.3800 0.101667 1.07014 -38.10620
5.79934 14.3800 0.101667 1.08790 -41.97751
5.79934 14.3800 0.101667 1.10567 -46.01265
5.79934 14.3800 0.101667 1.12343 -50.21848
5.79934 14.3800 0.101667 1.14119 -54.60206
5.79934 14.3800 0.101667 1.15895 -59.17085
5.79934 14.3800 0.101667 1.17671 -63.93258
5.79934 14.3800 0.101667 1.19447 -68.89533
5.79934 14.3800 0.101667 1.21223 -74.06742
5.79934 14.3800 0.101667 1.22999 -79.45764
5.79934 14.3800 0.101667 1.24775 -85.07513
5.79934 14.3800 0.101667 1.26551 -90.92928
5.79934 14.3800 0.101667 1.28327 -97.03003
5.79934 14.3800 0.101667 1.30103 -103.38771
5.79934 14.3800 0.237234 -1.52288 18.24382
5.79934 14.3800 0.237234 -1.50512 18.27259
5.79934 14.3800 0.237234 -1.48736 18.29817
5.79934 14.3800 0.237234 -1.46960 18.32146
5.79934 14.3800 0.237234 -1.45184 18.34442
5.79934 14.3800 0.237234 -1.43408 18.36790
5.79934 14.3800 0.237234 -1.41632 18.39448
5.79934 14.3800 0.237234 -1.39856 18.41916
5.79934 14.3800 0.237234 -1.38080 18.44206
5.79934 14.3800 0.237234 -1.36303 18.46614
5.79934 14.3800 0.237234 -1.34527 18.48995
5.79934 14.3800 0.237234 -1.32751 18.51130
5.79934 14.3800 0.237234 -1.30975 18.53326
5.79934 14.3800 0.237234 -1.29199 18.55610
5.79934 14.3800 0.237234 -1.27423 18.57678
5.79934 14.3800 0.237234 -1.25647 18.59666
5.79934 14.3800 0.237234 -1.23871 18.61729
5.79934 14.3800 0.237234 -1.22095 18.63726
5.79934 14.3800 0.237234 -1.20319 18.65614
5.79934 14.3800 0.237234 -1.18543 18.67453
5.79934 14.3800 0.237234 -1.16767 18.69265
5.79934 14.3800 0.237234 -1.14991 18.70919
5.79934 14.3800 0.237234 -1.13215 18.72545
5.79934 14.3800 0.237234 -1.11439 18.74104
5.79934 14.3800 0.237234 -1.09663 18.75475
5.79934 14.3800 0.237234 -1.07887 18.76714
5.79934 14.3800 0.237234 -1.06111 18.77773
5.79934 14.3800 0.237234 -1.04335 18.78760
5.79934 14.3800 0.237234 -1.02559 18.79486
5.79934 14.3800 0.237234 -1.00783 18.80113
5.79934 14.3800 0.237234 -0.99007 18.80637
5.79934 14.3800 0.237234 -0.97231 18.80802
5.79934 14.3800 0.237234 -0.95454 18.80830
5.79934 14.3800 0.237234 -0.93678 18.80450
5.79934 14.3800 0.237234 -0.91902 18.79838
5.79934 14.3800 0.237234 -0.90126 18.78882
5.79934 14.3800 0.237234 -0.88350 18.77419
5.79934 14.3800 0.237234 -0.86574 18.75639
5.79934 14.3800 0.237234 -0.84798 18.73032
5.79934 14.3800 0.237234 -0.83022 18.69874
5.79934 14.3800 0.237234 -0.81246 18.65749
5.79934 14.3800 0.237234 -0.79470 18.60324
5.79934 14.3800 0.237234 -0.77694 18.53416
5.79934 14.3800 0.237234 -0.75918 18.43401
5.79934 14.3800 0.237234 -0.74142 18.28182
5.79934 14.3800 0.237234 -0.72366 18.00565
5.79934 14.3800 0.237234 -0.70590 17.48444
5.79934 14.3800 0.237234 -0.68814 17.63854
5.79934 14.3800 0.237234 -0.67038 18.01325
5.79934 14.3800 0.237234 -0.65262 18.20238
5.79934 14.3800 0.237234 -0.63486 18.30236
5.79934 14.3800 0.237234 -0.61710 18.37265
5.79934 14.3800 0.237234 -0.59934 18.42408
5.79934 14.3800 0.237234 -0.58158 18.46013
5.79934 14.3800 0.237234 -0.56382 18.49088
5.79934 14.3800 0.237234 -0.54605 18.51194
5.79934 14.3800 0.237234 -0.52829 18.52940
5.79934 14.3800 0.237234 -0.51053 18.54217
5.79934 14.3800 0.237234 -0.49277 18.54989
5.79934 14.3800 0.237234 -0.47501 18.55561
5.79934 14.3800 0.237234 -0.45725 18.55554
5.79934 14.3800 0.237234 -0.43949 18.55366
5.79934 14.3800 0.237234 -0.42173 18.54820
5.79934 14.3800 0.237234 -0.40397 18.53930
5.79934 14.3800 0.237234 -0.38621 18.52810
5.79934 14.3800 0.237234 -0.36845 18.51264
5.79934 14.3800 0.237234 -0.35069 18.49510
5.79934 14.3800 0.237234 -0.33293 18.47411
5.79934 14.3800 0.237234 -0.31517 18.45033
5.79934 14.3800 0.237234 -0.29741 18.42346
5.79934 14.3800 0.237234 -0.27965 18.39356
5.79934 14.3800 0.237234 -0.26189 18.36038
5.79934 14.3800 0.237234 -0.24413 18.32450
5.79934 14.3800 0.237234 -0.22637 18.28542
5.79934 14.3800 0.237234 -0.20861 18.24252
5.79934 14.3800 0.237234 -0.19085 18.19770
5.79934 14.3800 0.237234 -0.17309 18.14773
5.79934 14.3800 0.237234 -0.15533 18.09669
5.79934 14.3800 0.237234 -0.13757 18.04092
5.79934 14.3800 0.237234 -0.11980 17.98142
5.79934 14.3800 0.237234 -0.10204 17.92031
5.79934 14.3800 0.237234 -0.08428 17.85135
5.79934 14.3800 0.237234 -0.06652 17.78494
5.79934 14.3800 0.237234 -0.04876 17.71046
5.79934 14.3800 0.237234 -0.03100 17.63362
5.79934 14.3800 0.237234 -0.01324 17.55431
5.79934 14.3800 0.237234 0.00452 17.46462
5.79934 14.3800 0.237234 0.02228 17.38162
5.79934 14.3800 0.237234 0.04004 17.28563
5.79934 14.3800 0.237234 0.05780 17.19082
5.79934 14.3800 0.237234 0.07556 17.09069
5.79934 14.3800 0.237234 0.09332 16.97969
5.79934 14.3800 0.237234 0.11108 16.87720
5.79934 14.3800 0.237234 0.12884 16.75622
5.79934 14.3800 0.237234 0.14660 16.64308
5.79934 14.3800 0.237234 0.16436 16.51872
5.79934 14.3800 0.237234 0.18212 16.38542
5.79934 14.3800 0.237234 0.19988 16.26033
5.79934 14.3800 0.237234 0.21764 16.10990
5.79934 14.3800 0.237234 0.23540 15.97844
5.79934 14.3800 0.237234 0.25316 15.82550
5.79934 14.3800 0.237234 0.27092 15.66934
5.79934 14.3800 0.237234 0.28869 15.51763
5.79934 14.3800 0.237234 0.30645 15.33239
5.79934 14.3800 0.237234 0.32421 15.18308
5.79934 14.3800 0.237234 0.34197 14.99610
5.79934 14.3800 0.237234 0.35973 14.81716
5.79934 14.3800 0.237234 0.37749 14.63354
5.79934 14.3800 0.237234 0.39525 14.41204
5.79934 14.3800 0.237234 0.41301 14.24100
5.79934 14.3800 0.237234 0.43077 14.01342
5.79934 14.3800 0.237234 0.44853 13.81270
5.79934 14.3800 0.237234 0.46629 13.59059
5.79934 14.3800 0.237234 0.48405 13.33864
5.79934 14.3800 0.237234 0.50181 13.13436
5.79934 14.3800 0.237234 0.51957 12.85851
5.79934 14.3800 0.237234 0.53733 12.63811
5.79934 14.3800 0.237234 0.55509 12.36972
5.79934 14.3800 0.237234 0.57285 12.08981
5.79934 14.3800 0.237234 0.59061 11.84455
5.79934 14.3800 0.237234 0.60837 11.51240
5.79934 14.3800 0.237234 0.62613 11.27565
5.79934 14.3800 0.237234 0.64389 10.95257
5.79934 14.3800 0.237234 0.66165 10.64941
5.79934 14.3800 0.237234 0.67941 10.35422
5.79934 14.3800 0.237234 0.69718 9.95847
5.79934 14.3800 0.237234 0.71494 9.70986
5.79934 14.3800 0.237234 0.73270 9.32447
5.79934 14.3800 0.237234 0.75046 9.00476
5.79934 14.3800 0.237234 0.76822 8.09460
5.79934 14.3800 0.237234 0.78598 6.18963
5.79934 14.3800 0.237234 0.80374 4.20292
5.79934 14.3800 0.237234 0.82150 2.13105
5.79934 14.3800 0.237234 0.83926 -0.02952
5.79934 14.3800 0.237234 0.85702 -2.28251
5.79934 14.3800 0.237234 0.87478 -4.63177
5.79934 14.3800 0.237234 0.89254 -7.08131
5.79934 14.3800 0.237234 0.91030 -9.63534
5.79934 14.3800 0.237234 0.92806 -12.29819
5.79934 14.3800 0.237234 0.94582 -15.07443
5.79934 14.3800 0.237234 0.96358 -17.96878
5.79934 14.3800 0.237234 0.98134 -20.98616
5.79934 14.3800 0.237234 0.99910 -24.13173
5.79934 14.3800 0.237234 1.01686 -27.41083
5.79934 14.3800 0.237234 1.03462 -30.82902
5.79934 14.3800 0.237234 1.05238 -34.39212
5.79934 14.3800 0.237234 1.07014 -38.10620
5.79934 14.3800 0.237234 1.08790 -41.97751
5.79934 14.3800 0.237234 1.10567 -46.01265
5.79934 14.3800 0.237234 1.12343 -50.21848
5.79934 14.3800 0.237234 1.14119 -54.60206
5.79934 14.3800 0.237234 1.15895 -59.17085
5.79934 14.3800 0.237234 1.17671 -63.93258
5.79934 14.3800 0.237234 1.19447 -68.89533
5.79934 14.3800 0.237234 1.21223 -74.06742
5.79934 14.3800 0.237234 1.22999 -79.45764
5.79934 14.3800 0.237234 1.24775 -85.07513
5.79934 14.3800 0.237234 1.26551 -90.92928
5.79934 14.3800 0.237234 1.28327 -97.03003
5.79934 14.3800 0.237234 1.30103 -103.38771
5.79934 14.3800 0.408283 -1.52288 18.29018
5.79934 14.3800 0.408283 -1.50512 18.31504
5.79934 14.3800 0.408283 -1.48736 18.34369
5.79934 14.3800 0.408283 -1.46960 18.37468
5.79934 14.3800 0.408283 -1.45184 18.39491
5.79934 14.3800 0.408283 -1.43408 18.41557
5.79934 14.3800 0.408283 -1.41632 18.44439
5.79934 14.3800 0.408283 -1.39856 18.46836
5.79934 14.3800 0.408283 -1.38080 18.48780
5.79934 14.3800 0.408283 -1.36303 18.51380
5.79934 14.3800 0.408283 -1.34527 18.54038
5.79934 14.3800 0.408283 -1.32751 18.56209
5.79934 14.3800 0.408283 -1.30975 18.58524
5.79934 14.3800 0.408283 -1.29199 18.61035
5.79934 14.3800 0.408283 -1.27423 18.63136
5.79934 14.3800 0.408283 -1.25647 18.65091
5.79934 14.3800 0.408283 -1.23871 18.67264
5.79934 14.3800 0.408283 -1.22095 18.69325
5.79934 14.3800 0.408283 -1.20319 18.71195
5.79934 14.3800 0.408283 -1.18543 18.73068
5.79934 14.3800 0.408283 -1.16767 18.74939
5.79934 14.3800 0.408283 -1.14991 18.76494
5.79934 14.3800 0.408283 -1.13215 18.78062
5.79934 14.3800 0.408283 -1.11439 18.79695
5.79934 14.3800 0.408283 -1.09663 18.81084
5.79934 14.3800 0.408283 -1.07887 18.82299
5.79934 14.3800 0.408283 -1.06111 18.83502
5.79934 14.3800 0.408283 -1.04335 18.84631
5.79934 14.3800 0.408283 -1.02559 18.85402
5.79934 14.3800 0.408283 -1.00783 18.86087
5.79934 14.3800 0.408283 -0.99007 18.86683
5.79934 14.3800 0.408283 -0.97231 18.86913
5.79934 14.3800 0.408283 -0.95454 18.87012
5.79934 14.3800 0.408283 -0.93678 18.86754
5.79934 14.3800 0.408283 -0.91902 18.86245
5.79934 14.3800 0.408283 -0.90126 18.85362
5.79934 14.3800 0.408283 -0.88350 18.84006
5.79934 14.3800 0.408283 -0.86574 18.82358
5.79934 14.3800 0.408283 -0.84798 18.79877
5.79934 14.3800 0.408283 -0.83022 18.76866
5.79934 14.3800 0.408283 -0.81246 18.72923
5.79934 14.3800 0.408283 -0.79470 18.67762
5.79934 14.3800 0.408283 -0.77694 18.61238
5.79934 14.3800 0.408283 -0.75918 18.51927
5.79934 14.3800 0.408283 -0.74142 18.38030
5.79934 14.3800 0.408283 -0.72366 18.12288
5.79934 14.3800 0.408283 -0.70590 17.56021
5.79934 14.3800 0.408283 -0.68814 17.74930
5.79934 14.3800 0.408283 -0.67038 18.13558
5.79934 14.3800 0.408283 -0.65262 18.30889
5.79934 14.3800 0.408283 -0.63486 18.40304
5.79934 14.3800 0.408283 -0.61710 18.47192
5.79934 14.3800 0.408283 -0.59934 18.52444
5.79934 14.3800 0.408283 -0.58158 18.56335
5.79934 14.3800 0.408283 -0.56382 18.59721
5.79934 14.3800 0.408283 -0.54605 18.62211
5.79934 14.3800 0.408283 -0.52829 18.64330
5.79934 14.3800 0.408283 -0.51053 18.65990
5.79934 14.3800 0.408283 -0.49277 18.67167
5.79934 14.3800 0.408283 -0.47501 18.68156
5.79934 14.3800 0.408283 -0.45725 18.68557
5.79934 14.3800 0.408283 -0.43949 18.68782
5.79934 14.3800 0.408283 -0.42173 18.68651
5.79934 14.3800 0.408283 -0.40397 18.68210
5.79934 14.3800 0.408283 -0.38621 18.67578
5.79934 14.3800 0.408283 -0.36845 18.66494
5.79934 14.3800 0.408283 -0.35069 18.65232
5.79934 14.3800 0.408283 -0.33293 18.63626
5.79934 14.3800 0.408283 -0.31517 18.61756
5.79934 14.3800 0.408283 -0.29741 18.59616
5.79934 14.3800 0.408283 -0.27965 18.57167
5.79934 14.3800 0.408283 -0.26189 18.54447
5.79934 14.3800 0.408283 -0.24413 18.51423
5.79934 14.3800 0.408283 -0.22637 18.48116
5.79934 14.3800 0.408283 -0.20861 18.44474
5.79934 14.3800 0.408283 -0.19085 18.40611
5.79934 14.3800 0.408283 -0.17309 18.36321
5.79934 14.3800 0.408283 -0.15533 18.31869
5.79934 14.3800 0.408283 -0.13757 18.27013
5.79934 14.3800 0.408283 -0.11980 18.21806
5.79934 14.3800 0.408283 -0.10204 18.16417
5.79934 14.3800 0.408283 -0.08428 18.10375
5.79934 14.3800 0.408283 -0.06652 18.04455
5.79934 14.3800 0.408283 -0.04876 17.97862
5.79934 14.3800 0.408283 -0.03100 17.91016
5.79934 14.3800 0.408283 -0.01324 17.83930
5.79934 14.3800 0.408283 0.00452 17.75965
5.79934 14.3800 0.408283 0.02228 17.68466
5.79934 14.3800 0.408283 0.04004 17.59882
5.79934 14.3800 0.408283 0.05780 17.51328
5.79934 14.3800 0.408283 0.07556 17.42303
5.79934 14.3800 0.408283 0.09332 17.32327
5.79934 14.3800 0.408283 0.11108 17.22997
5.79934 14.3800 0.408283 0.12884 17.12107
5.79934 14.3800 0.408283 0.14660 17.01784
5.79934 14.3800 0.408283 0.16436 16.90507
5.79934 14.3800 0.408283 0.18212 16.78412
5.79934 14.3800 0.408283 0.19988 16.66962
5.79934 14.3800 0.408283 0.21764 16.53349
5.79934 14.3800 0.408283 0.23540 16.41239
5.79934 14.3800 0.408283 0.25316 16.27312
5.79934 14.3800 0.408283 0.27092 16.13014
5.79934 14.3800 0.408283 0.28869 15.99074
5.79934 14.3800 0.408283 0.30645 15.82232
5.79934 14.3800 0.408283 0.32421 15.68348
5.79934 14.3800 0.408283 0.34197 15.51256
5.79934 14.3800 0.408283 0.35973 15.34722
5.79934 14.3800 0.408283 0.37749 15.17799
5.79934 14.3800 0.408283 0.39525 14.97530
5.79934 14.3800 0.408283 0.41301 14.81516
5.79934 14.3800 0.408283 0.43077 14.60625
5.79934 14.3800 0.408283 0.44853 14.41887
5.79934 14.3800 0.408283 0.46629 14.21342
5.79934 14.3800 0.408283 0.48405 13.98035
5.79934 14.3800 0.408283 0.50181 13.78852
5.79934 14.3800 0.408283 0.51957 13.53358
5.79934 14.3800 0.408283 0.53733 13.32524
5.79934 14.3800 0.408283 0.55509 13.07531
5.79934 14.3800 0.408283 0.57285 12.81247
5.79934 14.3800 0.408283 0.59061 12.58078
5.79934 14.3800 0.408283 0.60837 12.26992
5.79934 14.3800 0.408283 0.62613 12.04238
5.79934 14.3800 0.408283 0.64389 11.73716
5.79934 14.3800 0.408283 0.66165 11.44625
5.79934 14.3800 0.408283 0.67941 11.16331
5.79934 14.3800 0.408283 0.69718 10.78376
5.79934 14.3800 0.408283 0.71494 10.53949
5.79934 14.3800 0.408283 0.73270 10.16496
5.79934 14.3800 0.408283 0.75046 9.84900
5.79934 14.3800 0.408283 0.76822 8.09460
5.79934 14.3800 0.408283 0.78598 6.18963
5.79934 14.3800 0.408283 0.80374 4.20292
5.79934 14.3800 0.408283 0.82150 2.13105
5.79934 14.3800 0.408283 0.83926 -0.02952
5.79934 14.3800 0.408283 0.85702 -2.28251
5.79934 14.3800 0.408283 0.87478 -4.63177
5.79934 14.3800 0.408283 0.89254 -7.08131
5.79934 14.3800 0.408283 0.91030 -9.63534
5.79934 14.3800 0.408283 0.92806 -12.29819
5.79934 14.3800 0.408283 0.94582 -15.07443
5.79934 14.3800 0.408283 0.96358 -17.96878
5.79934 14.3800 0.408283 0.98134 -20.98616
5.79934 14.3800 0.408283 0.99910 -24.13173
5.79934 14.3800 0.408283 1.01686 -27.41083
5.79934 14.3800 0.408283 1.03462 -30.82902
5.79934 14.3800 0.408283 1.05238 -34.39212
5.79934 14.3800 0.408283 1.07014 -38.10620
5.79934 14.3800 0.408283 1.08790 -41.97751
5.79934 14.3800 0.408283 1.10567 -46.01265
5.79934 14.3800 0.408283 1.12343 -50.21848
5.79934 14.3800 0.408283 1.14119 -54.60206
5.79934 14.3800 0.408283 1.15895 -59.17085
5.79934 14.3800 0.408283 1.17671 -63.93258
5.79934 14.3800 0.408283 1.19447 -68.89533
5.79934 14.3800 0.408283 1.21223 -74.06742
5.79934 14.3800 0.408283 1.22999 -79.45764
5.79934 14.3800 0.408283 1.24775 -85.07513
5.79934 14.3800 0.408283 1.26551 -90.92928
5.79934 14.3800 0.408283 1.28327 -97.03003
5.79934 14.3800 0.408283 1.30103 -103.38771
5.79934 14.3800 0.591717 -1.52288 18.32696
5.79934 14.3800 0.591717 -1.50512 18.35787
5.79934 14.3800 0.591717 -1.48736 18.38165
5.79934 14.3800 0.591717 -1.46960 18.40045
5.79934 14.3800 0.591717 -1.45184 18.42951
5.79934 14.3800 0.591717 -1.43408 18.45923
5.79934 14.3800 0.591717 -1.41632 18.48814
5.79934 14.3800 0.591717 -1.39856 18.51310
5.79934 14.3800 0.591717 -1.38080 18.53442
5.79934 14.3800 0.591717 -1.36303 18.55493
5.79934 14.3800 0.591717 -1.34527 18.57589
5.79934 14.3800 0.591717 -1.32751 18.60269
5.79934 14.3800 0.591717 -1.30975 18.62720
5.79934 14.3800 0.591717 -1.29199 18.64894
5.79934 14.3800 0.591717 -1.27423 18.66638
5.79934 14.3800 0.591717 -1.25647 18.68257
5.79934 14.3800 0.591717 -1.23871 18.70784
5.79934 14.3800 0.591717 -1.22095 18.73038
5.79934 14.3800 0.591717 -1.20319 18.74828
5.79934 14.3800 0.591717 -1.18543 18.76620
5.79934 14.3800 0.591717 -1.16767 18.78414
5.79934 14.3800 0.591717 -1.14991 18.80132
5.79934 14.3800 0.591717 -1.13215 18.81796
5.79934 14.3800 0.591717 -1.11439 18.83316
5.79934 14.3800 0.591717 -1.09663 18.84871
5.79934 14.3800 0.591717 -1.07887 18.86452
5.79934 14.3800 0.591717 -1.06111 18.87671
5.79934 14.3800 0.591717 -1.04335 18.88788
5.79934 14.3800 0.591717 -1.02559 18.89638
5.79934 14.3800 0.591717 -1.00783 18.90289
5.79934 14.3800 0.591717 -0.99007 18.90734
5.79934 14.3800 0.591717 -0.97231 18.90953
5.79934 14.3800 0.591717 -0.95454 18.91078
5.79934 14.3800 0.591717 -0.93678 18.90866
5.79934 14.3800 0.591717 -0.91902 18.90361
5.79934 14.3800 0.591717 -0.90126 18.89418
5.79934 14.3800 0.591717 -0.88350 18.88013
5.79934 14.3800 0.591717 -0.86574 18.86317
5.79934 14.3800 0.591717 -0.84798 18.83846
5.79934 14.3800 0.591717 -0.83022 18.80846
5.79934 14.3800 0.591717 -0.81246 18.76915
5.79934 14.3800 0.591717 -0.79470 18.71790
5.79934 14.3800 0.591717 -0.77694 18.65327
5.79934 14.3800 0.591717 -0.75918 18.56230
5.79934 14.3800 0.591717 -0.74142 18.42834
5.79934 14.3800 0.591717 -0.72366 18.18187
5.79934 14.3800 0.591717 -0.70590 17.61079
5.79934 14.3800 0.591717 -0.68814 17.81165
5.79934 14.3800 0.591717 -0.67038 18.19160
5.79934 14.3800 0.591717 -0.65262 18.35623
5.79934 14.3800 0.591717 -0.63486 18.44781
5.79934 14.3800 0.591717 -0.61710 18.51581
5.79934 14.3800 0.591717 -0.59934 18.56839
5.79934 14.3800 0.591717 -0.58158 18.60796
5.79934 14.3800 0.591717 -0.56382 18.64253
5.79934 14.3800 0.591717 -0.54605 18.66810
5.79934 14.3800 0.591717 -0.52829 18.68998
5.79934 14.3800 0.591717 -0.51053 18.70733
5.79934 14.3800 0.591717 -0.49277 18.71972
5.79934 14.3800 0.591717 -0.47501 18.73019
5.79934 14.3800 0.591717 -0.45725 18.73525
5.79934 14.3800 0.591717 -0.43949 18.73848
5.79934 14.3800 0.591717 -0.42173 18.73804
5.79934 14.3800 0.591717 -0.40397 18.73437
5.79934 14.3800 0.591717 -0.38621 18.72874
5.79934 14.3800 0.591717 -0.36845 18.71892
5.79934 14.3800 0.591717 -0.35069 18.70730
5.79934 14.3800 0.591717 -0.33293 18.69208
5.79934 14.3800 0.591717 -0.31517 18.67445
5.79934 14.3800 0.591717 -0.29741 18.65436
5.79934 14.3800 0.591717 -0.27965 18.63103
5.79934 14.3800 0.591717 -0.26189 18.60511
5.79934 14.3800 0.591717 -0.24413 18.57629
5.79934 14.3800 0.591717 -0.22637 18.54461
5.79934 14.3800 0.591717 -0.20861 18.50955
5.79934 14.3800 0.591717 -0.19085 18.47240
5.79934 14.3800 0.591717 -0.17309 18.43123
5.79934 14.3800 0.591717 -0.15533 18.38825
5.79934 14.3800 0.591717 -0.13757 18.34142
5.79934 14.3800 0.591717 -0.11980 18.29122
5.79934 14.3800 0.591717 -0.10204 18.23914
5.79934 14.3800 0.591717 -0.08428 18.18084
5.79934 14.3800 0.591717 -0.06652 18.12344
5.79934 14.3800 0.591717 -0.04876 18.05964
5.79934 14.3800 0.591717 -0.03100 17.99334
5.79934 14.3800 0.591717 -0.01324 17.92464
5.79934 14.3800 0.591717 0.00452 17.84753
5.79934 14.3800 0.591717 0.02228 17.77471
5.79934 14.3800 0.591717 0.04004 17.69157
5.79934 14.3800 0.591717 0.05780 17.60842
5.79934 14.3800 0.591717 0.07556 17.52076
5.79934 14.3800 0.591717 0.09332 17.42399
5.79934 14.3800 0.591717 0.11108 17.33316
5.79934 14.3800 0.591717 0.12884 17.22746
5.79934 14.3800 0.591717 0.14660 17.12693
5.79934 14.3800 0.591717 0.16436 17.01727
5.79934 14.3800 0.591717 0.18212 16.89964
5.79934 14.3800 0.591717 0.19988 16.78803
5.79934 14.3800 0.591717 0.21764 16.65575
5.79934 14.3800 0.591717 0.23540 16.53751
5.79934 14.3800 0.591717 0.25316 16.40195
5.79934 14.3800 0.591717 0.27092 16.26262
5.79934 14.3800 0.591717 0.28869 16.12662
5.79934 14.3800 0.591717 0.30645 15.96281
5.79934 14.3800 0.591717 0.32421 15.82694
5.79934 14.3800 0.591717 0.34197 15.66046
5.79934 14.3800 0.591717 0.35973 15.49896
5.79934 14.3800 0.591717 0.37749 15.33377
5.79934 14.3800 0.591717 0.39525 15.13636
5.79934 14.3800 0.591717 0.41301 14.97940
5.79934 14.3800 0.591717 0.43077 14.77579
5.79934 14.3800 0.591717 0.44853 14.59235
5.79934 14.3800 0.591717 0.46629 14.39174
5.79934 14.3800 0.591717 0.48405 14.16425
5.79934 14.3800 0.591717 0.50181 13.97621
5.79934 14.3800 0.591717 0.51957 13.72758
5.79934 14.3800 0.591717 0.53733 13.52310
5.79934 14.3800 0.591717 0.55509 13.27895
5.79934 14.3800 0.591717 0.57285 13.02175
5.79934 14.3800 0.591717 0.59061 12.79466
5.79934 14.3800 0.591717 0.60837 12.49117
5.79934 14.3800 0.591717 0.62613 12.26723
5.79934 14.3800 0.591717 0.64389 11.96888
5.79934 14.3800 0.591717 0.66165 11.68332
5.79934 14.3800 0.591717 0.67941 11.40596
5.79934 14.3800 0.591717 0.69718 11.03482
5.79934 14.3800 0.591717 0.71494 10.79365
5.79934 14.3800 0.591717 0.73270 10.42698
5.79934 14.3800 0.591717 0.75046 9.92111
5.79934 14.3800 0.591717 0.76822 8.09460
5.79934 14.3800 0.591717 0.78598 6.18963
5.79934 14.3800 0.591717 0.80374 4.20292
5.79934 14.3800 0.591717 0.82150 2.13105
5.79934 14.3800 0.591717 0.83926 -0.02952
5.79934 14.3800 0.591717 0.85702 -2.28251
5.79934 14.3800 0.591717 0.87478 -4.63177
5.79934 14.3800 0.591717 0.89254 -7.08131
5.79934 14.3800 0.591717 0.91030 -9.63534
5.79934 14.3800 0.591717 0.92806 -12.29819
5.79934 14.3800 0.591717 0.94582 -15.07443
5.79934 14.3800 0.591717 0.96358 -17.96878
5.79934 14.3800 0.591717 0.98134 -20.98616
5.79934 14.3800 0.591717 0.99910 -24.13173
5.79934 14.3800 0.591717 1.01686 -27.41083
5.79934 14.3800 0.591717 1.03462 -30.82902
5.79934 14.3800 0.591717 1.05238 -34.39212
5.79934 14.3800 0.591717 1.07014 -38.10620
5.79934 14.3800 0.591717 1.08790 -41.97751
5.79934 14.3800 0.591717 1.10567 -46.01265
5.79934 14.3800 0.591717 1.12343 -50.21848
5.79934 14.3800 0.591717 1.14119 -54.60206
5.79934 14.3800 0.591717 1.15895 -59.17085
5.79934 14.3800 0.591717 1.17671 -63.93258
5.79934 14.3800 0.591717 1.19447 -68.89533
5.79934 14.3800 0.591717 1.21223 -74.06742
5.79934 14.3800 0.591717 1.22999 -79.45764
5.79934 14.3800 0.591717 1.24775 -85.07513
5.79934 14.3800 0.591717 1.26551 -90.92928
5.79934 14.3800 0.591717 1.28327 -97.03003
5.79934 14.3800 0.591717 1.30103 -103.38771
5.79934 14.3800 0.762766 -1.52288 18.36051
5.79934 14.3800 0.762766 -1.50512 18.38375
5.79934 14.3800 0.762766 -1.48736 18.40175
5.79934 14.3800 0.762766 -1.46960 18.41601
5.79934 14.3800 0.762766 -1.45184 18.44561
5.79934 14.3800 0.762766 -1.43408 18.47596
5.79934 14.3800 0.762766 -1.41632 18.50329
5.79934 14.3800 0.762766 -1.39856 18.52917
5.79934 14.3800 0.762766 -1.38080 18.55370
5.79934 14.3800 0.762766 -1.36303 18.58160
5.79934 14.3800 0.762766 -1.34527 18.60885
5.79934 14.3800 0.762766 -1.32751 18.62815
5.79934 14.3800 0.762766 -1.30975 18.64665
5.79934 14.3800 0.762766 -1.29199 18.66411
5.79934 14.3800 0.762766 -1.27423 18.68842
5.79934 14.3800 0.762766 -1.25647 18.71465
5.79934 14.3800 0.762766 -1.23871 18.73410
5.79934 14.3800 0.762766 -1.22095 18.75411
5.79934 14.3800 0.762766 -1.20319 18.77523
5.79934 14.3800 0.762766 -1.18543 18.79710
5.79934 14.3800 0.762766 -1.16767 18.81924
5.79934 14.3800 0.762766 -1.14991 18.83362
5.79934 14.3800 0.762766 -1.13215 18.84812
5.79934 14.3800 0.762766 -1.11439 18.86370
5.79934 14.3800 0.762766 -1.09663 18.87742
5.79934 14.3800 0.762766 -1.07887 18.88983
5.79934 14.3800 0.762766 -1.06111 18.90162
5.79934 14.3800 0.762766 -1.04335 18.91239
5.79934 14.3800 0.762766 -1.02559 18.91872
5.79934 14.3800 0.762766 -1.00783 18.92455
5.79934 14.3800 0.762766 -0.99007 18.92988
5.79934 14.3800 0.762766 -0.97231 18.93170
5.79934 14.3800 0.762766 -0.95454 18.93201
5.79934 14.3800 0.762766 -0.93678 18.92708
5.79934 14.3800 0.762766 -0.91902 18.91991
5.79934 14.3800 0.762766 -0.90126 18.90943
5.79934 14.3800 0.762766 -0.88350 18.89438
5.79934 14.3800 0.762766 -0.86574 18.87635
5.79934 14.3800 0.762766 -0.84798 18.84972
5.79934 14.3800 0.762766 -0.83022 18.81779
5.79934 14.3800 0.762766 -0.81246 18.77682
5.79934 14.3800 0.762766 -0.79470 18.72419
5.79934 14.3800 0.762766 -0.77694 18.65813
5.79934 14.3800 0.762766 -0.75918 18.56604
5.79934 14.3800 0.762766 -0.74142 18.43109
5.79934 14.3800 0.762766 -0.72366 18.18490
5.79934 14.3800 0.762766 -0.70590 17.63346
5.79934 14.3800 0.762766 -0.68814 17.81858
5.79934 14.3800 0.762766 -0.67038 18.18621
5.79934 14.3800 0.762766 -0.65262 18.34802
5.79934 14.3800 0.762766 -0.63486 18.43708
5.79934 14.3800 0.762766 -0.61710 18.50280
5.79934 14.3800 0.762766 -0.59934 18.55314
5.79934 14.3800 0.762766 -0.58158 18.59019
5.79934 14.3800 0.762766 -0.56382 18.62236
5.79934 14.3800 0.762766 -0.54605 18.64547
5.79934 14.3800 0.762766 -0.52829 18.66500
5.79934 14.3800 0.762766 -0.51053 18.68001
5.79934 14.3800 0.762766 -0.49277 18.69000
5.79934 14.3800 0.762766 -0.47501 18.69802
5.79934 14.3800 0.762766 -0.45725 18.70028
5.79934 14.3800 0.762766 -0.43949 18.70081
5.79934 14.3800 0.762766 -0.42173 18.69786
5.79934 14.3800 0.762766 -0.40397 18.69164
5.79934 14.3800 0.762766 -0.38621 18.68333
5.79934 14.3800 0.762766 -0.36845 18.67070
5.79934 14.3800 0.762766 -0.35069 18.65623
5.79934 14.3800 0.762766 -0.33293 18.63845
5.79934 14.3800 0.762766 -0.31517 18.61792
5.79934 14.3800 0.762766 -0.29741 18.59449
5.79934 14.3800 0.762766 -0.27965 18.56826
5.79934 14.3800 0.762766 -0.26189 18.53920
5.79934 14.3800 0.762766 -0.24413 18.50724
5.79934 14.3800 0.762766 -0.22637 18.47236
5.79934 14.3800 0.762766 -0.20861 18.43400
5.79934 14.3800 0.762766 -0.19085 18.39360
5.79934 14.3800 0.762766 -0.17309 18.34872
5.79934 14.3800 0.762766 -0.15533 18.30244
5.79934 14.3800 0.762766 -0.13757 18.25199
5.79934 14.3800 0.762766 -0.11980 18.19805
5.79934 14.3800 0.762766 -0.10204 18.14240
5.79934 14.3800 0.762766 -0.08428 18.07997
5.79934 14.3800 0.762766 -0.06652 18.01908
5.79934 14.3800 0.762766 -0.04876 17.95119
5.79934 14.3800 0.762766 -0.03100 17.88087
5.79934 14.3800 0.762766 -0.01324 17.80816
5.79934 14.3800 0.762766 0.00452 17.72634
5.79934 14.3800 0.762766 0.02228 17.64970
5.79934 14.3800 0.762766 0.04004 17.56179
5.79934 14.3800 0.762766 0.05780 17.47435
5.79934 14.3800 0.762766 0.07556 17.38213
5.79934 14.3800 0.762766 0.09332 17.28019
5.79934 14.3800 0.762766 0.11108 17.18513
5.79934 14.3800 0.762766 0.12884 17.07396
5.79934 14.3800 0.762766 0.14660 16.96887
5.79934 14.3800 0.762766 0.16436 16.85396
5.79934 14.3800 0.762766 0.18212 16.73074
5.79934 14.3800 0.762766 0.19988 16.61431
5.79934 14.3800 0.762766 0.21764 16.47562
5.79934 14.3800 0.762766 0.23540 16.35267
5.79934 14.3800 0.762766 0.25316 16.21098
5.79934 14.3800 0.762766 0.27092 16.06569
5.79934 14.3800 0.762766 0.28869 15.92413
5.79934 14.3800 0.762766 0.30645 15.75281
5.79934 14.3800 0.762766 0.32421 15.61213
5.79934 14.3800 0.762766 0.34197 15.43844
5.79934 14.3800 0.762766 0.35973 15.27073
5.79934 14.3800 0.762766 0.37749 15.09900
5.79934 14.3800 0.762766 0.39525 14.89306
5.79934 14.3800 0.762766 0.41301 14.73099
5.79934 14.3800 0.762766 0.43077 14.51882
5.79934 14.3800 0.762766 0.44853 14.32904
5.79934 14.3800 0.762766 0.46629 14.12061
5.79934 14.3800 0.762766 0.48405 13.88411
5.79934 14.3800 0.762766 0.50181 13.68994
5.79934 14.3800 0.762766 0.51957 13.43109
5.79934 14.3800 0.762766 0.53733 13.22035
5.79934 14.3800 0.762766 0.55509 12.96675
5.79934 14.3800 0.762766 0.57285 12.70033
5.79934 14.3800 0.762766 0.59061 12.46569
5.79934 14.3800 0.762766 0.60837 12.14998
5.79934 14.3800 0.762766 0.62613 11.92006
5.79934 14.3800 0.762766 0.64389 11.61020
5.79934 14.3800 0.762766 0.66165 11.31560
5.79934 14.3800 0.762766 0.67941 11.02872
5.79934 14.3800 0.762766 0.69718 10.64304
5.79934 14.3800 0.762766 0.71494 10.39643
5.79934 14.3800 0.762766 0.73270 10.01583
5.79934 14.3800 0.762766 0.75046 9.69613
5.79934 14.3800 0.762766 0.76822 8.09460
5.79934 14.3800 0.762766 0.78598 6.18963
5.79934 14.3800 0.762766 0.80374 4.20292
5.79934 14.3800 0.762766 0.82150 2.13105
5.79934 14.3800 0.762766 0.83926 -0.02952
5.79934 14.3800 0.762766 0.85702 -2.28251
5.79934 14.3800 0.762766 0.87478 -4.63177
5.79934 14.3800 0.762766 0.89254 -7.08131
5.79934 14.3800 0.762766 0.91030 -9.63534
5.79934 14.3800 0.762766 0.92806 -12.29819
5.79934 14.3800 0.762766 0.94582 -15.07443
5.79934 14.3800 0.762766 0.96358 -17.96878
5.79934 14.3800 0.762766 0.98134 -20.98616
5.79934 14.3800 0.762766 0.99910 -24.13173
5.79934 14.3800 0.762766 1.01686 -27.41083
5.79934 14.3800 0.762766 1.03462 -30.82902
5.79934 14.3800 0.762766 1.05238 -34.39212
5.79934 14.3800 0.762766 1.07014 -38.10620
5.79934 14.3800 0.762766 1.08790 -41.97751
5.79934 14.3800 0.762766 1.10567 -46.01265
5.79934 14.3800 0.762766 1.12343 -50.21848
5.79934 14.3800 0.762766 1.14119 -54.60206
5.79934 14.3800 0.762766 1.15895 -59.17085
5.79934 14.3800 0.762766 1.17671 -63.93258
5.79934 14.3800 0.762766 1.19447 -68.89533
5.79934 14.3800 0.762766 1.21223 -74.06742
5.79934 14.3800 0.762766 1.22999 -79.45764
5.79934 14.3800 0.762766 1.24775 -85.07513
5.79934 14.3800 0.762766 1.26551 -90.92928
5.79934 14.3800 0.762766 1.28327 -97.03003
5.79934 14.3800 0.762766 1.30103 -103.38771
5.79934 14.3800 0.898333 -1.52288 18.36032
5.79934 14.3800 0.898333 -1.50512 18.39887
5.79934 14.3800 0.898333 -1.48736 18.42495
5.79934 14.3800 0.898333 -1.46960 18.44248
5.79934 14.3800 0.898333 -1.45184 18.48126
5.79934 14.3800 0.898333 -1.43408 18.51459
5.79934 14.3800 0.898333 -1.41632 18.51847
5.79934 14.3800 0.898333 -1.39856 18.53890
5.79934 14.3800 0.898333 -1.38080 18.57519
5.79934 14.3800 0.898333 -1.36303 18.59990
5.79934 14.3800 0.898333 -1.34527 18.62229
5.79934 14.3800 0.898333 -1.32751 18.64882
5.79934 14.3800 0.898333 -1.30975 18.67085
5.79934 14.3800 0.898333 -1.29199 18.68715
5.79934 14.3800 0.898333 -1.27423 18.71117
5.79934 14.3800 0.898333 -1.25647 18.73755
5.79934 14.3800 0.898333 -1.23871 18.76021
5.79934 14.3800 0.898333 -1.22095 18.77954
5.79934 14.3800 0.898333 -1.20319 18.79290
5.79934 14.3800 0.898333 -1.18543 18.81117
5.79934 14.3800 0.898333 -1.16767 18.83193
5.79934 14.3800 0.898333 -1.14991 18.84667
5.79934 14.3800 0.898333 -1.13215 18.86124
5.79934 14.3800 0.898333 -1.11439 18.87594
5.79934 14.3800 0.898333 -1.09663 18.89040
5.79934 14.3800 0.898333 -1.07887 18.90471
5.79934 14.3800 0.898333 -1.06111 18.91241
5.79934 14.3800 0.898333 -1.04335 18.91901
5.79934 14.3800 0.898333 -1.02559 18.92426
5.79934 14.3800 0.898333 -1.00783 18.92753
5.79934 14.3800 0.898333 -0.99007 18.92871
5.79934 14.3800 0.898333 -0.97231 18.92624
5.79934 14.3800 0.898333 -0.95454 18.92208
5.79934 14.3800 0.898333 -0.93678 18.91257
5.79934 14.3800 0.898333 -0.91902 18.90095
5.79934 14.3800 0.898333 -0.90126 18.88633
5.79934 14.3800 0.898333 -0.88350 18.86718
5.79934 14.3800 0.898333 -0.86574 18.84475
5.79934 14.3800 0.898333 -0.84798 18.81480
5.79934 14.3800 0.898333 -0.83022 18.77929
5.79934 14.3800 0.898333 -0.81246 18.73474
5.79934 14.3800 0.898333 -0.79470 18.67847
5.79934 14.3800 0.898333 -0.77694 18.60802
5.79934 14.3800 0.898333 -0.75918 18.51022
5.79934 14.3800 0.898333 -0.74142 18.36567
5.79934 14.3800 0.898333 -0.72366 18.10736
5.79934 14.3800 0.898333 -0.70590 17.62617
5.79934 14.3800 0.898333 -0.68814 17.75490
5.79934 14.3800 0.898333 -0.67038 18.08904
5.79934 14.3800 0.898333 -0.65262 18.25535
5.79934 14.3800 0.898333 -0.63486 18.34308
5.79934 14.3800 0.898333 -0.61710 18.40516
5.79934 14.3800 0.898333 -0.59934 18.45031
5.79934 14.3800 0.898333 -0.58158 18.48101
5.79934 14.3800 0.898333 -0.56382 18.50688
5.79934 14.3800 0.898333 -0.54605 18.52310
5.79934 14.3800 0.898333 -0.52829 18.53583
5.79934 14.3800 0.898333 -0.51053 18.54383
5.79934 14.3800 0.898333 -0.49277 18.54685
5.79934 14.3800 0.898333 -0.47501 18.54781
5.79934 14.3800 0.898333 -0.45725 18.54296
5.79934 14.3800 0.898333 -0.43949 18.53615
5.79934 14.3800 0.898333 -0.42173 18.52557
5.79934 14.3800 0.898333 -0.40397 18.51172
5.79934 14.3800 0.898333 -0.38621 18.49537
5.79934 14.3800 0.898333 -0.36845 18.47500
5.79934 14.3800 0.898333 -0.35069 18.45221
5.79934 14.3800 0.898333 -0.33293 18.42600
5.79934 14.3800 0.898333 -0.31517 18.39694
5.79934 14.3800 0.898333 -0.29741 18.36446
5.79934 14.3800 0.898333 -0.27965 18.32944
5.79934 14.3800 0.898333 -0.26189 18.29060
5.79934 14.3800 0.898333 -0.24413 18.24926
5.79934 14.3800 0.898333 -0.22637 18.20449
5.79934 14.3800 0.898333 -0.20861 18.15570
5.79934 14.3800 0.898333 -0.19085 18.10537
5.79934 14.3800 0.898333 -0.17309 18.04908
5.79934 14.3800 0.898333 -0.15533 17.99249
5.79934 14.3800 0.898333 -0.13757 17.93055
5.79934 14.3800 0.898333 -0.11980 17.86479
5.79934 14.3800 0.898333 -0.10204 17.79775
5.79934 14.3800 0.898333 -0.08428 17.72180
5.79934 14.3800 0.898333 -0.06652 17.64966
5.79934 14.3800 0.898333 -0.04876 17.56831
5.79934 14.3800 0.898333 -0.03100 17.48488
5.79934 14.3800 0.898333 -0.01324 17.39904
5.79934 14.3800 0.898333 0.00452 17.30160
5.79934 14.3800 0.898333 0.02228 17.21263
5.79934 14.3800 0.898333 0.04004 17.10892
5.79934 14.3800 0.898333 0.05780 17.00727
5.79934 14.3800 0.898333 0.07556 16.89982
5.79934 14.3800 0.898333 0.09332 16.78049
5.79934 14.3800 0.898333 0.11108 16.67138
5.79934 14.3800 0.898333 0.12884 16.54156
5.79934 14.3800 0.898333 0.14660 16.42138
5.79934 14.3800 0.898333 0.16436 16.28867
5.79934 14.3800 0.898333 0.18212 16.14654
5.79934 14.3800 0.898333 0.19988 16.01400
5.79934 14.3800 0.898333 0.21764 15.85337
5.79934 14.3800 0.898333 0.23540 15.71474
5.79934 14.3800 0.898333 0.25316 15.55210
5.79934 14.3800 0.898333 0.27092 15.38672
5.79934 14.3800 0.898333 0.28869 15.22638
5.79934 14.3800 0.898333 0.30645 15.02920
5.79934 14.3800 0.898333 0.32421 14.87272
5.79934 14.3800 0.898333 0.34197 14.67431
5.79934 14.3800 0.898333 0.35973 14.48587
5.79934 14.3800 0.898333 0.37749 14.29202
5.79934 14.3800 0.898333 0.39525 14.05697
5.79934 14.3800 0.898333 0.41301 13.87826
5.79934 14.3800 0.898333 0.43077 13.63701
5.79934 14.3800 0.898333 0.44853 13.42664
5.79934 14.3800 0.898333 0.46629 13.19206
5.79934 14.3800 0.898333 0.48405 12.92580
5.79934 14.3800 0.898333 0.50181 12.71199
5.79934 14.3800 0.898333 0.51957 12.41949
5.79934 14.3800 0.898333 0.53733 12.18946
5.79934 14.3800 0.898333 0.55509 11.90557
5.79934 14.3800 0.898333 0.57285 11.61089
5.79934 14.3800 0.898333 0.59061 11.35334
5.79934 14.3800 0.898333 0.60837 11.00087
5.79934 14.3800 0.898333 0.62613 10.75486
5.79934 14.3800 0.898333 0.64389 10.41265
5.79934 14.3800 0.898333 0.66165 10.09520
5.79934 14.3800 0.898333 0.67941 9.78448
5.79934 14.3800 0.898333 0.69718 9.36544
5.79934 14.3800 0.898333 0.71494 9.10902
5.79934 14.3800 0.898333 0.73270 8.70255
5.79934 14.3800 0.898333 0.75046 8.37158
5.79934 14.3800 0.898333 0.76822 8.00098
5.79934 14.3800 0.898333 0.78598 6.18963
5.79934 14.3800 0.898333 0.80374 4.20292
5.79934 14.3800 0.898333 0.82150 2.13105
5.79934 14.3800 0.898333 0.83926 -0.02952
5.79934 14.3800 0.898333 0.85702 -2.28251
5.79934 14.3800 0.898333 0.87478 -4.63177
5.79934 14.3800 0.898333 0.89254 -7.08131
5.79934 14.3800 0.898333 0.91030 -9.63534
5.79934 14.3800 0.898333 0.92806 -12.29819
5.79934 14.3800 0.898333 0.94582 -15.07443
5.79934 14.3800 0.898333 0.96358 -17.96878
5.79934 14.3800 0.898333 0.98134 -20.98616
5.79934 14.3800 0.898333 0.99910 -24.13173
5.79934 14.3800 0.898333 1.01686 -27.41083
5.79934 14.3800 0.898333 1.03462 -30.82902
5.79934 14.3800 0.898333 1.05238 -34.39212
5.79934 14.3800 0.898333 1.07014 -38.10620
5.79934 14.3800 0.898333 1.08790 -41.97751
5.79934 14.3800 0.898333 1.10567 -46.01265
5.79934 14.3800 0.898333 1.12343 -50.21848
5.79934 14.3800 0.898333 1.14119 -54.60206
5.79934 14.3800 0.898333 1.15895 -59.17085
5.79934 14.3800 0.898333 1.17671 -63.93258
5.79934 14.3800 0.898333 1.19447 -68.89533
5.79934 14.3800 0.898333 1.21223 -74.06742
5.79934 14.3800 0.898333 1.22999 -79.45764
5.79934 14.3800 0.898333 1.24775 -85.07513
5.79934 14.3800 0.898333 1.26551 -90.92928
5.79934 14.3800 0.898333 1.28327 -97.03003
5.79934 14.3800 0.898333 1.30103 -103.38771
5.79934 14.3800 0.980145 -1.52288 18.38428
5.79934 14.3800 0.980145 -1.50512 18.41271
5.79934 14.3800 0.980145 -1.48736 18.44060
5.79934 14.3800 0.980145 -1.46960 18.46796
5.79934 14.3800 0.980145 -1.45184 18.49250
5.79934 14.3800 0.980145 -1.43408 18.51575
5.79934 14.3800 0.980145 -1.41632 18.53613
5.79934 14.3800 0.980145 -1.39856 18.55958
5.79934 14.3800 0.980145 -1.38080 18.58593
5.79934 14.3800 0.980145 -1.36303 18.61161
5.79934 14.3800 0.980145 -1.34527 18.63698
5.79934 14.3800 0.980145 -1.32751 18.66345
5.79934 14.3800 0.980145 -1.30975 18.68816
5.79934 14.3800 0.980145 -1.29199 18.71081
5.79934 14.3800 0.980145 -1.27423 18.73066
5.79934 14.3800 0.980145 -1.25647 18.74946
5.79934 14.3800 0.980145 -1.23871 18.76795
5.79934 14.3800 0.980145 -1.22095 18.78498
5.79934 14.3800 0.980145 -1.20319 18.79928
5.79934 14.3800 0.980145 -1.18543 18.81309
5.79934 14.3800 0.980145 -1.16767 18.82670
5.79934 14.3800 0.980145 -1.14991 18.83713
5.79934 14.3800 0.980145 -1.13215 18.84634
5.79934 14.3800 0.980145 -1.11439 18.85223
5.79934 14.3800 0.980145 -1.09663 18.85585
5.79934 14.3800 0.980145 -1.07887 18.85772
5.79934 14.3800 0.980145 -1.06111 18.85628
5.79934 14.3800 0.980145 -1.04335 18.85355
5.79934 14.3800 0.980145 -1.02559 18.84732
5.79934 14.3800 0.980145 -1.00783 18.83994
5.79934 14.3800 0.980145 -0.99007 18.83127
5.79934 14.3800 0.980145 -0.97231 18.82078
5.79934 14.3800 0.980145 -0.95454 18.80893
5.79934 14.3800 0.980145 -0.93678 18.79356
5.79934 14.3800 0.980145 -0.91902 18.77602
5.79934 14.3800 0.980145 -0.90126 18.75559
5.79934 14.3800 0.980145 -0.88350 18.73079
5.79934 14.3800 0.980145 -0.86574 18.70222
5.79934 14.3800 0.980145 -0.84798 18.66628
5.79934 14.3800 0.980145 -0.83022 18.62370
5.79934 14.3800 0.980145 -0.81246 18.57068
5.79934 14.3800 0.980145 -0.79470 18.50323
5.79934 14.3800 0.980145 -0.77694 18.41677
5.79934 14.3800 0.980145 -0.75918 18.29698
5.79934 14.3800 0.980145 -0.74142 18.12640
5.79934 14.3800 0.980145 -0.72366 17.88882
5.79934 14.3800 0.980145 -0.70590 17.61853
5.79934 14.3800 0.980145 -0.68814 17.63424
5.79934 14.3800 0.980145 -0.67038 17.79975
5.79934 14.3800 0.980145 -0.65262 17.94306
5.79934 14.3800 0.980145 -0.63486 18.03571
5.79934 14.3800 0.980145 -0.61710 18.09851
5.79934 14.3800 0.980145 -0.59934 18.14132
5.79934 14.3800 0.980145 -0.58158 18.16356
5.79934 14.3800 0.980145 -0.56382 18.17948
5.79934 14.3800 0.980145 -0.54605 18.18211
5.79934 14.3800 0.980145 -0.52829 18.18053
5.79934 14.3800 0.980145 -0.51053 18.17275
5.79934 14.3800 0.980145 -0.49277 18.15933
5.79934 14.3800 0.980145 -0.47501 18.14269
5.79934 14.3800 0.980145 -0.45725 18.12018
5.79934 14.3800 0.980145 -0.43949 18.09469
5.79934 14.3800 0.980145 -0.42173 18.06490
5.79934 14.3800 0.980145 -0.40397 18.03161
5.79934 14.3800 0.980145 -0.38621 17.99403
5.79934 14.3800 0.980145 -0.36845 17.95369
5.79934 14.3800 0.980145 -0.35069 17.90875
5.79934 14.3800 0.980145 -0.33293 17.86066
5.79934 14.3800 0.980145 -0.31517 17.80898
5.79934 14.3800 0.980145 -0.29741 17.75177
5.79934 14.3800 0.980145 -0.27965 17.69397
5.79934 14.3800 0.980145 -0.26189 17.62880
5.79934 14.3800 0.980145 -0.24413 17.56285
5.79934 14.3800 0.980145 -0.22637 17.49153
5.79934 14.3800 0.980145 -0.20861 17.41435
5.79934 14.3800 0.980145 -0.19085 17.33778
5.79934 14.3800 0.980145 -0.17309 17.25001
5.79934 14.3800 0.980145 -0.15533 17.16622
5.79934 14.3800 0.980145 -0.13757 17.07286
5.79934 14.3800 0.980145 -0.11980 16.97508
5.79934 14.3800 0.980145 -0.10204 16.87753
5.79934 14.3800 0.980145 -0.08428 16.76384
5.79934 14.3800 0.980145 -0.06652 16.66231
5.79934 14.3800 0.980145 -0.04876 16.54367
5.79934 14.3800 0.980145 -0.03100 16.42491
5.79934 14.3800 0.980145 -0.01324 16.30337
5.79934 14.3800 0.980145 0.00452 16.16204
5.79934 14.3800 0.980145 0.02228 16.04092
5.79934 14.3800 0.980145 0.04004 15.89297
5.79934 14.3800 0.980145 0.05780 15.75347
5.79934 14.3800 0.980145 0.07556 15.60421
5.79934 14.3800 0.980145 0.09332 15.43680
5.79934 14.3800 0.980145 0.11108 15.29104
5.79934 14.3800 0.980145 0.12884 15.10931
5.79934 14.3800 0.980145 0.14660 14.95023
5.79934 14.3800 0.980145 0.16436 14.76908
5.79934 14.3800 0.980145 0.18212 14.57677
5.79934 14.3800 0.980145 0.19988 14.40288
5.79934 14.3800 0.980145 0.21764 14.18335
5.79934 14.3800 0.980145 0.23540 14.00756
5.79934 14.3800 0.980145 0.25316 13.79134
5.79934 14.3800 0.980145 0.27092 13.57849
5.79934 14.3800 0.980145 0.28869 13.37463
5.79934 14.3800 0.980145 0.30645 13.11801
5.79934 14.3800 0.980145 0.32421 12.93248
5.79934 14.3800 0.980145 0.34197 12.68536
5.79934 14.3800 0.980145 0.35973 12.46473
5.79934 14.3800 0.980145 0.37749 12.23916
5.79934 14.3800 0.980145 0.39525 11.97201
5.79934 14.3800 0.980145 0.41301 11.78528
5.79934 14.3800 0.980145 0.43077 11.53371
5.79934 14.3800 0.980145 0.44853 11.32999
5.79934 14.3800 0.980145 0.46629 11.10980
5.79934 14.3800 0.980145 0.48405 10.87570
5.79934 14.3800 0.980145 0.50181 10.69244
5.79934 14.3800 0.980145 0.51957 10.45907
5.79934 14.3800 0.980145 0.53733 10.27352
5.79934 14.3800 0.980145 0.55509 10.05899
5.79934 14.3800 0.980145 0.57285 9.83815
5.79934 14.3800 0.980145 0.59061 9.64300
5.79934 14.3800 0.980145 0.60837 9.39287
5.79934 14.3800 0.980145 0.62613 9.19872
5.79934 14.3800 0.980145 0.64389 8.95319
5.79934 14.3800 0.980145 0.66165 8.71183
5.79934 14.3800 0.980145 0.67941 8.47891
5.79934 14.3800 0.980145 0.69718 8.17479
5.79934 14.3800 0.980145 0.71494 7.96085
5.79934 14.3800 0.980145 0.73270 7.65677
5.79934 14.3800 0.980145 0.75046 7.38509
5.79934 14.3800 0.980145 0.76822 7.09414
5.79934 14.3800 0.980145 0.78598 6.18963
5.79934 14.3800 0.980145 0.80374 4.20292
5.79934 14.3800 0.980145 0.82150 2.13105
5.79934 14.3800 0.980145 0.83926 -0.02952
5.79934 14.3800 0.980145 0.85702 -2.28251
5.79934 14.3800 0.980145 0.87478 -4.63177
5.79934 14.3800 0.980145 0.89254 -7.08131
5.79934 14.3800 0.980145 0.91030 -9.63534
5.79934 14.3800 0.980145 0.92806 -12.29819
5.79934 14.3800 0.980145 0.94582 -15.07443
5.79934 14.3800 0.980145 0.96358 -17.96878
5.79934 14.3800 0.980145 0.98134 -20.98616
5.79934 14.3800 0.980145 0.99910 -24.13173
5.79934 14.3800 0.980145 1.01686 -27.41083
5.79934 14.3800 0.980145 1.03462 -30.82902
5.79934 14.3800 0.980145 1.05238 -34.39212
5.79934 14.3800 0.980145 1.07014 -38.10620
5.79934 14.3800 0.980145 1.08790 -41.97751
5.79934 14.3800 0.980145 1.10567 -46.01265
5.79934 14.3800 0.980145 1.12343 -50.21848
5.79934 14.3800 0.980145 1.14119 -54.60206
5.79934 14.3800 0.980145 1.15895 -59.17085
5.79934 14.3800 0.980145 1.17671 -63.93258
5.79934 14.3800 0.980145 1.19447 -68.89533
5.79934 14.3800 0.980145 1.21223 -74.06742
5.79934 14.3800 0.980145 1.22999 -79.45764
5.79934 14.3800 0.980145 1.24775 -85.07513
5.79934 14.3800 0.980145 1.26551 -90.92928
5.79934 14.3800 0.980145 1.28327 -97.03003
5.79934 14.3800 0.980145 1.30103 -103.38771
5.89763 14.3800 0.019855 -1.52288 18.14767
5.89763 14.3800 0.019855 -1.50512 18.17391
5.89763 14.3800 0.019855 -1.48736 18.20012
5.89763 14.3800 0.019855 -1.46960 18.22617
5.89763 14.3800 0.019855 -1.45184 18.25173
5.89763 14.3800 0.019855 -1.43408 18.27689
5.89763 14.3800 0.019855 -1.41632 18.30182
5.89763 14.3800 0.019855 -1.39856 18.32643
5.89763 14.3800 0.019855 -1.38080 18.35074
5.89763 14.3800 0.019855 -1.36303 18.37463
5.89763 14.3800 0.019855 -1.34527 18.39818
5.89763 14.3800 0.019855 -1.32751 18.42135
5.89763 14.3800 0.019855 -1.30975 18.44412
5.89763 14.3800 0.019855 -1.29199 18.46649
5.89763 14.3800 0.019855 -1.27423 18.48798
5.89763 14.3800 0.019855 -1.25647 18.50904
5.89763 14.3800 0.019855 -1.23871 18.52955
5.89763 14.3800 0.019855 -1.22095 18.54950
5.89763 14.3800 0.019855 -1.20319 18.56852
5.89763 14.3800 0.019855 -1.18543 18.58670
5.89763 14.3800 0.019855 -1.16767 18.60446
5.89763 14.3800 0.019855 -1.14991 18.62073
5.89763 14.3800 0.019855 -1.13215 18.63648
5.89763 14.3800 0.019855 -1.11439 18.65090
5.89763 14.3800 0.019855 -1.09663 18.66409
5.89763 14.3800 0.019855 -1.07887 18.67642
5.89763 14.3800 0.019855 -1.06111 18.68655
5.89763 14.3800 0.019855 -1.04335 18.69594
5.89763 14.3800 0.019855 -1.02559 18.70291
5.89763 14.3800 0.019855 -1.00783 18.70820
5.89763 14.3800 0.019855 -0.99007 18.71174
5.89763 14.3800 0.019855 -0.97231 18.71182
5.89763 14.3800 0.019855 -0.95454 18.71043
5.89763 14.3800 0.019855 -0.93678 18.70426
5.89763 14.3800 0.019855 -0.91902 18.69525
5.89763 14.3800 0.019855 -0.90126 18.68203
5.89763 14.3800 0.019855 -0.88350 18.66269
5.89763 14.3800 0.019855 -0.86574 18.63925
5.89763 14.3800 0.019855 -0.84798 18.60559
5.89763 14.3800 0.019855 -0.83022 18.56490
5.89763 14.3800 0.019855 -0.81246 18.51230
5.89763 14.3800 0.019855 -0.79470 18.44643
5.89763 14.3800 0.019855 -0.77694 18.36297
5.89763 14.3800 0.019855 -0.75918 18.25886
5.89763 14.3800 0.019855 -0.74142 18.12822
5.89763 14.3800 0.019855 -0.72366 17.96848
5.89763 14.3800 0.019855 -0.70590 17.73314
5.89763 14.3800 0.019855 -0.68814 17.77680
5.89763 14.3800 0.019855 -0.67038 17.89264
5.89763 14.3800 0.019855 -0.65262 17.98900
5.89763 14.3800 0.019855 -0.63486 18.07417
5.89763 14.3800 0.019855 -0.61710 18.14458
5.89763 14.3800 0.019855 -0.59934 18.20433
5.89763 14.3800 0.019855 -0.58158 18.24819
5.89763 14.3800 0.019855 -0.56382 18.28549
5.89763 14.3800 0.019855 -0.54605 18.30862
5.89763 14.3800 0.019855 -0.52829 18.32594
5.89763 14.3800 0.019855 -0.51053 18.33572
5.89763 14.3800 0.019855 -0.49277 18.33770
5.89763 14.3800 0.019855 -0.47501 18.33639
5.89763 14.3800 0.019855 -0.45725 18.32661
5.89763 14.3800 0.019855 -0.43949 18.31399
5.89763 14.3800 0.019855 -0.42173 18.29608
5.89763 14.3800 0.019855 -0.40397 18.27387
5.89763 14.3800 0.019855 -0.38621 18.24790
5.89763 14.3800 0.019855 -0.36845 18.21726
5.89763 14.3800 0.019855 -0.35069 18.18296
5.89763 14.3800 0.019855 -0.33293 18.14459
5.89763 14.3800 0.019855 -0.31517 18.10259
5.89763 14.3800 0.019855 -0.29741 18.05564
5.89763 14.3800 0.019855 -0.27965 18.00660
5.89763 14.3800 0.019855 -0.26189 17.95153
5.89763 14.3800 0.019855 -0.24413 17.89438
5.89763 14.3800 0.019855 -0.22637 17.83241
5.89763 14.3800 0.019855 -0.20861 17.76491
5.89763 14.3800 0.019855 -0.19085 17.69682
5.89763 14.3800 0.019855 -0.17309 17.61924
5.89763 14.3800 0.019855 -0.15533 17.54364
5.89763 14.3800 0.019855 -0.13757 17.45982
5.89763 14.3800 0.019855 -0.11980 17.37144
5.89763 14.3800 0.019855 -0.10204 17.28263
5.89763 14.3800 0.019855 -0.08428 17.17985
5.89763 14.3800 0.019855 -0.06652 17.08643
5.89763 14.3800 0.019855 -0.04876 16.97846
5.89763 14.3800 0.019855 -0.03100 16.86980
5.89763 14.3800 0.019855 -0.01324 16.75884
5.89763 14.3800 0.019855 0.00452 16.63110
5.89763 14.3800 0.019855 0.02228 16.52065
5.89763 14.3800 0.019855 0.04004 16.38849
5.89763 14.3800 0.019855 0.05780 16.26422
5.89763 14.3800 0.019855 0.07556 16.13382
5.89763 14.3800 0.019855 0.09332 15.99125
5.89763 14.3800 0.019855 0.11108 15.86880
5.89763 14.3800 0.019855 0.12884 15.72367
5.89763 14.3800 0.019855 0.14660 15.59979
5.89763 14.3800 0.019855 0.16436 15.46740
5.89763 14.3800 0.019855 0.18212 15.33580
5.89763 14.3800 0.019855 0.19988 15.22229
5.89763 14.3800 0.019855 0.21764 15.09498
5.89763 14.3800 0.019855 0.23540 14.99406
5.89763 14.3800 0.019855 0.25316 14.88483
5.89763 14.3800 0.019855 0.27092 14.78222
5.89763 14.3800 0.019855 0.28869 14.68695
5.89763 14.3800 0.019855 0.30645 14.58164
5.89763 14.3800 0.019855 0.32421 14.49260
5.89763 14.3800 0.019855 0.34197 14.39143
5.89763 14.3800 0.019855 0.35973 14.29210
5.89763 14.3800 0.019855 0.37749 14.19132
5.89763 14.3800 0.019855 0.39525 14.07660
5.89763 14.3800 0.019855 0.41301 13.97492
5.89763 14.3800 0.019855 0.43077 13.85412
5.89763 14.3800 0.019855 0.44853 13.73672
5.89763 14.3800 0.019855 0.46629 13.61178
5.89763 14.3800 0.019855 0.48405 13.47117
5.89763 14.3800 0.019855 0.50181 13.34446
5.89763 14.3800 0.019855 0.51957 13.18948
5.89763 14.3800 0.019855 0.53733 13.04786
5.89763 14.3800 0.019855 0.55509 12.88849
5.89763 14.3800 0.019855 0.57285 12.71608
5.89763 14.3800 0.019855 0.59061 12.55709
5.89763 14.3800 0.019855 0.60837 12.35733
5.89763 14.3800 0.019855 0.62613 12.19016
5.89763 14.3800 0.019855 0.64389 11.98640
5.89763 14.3800 0.019855 0.66165 11.77960
5.89763 14.3800 0.019855 0.67941 11.57909
5.89763 14.3800 0.019855 0.69718 11.32150
5.89763 14.3800 0.019855 0.71494 11.12873
5.89763 14.3800 0.019855 0.73270 10.86684
5.89763 14.3800 0.019855 0.75046 10.62428
5.89763 14.3800 0.019855 0.76822 10.36836
5.89763 14.3800 0.019855 0.78598 10.04376
5.89763 14.3800 0.019855 0.80374 9.81732
5.89763 14.3800 0.019855 0.82150 9.47708
5.89763 14.3800 0.019855 0.83926 9.19876
5.89763 14.3800 0.019855 0.85702 8.86560
5.89763 14.3800 0.019855 0.87478 7.51217
5.89763 14.3800 0.019855 0.89254 5.56954
5.89763 14.3800 0.019855 0.91030 3.54360
5.89763 14.3800 0.019855 0.92806 1.43087
5.89763 14.3800 0.019855 0.94582 -0.77228
5.89763 14.3800 0.019855 0.96358 -3.06962
5.89763 14.3800 0.019855 0.98134 -5.46508
5.89763 14.3800 0.019855 0.99910 -7.96275
5.89763 14.3800 0.019855 1.01686 -10.56692
5.89763 14.3800 0.019855 1.03462 -13.28200
5.89763 14.3800 0.019855 1.05238 -16.11264
5.89763 14.3800 0.019855 1.07014 -19.06368
5.89763 14.3800 0.019855 1.08790 -22.14012
5.89763 14.3800 0.019855 1.10567 -25.34719
5.89763 14.3800 0.019855 1.12343 -28.69038
5.89763 14.3800 0.019855 1.14119 -32.17533
5.89763 14.3800 0.019855 1.15895 -35.80797
5.89763 14.3800 0.019855 1.17671 -39.59447
5.89763 14.3800 0.019855 1.19447 -43.54128
5.89763 14.3800 0.019855 1.21223 -47.65503
5.89763 14.3800 0.019855 1.22999 -51.94273
5.89763 14.3800 0.019855 1.24775 -56.41167
5.89763 14.3800 0.019855 1.26551 -61.06934
5.89763 14.3800 0.019855 1.28327 -65.92366
5.89763 14.3800 0.019855 1.30103 -70.98286
5.89763 14.3800 0.101667 -1.52288 18.26819
5.89763 14.3800 0.101667 -1.50512 18.29380
5.89763 14.3800 0.101667 -1.48736 18.32031
5.89763 14.3800 0.101667 -1.46960 18.34729
5.89763 14.3800 0.101667 -1.45184 18.37415
5.89763 14.3800 0.101667 -1.43408 18.40033
5.89763 14.3800 0.101667 -1.41632 18.42522
5.89763 14.3800 0.101667 -1.39856 18.45014
5.89763 14.3800 0.101667 -1.38080 18.47508
5.89763 14.3800 0.101667 -1.36303 18.49982
5.89763 14.3800 0.101667 -1.34527 18.52422
5.89763 14.3800 0.101667 -1.32751 18.54818
5.89763 14.3800 0.101667 -1.30975 18.57171
5.89763 14.3800 0.101667 -1.29199 18.59479
5.89763 14.3800 0.101667 -1.27423 18.61745
5.89763 14.3800 0.101667 -1.25647 18.63979
5.89763 14.3800 0.101667 -1.23871 18.66130
5.89763 14.3800 0.101667 -1.22095 18.68231
5.89763 14.3800 0.101667 -1.20319 18.70257
5.89763 14.3800 0.101667 -1.18543 18.72234
5.89763 14.3800 0.101667 -1.16767 18.74182
5.89763 14.3800 0.101667 -1.14991 18.76015
5.89763 14.3800 0.101667 -1.13215 18.77785
5.89763 14.3800 0.101667 -1.11439 18.79400
5.89763 14.3800 0.101667 -1.09663 18.80977
5.89763 14.3800 0.101667 -1.07887 18.82528
5.89763 14.3800 0.101667 -1.06111 18.83813
5.89763 14.3800 0.101667 -1.04335 18.85035
5.89763 14.3800 0.101667 -1.02559 18.86103
5.89763 14.3800 0.101667 -1.00783 18.87018
5.89763 14.3800 0.101667 -0.99007 18.87775
5.89763 14.3800 0.101667 -0.97231 18.88274
5.89763 14.3800 0.101667 -0.95454 18.88669
5.89763 14.3800 0.101667 -0.93678 18.88674
5.89763 14.3800 0.101667 -0.91902 18.88465
5.89763 14.3800 0.101667 -0.90126 18.87939
5.89763 14.3800 0.101667 -0.88350 18.86923
5.89763 14.3800 0.101667 -0.86574 18.85630
5.89763 14.3800 0.101667 -0.84798 18.83473
5.89763 14.3800 0.101667 -0.83022 18.80768
5.89763 14.3800 0.101667 -0.81246 18.77038
5.89763 14.3800 0.101667 -0.79470 18.71864
5.89763 14.3800 0.101667 -0.77694 18.65140
5.89763 14.3800 0.101667 -0.75918 18.55111
5.89763 14.3800 0.101667 -0.74142 18.40460
5.89763 14.3800 0.101667 -0.72366 18.18242
5.89763 14.3800 0.101667 -0.70590 17.85253
5.89763 14.3800 0.101667 -0.68814 17.93572
5.89763 14.3800 0.101667 -0.67038 18.17485
5.89763 14.3800 0.101667 -0.65262 18.34739
5.89763 14.3800 0.101667 -0.63486 18.46104
5.89763 14.3800 0.101667 -0.61710 18.54211
5.89763 14.3800 0.101667 -0.59934 18.60277
5.89763 14.3800 0.101667 -0.58158 18.64427
5.89763 14.3800 0.101667 -0.56382 18.67911
5.89763 14.3800 0.101667 -0.54605 18.70215
5.89763 14.3800 0.101667 -0.52829 18.72105
5.89763 14.3800 0.101667 -0.51053 18.73467
5.89763 14.3800 0.101667 -0.49277 18.74300
5.89763 14.3800 0.101667 -0.47501 18.74925
5.89763 14.3800 0.101667 -0.45725 18.74951
5.89763 14.3800 0.101667 -0.43949 18.74795
5.89763 14.3800 0.101667 -0.42173 18.74277
5.89763 14.3800 0.101667 -0.40397 18.73429
5.89763 14.3800 0.101667 -0.38621 18.72361
5.89763 14.3800 0.101667 -0.36845 18.70863
5.89763 14.3800 0.101667 -0.35069 18.69162
5.89763 14.3800 0.101667 -0.33293 18.67122
5.89763 14.3800 0.101667 -0.31517 18.64803
5.89763 14.3800 0.101667 -0.29741 18.62179
5.89763 14.3800 0.101667 -0.27965 18.59260
5.89763 14.3800 0.101667 -0.26189 18.56019
5.89763 14.3800 0.101667 -0.24413 18.52489
5.89763 14.3800 0.101667 -0.22637 18.48646
5.89763 14.3800 0.101667 -0.20861 18.44430
5.89763 14.3800 0.101667 -0.19085 18.40014
5.89763 14.3800 0.101667 -0.17309 18.35091
5.89763 14.3800 0.101667 -0.15533 18.30047
5.89763 14.3800 0.101667 -0.13757 18.24536
5.89763 14.3800 0.101667 -0.11980 18.18648
5.89763 14.3800 0.101667 -0.10204 18.12595
5.89763 14.3800 0.101667 -0.08428 18.05767
5.89763 14.3800 0.101667 -0.06652 17.99170
5.89763 14.3800 0.101667 -0.04876 17.91775
5.89763 14.3800 0.101667 -0.03100 17.84139
5.89763 14.3800 0.101667 -0.01324 17.76254
5.89763 14.3800 0.101667 0.00452 17.67338
5.89763 14.3800 0.101667 0.02228 17.59081
5.89763 14.3800 0.101667 0.04004 17.49535
5.89763 14.3800 0.101667 0.05780 17.40099
5.89763 14.3800 0.101667 0.07556 17.30137
5.89763 14.3800 0.101667 0.09332 17.19098
5.89763 14.3800 0.101667 0.11108 17.08903
5.89763 14.3800 0.101667 0.12884 16.96882
5.89763 14.3800 0.101667 0.14660 16.85643
5.89763 14.3800 0.101667 0.16436 16.73303
5.89763 14.3800 0.101667 0.18212 16.60092
5.89763 14.3800 0.101667 0.19988 16.47708
5.89763 14.3800 0.101667 0.21764 16.32854
5.89763 14.3800 0.101667 0.23540 16.19881
5.89763 14.3800 0.101667 0.25316 16.04839
5.89763 14.3800 0.101667 0.27092 15.89523
5.89763 14.3800 0.101667 0.28869 15.74686
5.89763 14.3800 0.101667 0.30645 15.56689
5.89763 14.3800 0.101667 0.32421 15.42195
5.89763 14.3800 0.101667 0.34197 15.24217
5.89763 14.3800 0.101667 0.35973 15.07095
5.89763 14.3800 0.101667 0.37749 14.89675
5.89763 14.3800 0.101667 0.39525 14.68979
5.89763 14.3800 0.101667 0.41301 14.52988
5.89763 14.3800 0.101667 0.43077 14.32255
5.89763 14.3800 0.101667 0.44853 14.14059
5.89763 14.3800 0.101667 0.46629 13.94409
5.89763 14.3800 0.101667 0.48405 13.72700
5.89763 14.3800 0.101667 0.50181 13.55086
5.89763 14.3800 0.101667 0.51957 13.32550
5.89763 14.3800 0.101667 0.53733 13.14273
5.89763 14.3800 0.101667 0.55509 12.93247
5.89763 14.3800 0.101667 0.57285 12.71693
5.89763 14.3800 0.101667 0.59061 12.52825
5.89763 14.3800 0.101667 0.60837 12.29066
5.89763 14.3800 0.101667 0.62613 12.10753
5.89763 14.3800 0.101667 0.64389 11.88097
5.89763 14.3800 0.101667 0.66165 11.66032
5.89763 14.3800 0.101667 0.67941 11.44924
5.89763 14.3800 0.101667 0.69718 11.18097
5.89763 14.3800 0.101667 0.71494 10.98594
5.89763 14.3800 0.101667 0.73270 10.72027
5.89763 14.3800 0.101667 0.75046 10.47763
5.89763 14.3800 0.101667 0.76822 10.22242
5.89763 14.3800 0.101667 0.78598 9.90120
5.89763 14.3800 0.101667 0.80374 9.67727
5.89763 14.3800 0.101667 0.82150 9.34316
5.89763 14.3800 0.101667 0.83926 9.06928
5.89763 14.3800 0.101667 0.85702 8.74339
5.89763 14.3800 0.101667 0.87478 7.51217
5.89763 14.3800 0.101667 0.89254 5.56954
5.89763 14.3800 0.101667 0.91030 3.54360
5.89763 14.3800 0.101667 0.92806 1.43087
5.89763 14.3800 0.101667 0.94582 -0.77228
5.89763 14.3800 0.101667 0.96358 -3.06962
5.89763 14.3800 0.101667 0.98134 -5.46508
5.89763 14.3800 0.101667 0.99910 -7.96275
5.89763 14.3800 0.101667 1.01686 -10.56692
5.89763 14.3800 0.101667 1.03462 -13.28200
5.89763 14.3800 0.101667 1.05238 -16.11264
5.89763 14.3800 0.101667 1.07014 -19.06368
5.89763 14.3800 0.101667 1.08790 -22.14012
5.89763 14.3800 0.101667 1.10567 -25.34719
5.89763 14.3800 0.101667 1.12343 -28.69038
5.89763 14.3800 0.101667 1.14119 -32.17533
5.89763 14.3800 0.101667 1.15895 -35.80797
5.89763 14.3800 0.101667 1.17671 -39.59447
5.89763 14.3800 0.101667 1.19447 -43.54128
5.89763 14.3800 0.101667 1.21223 -47.65503
5.89763 14.3800 0.101667 1.22999 -51.94273
5.89763 14.3800 0.101667 1.24775 -56.41167
5.89763 14.3800 0.101667 1.26551 -61.06934
5.89763 14.3800 0.101667 1.28327 -65.92366
5.89763 14.3800 0.101667 1.30103 -70.98286
5.89763 14.3800 0.237234 -1.52288 18.33705
5.89763 14.3800 0.237234 -1.50512 18.36789
5.89763 14.3800 0.237234 -1.48736 18.39619
5.89763 14.3800 0.237234 -1.46960 18.42262
5.89763 14.3800 0.237234 -1.45184 18.44719
5.89763 14.3800 0.237234 -1.43408 18.47086
5.89763 14.3800 0.237234 -1.41632 18.49268
5.89763 14.3800 0.237234 -1.39856 18.51786
5.89763 14.3800 0.237234 -1.38080 18.54614
5.89763 14.3800 0.237234 -1.36303 18.57221
5.89763 14.3800 0.237234 -1.34527 18.59709
5.89763 14.3800 0.237234 -1.32751 18.61902
5.89763 14.3800 0.237234 -1.30975 18.64131
5.89763 14.3800 0.237234 -1.29199 18.66416
5.89763 14.3800 0.237234 -1.27423 18.68810
5.89763 14.3800 0.237234 -1.25647 18.71218
5.89763 14.3800 0.237234 -1.23871 18.73487
5.89763 14.3800 0.237234 -1.22095 18.75691
5.89763 14.3800 0.237234 -1.20319 18.77799
5.89763 14.3800 0.237234 -1.18543 18.79807
5.89763 14.3800 0.237234 -1.16767 18.81761
5.89763 14.3800 0.237234 -1.14991 18.83612
5.89763 14.3800 0.237234 -1.13215 18.85417
5.89763 14.3800 0.237234 -1.11439 18.87118
5.89763 14.3800 0.237234 -1.09663 18.88782
5.89763 14.3800 0.237234 -1.07887 18.90421
5.89763 14.3800 0.237234 -1.06111 18.91842
5.89763 14.3800 0.237234 -1.04335 18.93206
5.89763 14.3800 0.237234 -1.02559 18.94415
5.89763 14.3800 0.237234 -1.00783 18.95444
5.89763 14.3800 0.237234 -0.99007 18.96291
5.89763 14.3800 0.237234 -0.97231 18.96965
5.89763 14.3800 0.237234 -0.95454 18.97556
5.89763 14.3800 0.237234 -0.93678 18.97722
5.89763 14.3800 0.237234 -0.91902 18.97707
5.89763 14.3800 0.237234 -0.90126 18.97426
5.89763 14.3800 0.237234 -0.88350 18.96682
5.89763 14.3800 0.237234 -0.86574 18.95692
5.89763 14.3800 0.237234 -0.84798 18.93913
5.89763 14.3800 0.237234 -0.83022 18.91671
5.89763 14.3800 0.237234 -0.81246 18.88561
5.89763 14.3800 0.237234 -0.79470 18.84191
5.89763 14.3800 0.237234 -0.77694 18.78572
5.89763 14.3800 0.237234 -0.75918 18.69918
5.89763 14.3800 0.237234 -0.74142 18.56690
5.89763 14.3800 0.237234 -0.72366 18.33727
5.89763 14.3800 0.237234 -0.70590 17.93757
5.89763 14.3800 0.237234 -0.68814 18.05946
5.89763 14.3800 0.237234 -0.67038 18.35994
5.89763 14.3800 0.237234 -0.65262 18.53679
5.89763 14.3800 0.237234 -0.63486 18.64063
5.89763 14.3800 0.237234 -0.61710 18.71539
5.89763 14.3800 0.237234 -0.59934 18.77171
5.89763 14.3800 0.237234 -0.58158 18.81295
5.89763 14.3800 0.237234 -0.56382 18.84863
5.89763 14.3800 0.237234 -0.54605 18.87490
5.89763 14.3800 0.237234 -0.52829 18.89760
5.89763 14.3800 0.237234 -0.51053 18.91593
5.89763 14.3800 0.237234 -0.49277 18.92961
5.89763 14.3800 0.237234 -0.47501 18.94151
5.89763 14.3800 0.237234 -0.45725 18.94813
5.89763 14.3800 0.237234 -0.43949 18.95314
5.89763 14.3800 0.237234 -0.42173 18.95487
5.89763 14.3800 0.237234 -0.40397 18.95358
5.89763 14.3800 0.237234 -0.38621 18.95055
5.89763 14.3800 0.237234 -0.36845 18.94345
5.89763 14.3800 0.237234 -0.35069 18.93479
5.89763 14.3800 0.237234 -0.33293 18.92282
5.89763 14.3800 0.237234 -0.31517 18.90844
5.89763 14.3800 0.237234 -0.29741 18.89173
5.89763 14.3800 0.237234 -0.27965 18.87185
5.89763 14.3800 0.237234 -0.26189 18.84970
5.89763 14.3800 0.237234 -0.24413 18.82459
5.89763 14.3800 0.237234 -0.22637 18.79690
5.89763 14.3800 0.237234 -0.20861 18.76618
5.89763 14.3800 0.237234 -0.19085 18.73307
5.89763 14.3800 0.237234 -0.17309 18.69640
5.89763 14.3800 0.237234 -0.15533 18.65771
5.89763 14.3800 0.237234 -0.13757 18.61556
5.89763 14.3800 0.237234 -0.11980 18.57014
5.89763 14.3800 0.237234 -0.10204 18.52274
5.89763 14.3800 0.237234 -0.08428 18.46987
5.89763 14.3800 0.237234 -0.06652 18.41722
5.89763 14.3800 0.237234 -0.04876 18.35894
5.89763 14.3800 0.237234 -0.03100 18.29806
5.89763 14.3800 0.237234 -0.01324 18.23478
5.89763 14.3800 0.237234 0.00452 18.16400
5.89763 14.3800 0.237234 0.02228 18.09637
5.89763 14.3800 0.237234 0.04004 18.01967
5.89763 14.3800 0.237234 0.05780 17.94256
5.89763 14.3800 0.237234 0.07556 17.86128
5.89763 14.3800 0.237234 0.09332 17.77174
5.89763 14.3800 0.237234 0.11108 17.68694
5.89763 14.3800 0.237234 0.12884 17.58901
5.89763 14.3800 0.237234 0.14660 17.49512
5.89763 14.3800 0.237234 0.16436 17.39312
5.89763 14.3800 0.237234 0.18212 17.28370
5.89763 14.3800 0.237234 0.19988 17.17929
5.89763 14.3800 0.237234 0.21764 17.05654
5.89763 14.3800 0.237234 0.23540 16.94557
5.89763 14.3800 0.237234 0.25316 16.81935
5.89763 14.3800 0.237234 0.27092 16.68926
5.89763 14.3800 0.237234 0.28869 16.56199
5.89763 14.3800 0.237234 0.30645 16.41001
5.89763 14.3800 0.237234 0.32421 16.28203
5.89763 14.3800 0.237234 0.34197 16.12719
5.89763 14.3800 0.237234 0.35973 15.97599
5.89763 14.3800 0.237234 0.37749 15.82166
5.89763 14.3800 0.237234 0.39525 15.63854
5.89763 14.3800 0.237234 0.41301 15.49055
5.89763 14.3800 0.237234 0.43077 15.30164
5.89763 14.3800 0.237234 0.44853 15.12957
5.89763 14.3800 0.237234 0.46629 14.94288
5.89763 14.3800 0.237234 0.48405 14.73182
5.89763 14.3800 0.237234 0.50181 14.55534
5.89763 14.3800 0.237234 0.51957 14.32582
5.89763 14.3800 0.237234 0.53733 14.13388
5.89763 14.3800 0.237234 0.55509 13.90825
5.89763 14.3800 0.237234 0.57285 13.67000
5.89763 14.3800 0.237234 0.59061 13.45883
5.89763 14.3800 0.237234 0.60837 13.18147
5.89763 14.3800 0.237234 0.62613 12.97177
5.89763 14.3800 0.237234 0.64389 12.69978
5.89763 14.3800 0.237234 0.66165 12.43690
5.89763 14.3800 0.237234 0.67941 12.18350
5.89763 14.3800 0.237234 0.69718 11.85073
5.89763 14.3800 0.237234 0.71494 11.62642
5.89763 14.3800 0.237234 0.73270 11.30026
5.89763 14.3800 0.237234 0.75046 11.01714
5.89763 14.3800 0.237234 0.76822 10.71304
5.89763 14.3800 0.237234 0.78598 10.32997
5.89763 14.3800 0.237234 0.80374 10.08188
5.89763 14.3800 0.237234 0.82150 9.69252
5.89763 14.3800 0.237234 0.83926 9.39306
5.89763 14.3800 0.237234 0.85702 9.02627
5.89763 14.3800 0.237234 0.87478 7.51217
5.89763 14.3800 0.237234 0.89254 5.56954
5.89763 14.3800 0.237234 0.91030 3.54360
5.89763 14.3800 0.237234 0.92806 1.43087
5.89763 14.3800 0.237234 0.94582 -0.77228
5.89763 14.3800 0.237234 0.96358 -3.06962
5.89763 14.3800 0.237234 0.98134 -5.46508
5.89763 14.3800 0.237234 0.99910 -7.96275
5.89763 14.3800 0.237234 1.01686 -10.56692
5.89763 14.3800 0.237234 1.03462 -13.28200
5.89763 14.3800 0.237234 1.05238 -16.11264
5.89763 14.3800 0.237234 1.07014 -19.06368
5.89763 14.3800 0.237234 1.08790 -22.14012
5.89763 14.3800 0.237234 1.10567 -25.34719
5.89763 14.3800 0.237234 1.12343 -28.69038
5.89763 14.3800 0.237234 1.14119 -32.17533
5.89763 14.3800 0.237234 1.15895 -35.80797
5.89763 14.3800 0.237234 1.17671 -39.59447
5.89763 14.3800 0.237234 1.19447 -43.54128
5.89763 14.3800 0.237234 1.21223 -47.65503
5.89763 14.3800 0.237234 1.22999 -51.94273
5.89763 14.3800 0.237234 1.24775 -56.41167
5.89763 14.3800 0.237234 1.26551 -61.06934
5.89763 14.3800 0.237234 1.28327 -65.92366
5.89763 14.3800 0.237234 1.30103 -70.98286
5.89763 14.3800 0.408283 -1.52288 18.38049
5.89763 14.3800 0.408283 -1.50512 18.41043
5.89763 14.3800 0.408283 -1.48736 18.44031
5.89763 14.3800 0.408283 -1.46960 18.46992
5.89763 14.3800 0.408283 -1.45184 18.49115
5.89763 14.3800 0.408283 -1.43408 18.51371
5.89763 14.3800 0.408283 -1.41632 18.54690
5.89763 14.3800 0.408283 -1.39856 18.57319
5.89763 14.3800 0.408283 -1.38080 18.59315
5.89763 14.3800 0.408283 -1.36303 18.61678
5.89763 14.3800 0.408283 -1.34527 18.64099
5.89763 14.3800 0.408283 -1.32751 18.66467
5.89763 14.3800 0.408283 -1.30975 18.68822
5.89763 14.3800 0.408283 -1.29199 18.71171
5.89763 14.3800 0.408283 -1.27423 18.73729
5.89763 14.3800 0.408283 -1.25647 18.76316
5.89763 14.3800 0.408283 -1.23871 18.78404
5.89763 14.3800 0.408283 -1.22095 18.80493
5.89763 14.3800 0.408283 -1.20319 18.82596
5.89763 14.3800 0.408283 -1.18543 18.84711
5.89763 14.3800 0.408283 -1.16767 18.86825
5.89763 14.3800 0.408283 -1.14991 18.88796
5.89763 14.3800 0.408283 -1.13215 18.90711
5.89763 14.3800 0.408283 -1.11439 18.92505
5.89763 14.3800 0.408283 -1.09663 18.94142
5.89763 14.3800 0.408283 -1.07887 18.95669
5.89763 14.3800 0.408283 -1.06111 18.97166
5.89763 14.3800 0.408283 -1.04335 18.98603
5.89763 14.3800 0.408283 -1.02559 18.99774
5.89763 14.3800 0.408283 -1.00783 19.00866
5.89763 14.3800 0.408283 -0.99007 19.01878
5.89763 14.3800 0.408283 -0.97231 19.02556
5.89763 14.3800 0.408283 -0.95454 19.03123
5.89763 14.3800 0.408283 -0.93678 19.03368
5.89763 14.3800 0.408283 -0.91902 19.03440
5.89763 14.3800 0.408283 -0.90126 19.03254
5.89763 14.3800 0.408283 -0.88350 19.02623
5.89763 14.3800 0.408283 -0.86574 19.01760
5.89763 14.3800 0.408283 -0.84798 19.00137
5.89763 14.3800 0.408283 -0.83022 18.98079
5.89763 14.3800 0.408283 -0.81246 18.95199
5.89763 14.3800 0.408283 -0.79470 18.91156
5.89763 14.3800 0.408283 -0.77694 18.85992
5.89763 14.3800 0.408283 -0.75918 18.78067
5.89763 14.3800 0.408283 -0.74142 18.65950
5.89763 14.3800 0.408283 -0.72366 18.43794
5.89763 14.3800 0.408283 -0.70590 18.00318
5.89763 14.3800 0.408283 -0.68814 18.14991
5.89763 14.3800 0.408283 -0.67038 18.46984
5.89763 14.3800 0.408283 -0.65262 18.63793
5.89763 14.3800 0.408283 -0.63486 18.73498
5.89763 14.3800 0.408283 -0.61710 18.80661
5.89763 14.3800 0.408283 -0.59934 18.86186
5.89763 14.3800 0.408283 -0.58158 18.90376
5.89763 14.3800 0.408283 -0.56382 18.94053
5.89763 14.3800 0.408283 -0.54605 18.96899
5.89763 14.3800 0.408283 -0.52829 18.99400
5.89763 14.3800 0.408283 -0.51053 19.01491
5.89763 14.3800 0.408283 -0.49277 19.03127
5.89763 14.3800 0.408283 -0.47501 19.04587
5.89763 14.3800 0.408283 -0.45725 19.05567
5.89763 14.3800 0.408283 -0.43949 19.06390
5.89763 14.3800 0.408283 -0.42173 19.06898
5.89763 14.3800 0.408283 -0.40397 19.07113
5.89763 14.3800 0.408283 -0.38621 19.07170
5.89763 14.3800 0.408283 -0.36845 19.06832
5.89763 14.3800 0.408283 -0.35069 19.06360
5.89763 14.3800 0.408283 -0.33293 19.05583
5.89763 14.3800 0.408283 -0.31517 19.04574
5.89763 14.3800 0.408283 -0.29741 19.03355
5.89763 14.3800 0.408283 -0.27965 19.01811
5.89763 14.3800 0.408283 -0.26189 19.00080
5.89763 14.3800 0.408283 -0.24413 18.98065
5.89763 14.3800 0.408283 -0.22637 18.95814
5.89763 14.3800 0.408283 -0.20861 18.93289
5.89763 14.3800 0.408283 -0.19085 18.90516
5.89763 14.3800 0.408283 -0.17309 18.87451
5.89763 14.3800 0.408283 -0.15533 18.84159
5.89763 14.3800 0.408283 -0.13757 18.80568
5.89763 14.3800 0.408283 -0.11980 18.76675
5.89763 14.3800 0.408283 -0.10204 18.72571
5.89763 14.3800 0.408283 -0.08428 18.68014
5.89763 14.3800 0.408283 -0.06652 18.63403
5.89763 14.3800 0.408283 -0.04876 18.58325
5.89763 14.3800 0.408283 -0.03100 18.52983
5.89763 14.3800 0.408283 -0.01324 18.47406
5.89763 14.3800 0.408283 0.00452 18.41198
5.89763 14.3800 0.408283 0.02228 18.35172
5.89763 14.3800 0.408283 0.04004 18.28396
5.89763 14.3800 0.408283 0.05780 18.21518
5.89763 14.3800 0.408283 0.07556 18.14271
5.89763 14.3800 0.408283 0.09332 18.06311
5.89763 14.3800 0.408283 0.11108 17.98677
5.89763 14.3800 0.408283 0.12884 17.89945
5.89763 14.3800 0.408283 0.14660 17.81470
5.89763 14.3800 0.408283 0.16436 17.72303
5.89763 14.3800 0.408283 0.18212 17.62469
5.89763 14.3800 0.408283 0.19988 17.52996
5.89763 14.3800 0.408283 0.21764 17.41974
5.89763 14.3800 0.408283 0.23540 17.31846
5.89763 14.3800 0.408283 0.25316 17.20434
5.89763 14.3800 0.408283 0.27092 17.08621
5.89763 14.3800 0.408283 0.28869 16.97012
5.89763 14.3800 0.408283 0.30645 16.83288
5.89763 14.3800 0.408283 0.32421 16.71488
5.89763 14.3800 0.408283 0.34197 16.57418
5.89763 14.3800 0.408283 0.35973 16.43553
5.89763 14.3800 0.408283 0.37749 16.29411
5.89763 14.3800 0.408283 0.39525 16.12754
5.89763 14.3800 0.408283 0.41301 15.98999
5.89763 14.3800 0.408283 0.43077 15.81746
5.89763 14.3800 0.408283 0.44853 15.65798
5.89763 14.3800 0.408283 0.46629 15.48608
5.89763 14.3800 0.408283 0.48405 15.29199
5.89763 14.3800 0.408283 0.50181 15.12718
5.89763 14.3800 0.408283 0.51957 14.91607
5.89763 14.3800 0.408283 0.53733 14.73589
5.89763 14.3800 0.408283 0.55509 14.52664
5.89763 14.3800 0.408283 0.57285 14.30433
5.89763 14.3800 0.408283 0.59061 14.10573
5.89763 14.3800 0.408283 0.60837 13.84747
5.89763 14.3800 0.408283 0.62613 13.64734
5.89763 14.3800 0.408283 0.64389 13.39166
5.89763 14.3800 0.408283 0.66165 13.14120
5.89763 14.3800 0.408283 0.67941 12.89951
5.89763 14.3800 0.408283 0.69718 12.58264
5.89763 14.3800 0.408283 0.71494 12.36372
5.89763 14.3800 0.408283 0.73270 12.04912
5.89763 14.3800 0.408283 0.75046 11.77141
5.89763 14.3800 0.408283 0.76822 11.47331
5.89763 14.3800 0.408283 0.78598 11.09451
5.89763 14.3800 0.408283 0.80374 10.84625
5.89763 14.3800 0.408283 0.82150 10.45510
5.89763 14.3800 0.408283 0.83926 10.15182
5.89763 14.3800 0.408283 0.85702 9.37482
5.89763 14.3800 0.408283 0.87478 7.51217
5.89763 14.3800 0.408283 0.89254 5.56954
5.89763 14.3800 0.408283 0.91030 3.54360
5.89763 14.3800 0.408283 0.92806 1.43087
5.89763 14.3800 0.408283 0.94582 -0.77228
5.89763 14.3800 0.408283 0.96358 -3.06962
5.89763 14.3800 0.408283 0.98134 -5.46508
5.89763 14.3800 0.408283 0.99910 -7.96275
5.89763 14.3800 0.408283 1.01686 -10.56692
5.89763 14.3800 0.408283 1.03462 -13.28200
5.89763 14.3800 0.408283 1.05238 -16.11264
5.89763 14.3800 0.408283 1.07014 -19.06368
5.89763 14.3800 0.408283 1.08790 -22.14012
5.89763 14.3800 0.408283 1.10567 -25.34719
5.89763 14.3800 0.408283 1.12343 -28.69038
5.89763 14.3800 0.408283 1.14119 -32.17533
5.89763 14.3800 0.408283 1.15895 -35.80797
5.89763 14.3800 0.408283 1.17671 -39.59447
5.89763 14.3800 0.408283 1.19447 -43.54128
5.89763 14.3800 0.408283 1.21223 -47.65503
5.89763 14.3800 0.408283 1.22999 -51.94273
5.89763 14.3800 0.408283 1.24775 -56.41167
5.89763 14.3800 0.408283 1.26551 -61.06934
5.89763 14.3800 0.408283 1.28327 -65.92366
5.89763 14.3800 0.408283 1.30103 -70.98286
5.89763 14.3800 0.591717 -1.52288 18.41822
5.89763 14.3800 0.591717 -1.50512 18.43548
5.89763 14.3800 0.591717 -1.48736 18.46421
5.89763 14.3800 0.591717 -1.46960 18.50042
5.89763 14.3800 0.591717 -1.45184 18.52445
5.89763 14.3800 0.591717 -1.43408 18.54665
5.89763 14.3800 0.591717 -1.41632 18.56868
5.89763 14.3800 0.591717 -1.39856 18.59456
5.89763 14.3800 0.591717 -1.38080 18.62399
5.89763 14.3800 0.591717 -1.36303 18.65023
5.89763 14.3800 0.591717 -1.34527 18.67536
5.89763 14.3800 0.591717 -1.32751 18.69986
5.89763 14.3800 0.591717 -1.30975 18.72390
5.89763 14.3800 0.591717 -1.29199 18.74747
5.89763 14.3800 0.591717 -1.27423 18.77294
5.89763 14.3800 0.591717 -1.25647 18.79861
5.89763 14.3800 0.591717 -1.23871 18.81863
5.89763 14.3800 0.591717 -1.22095 18.83912
5.89763 14.3800 0.591717 -1.20319 18.86058
5.89763 14.3800 0.591717 -1.18543 18.88092
5.89763 14.3800 0.591717 -1.16767 18.90064
5.89763 14.3800 0.591717 -1.14991 18.91927
5.89763 14.3800 0.591717 -1.13215 18.93825
5.89763 14.3800 0.591717 -1.11439 18.95835
5.89763 14.3800 0.591717 -1.09663 18.97637
5.89763 14.3800 0.591717 -1.07887 18.99291
5.89763 14.3800 0.591717 -1.06111 19.00716
5.89763 14.3800 0.591717 -1.04335 19.02109
5.89763 14.3800 0.591717 -1.02559 19.03458
5.89763 14.3800 0.591717 -1.00783 19.04547
5.89763 14.3800 0.591717 -0.99007 19.05376
5.89763 14.3800 0.591717 -0.97231 19.06062
5.89763 14.3800 0.591717 -0.95454 19.06685
5.89763 14.3800 0.591717 -0.93678 19.06992
5.89763 14.3800 0.591717 -0.91902 19.07087
5.89763 14.3800 0.591717 -0.90126 19.06871
5.89763 14.3800 0.591717 -0.88350 19.06236
5.89763 14.3800 0.591717 -0.86574 19.05380
5.89763 14.3800 0.591717 -0.84798 19.03757
5.89763 14.3800 0.591717 -0.83022 19.01714
5.89763 14.3800 0.591717 -0.81246 18.98882
5.89763 14.3800 0.591717 -0.79470 18.94927
5.89763 14.3800 0.591717 -0.77694 18.89894
5.89763 14.3800 0.591717 -0.75918 18.82262
5.89763 14.3800 0.591717 -0.74142 18.70662
5.89763 14.3800 0.591717 -0.72366 18.49235
5.89763 14.3800 0.591717 -0.70590 18.05006
5.89763 14.3800 0.591717 -0.68814 18.20440
5.89763 14.3800 0.591717 -0.67038 18.52325
5.89763 14.3800 0.591717 -0.65262 18.68401
5.89763 14.3800 0.591717 -0.63486 18.77720
5.89763 14.3800 0.591717 -0.61710 18.84683
5.89763 14.3800 0.591717 -0.59934 18.90106
5.89763 14.3800 0.591717 -0.58158 18.94275
5.89763 14.3800 0.591717 -0.56382 18.97950
5.89763 14.3800 0.591717 -0.54605 19.00809
5.89763 14.3800 0.591717 -0.52829 19.03333
5.89763 14.3800 0.591717 -0.51053 19.05458
5.89763 14.3800 0.591717 -0.49277 19.07138
5.89763 14.3800 0.591717 -0.47501 19.08645
5.89763 14.3800 0.591717 -0.45725 19.09674
5.89763 14.3800 0.591717 -0.43949 19.10548
5.89763 14.3800 0.591717 -0.42173 19.11111
5.89763 14.3800 0.591717 -0.40397 19.11395
5.89763 14.3800 0.591717 -0.38621 19.11530
5.89763 14.3800 0.591717 -0.36845 19.11263
5.89763 14.3800 0.591717 -0.35069 19.10870
5.89763 14.3800 0.591717 -0.33293 19.10186
5.89763 14.3800 0.591717 -0.31517 19.09270
5.89763 14.3800 0.591717 -0.29741 19.08148
5.89763 14.3800 0.591717 -0.27965 19.06708
5.89763 14.3800 0.591717 -0.26189 19.05087
5.89763 14.3800 0.591717 -0.24413 19.03180
5.89763 14.3800 0.591717 -0.22637 19.01050
5.89763 14.3800 0.591717 -0.20861 18.98661
5.89763 14.3800 0.591717 -0.19085 18.96024
5.89763 14.3800 0.591717 -0.17309 18.93108
5.89763 14.3800 0.591717 -0.15533 18.89949
5.89763 14.3800 0.591717 -0.13757 18.86509
5.89763 14.3800 0.591717 -0.11980 18.82781
5.89763 14.3800 0.591717 -0.10204 18.78843
5.89763 14.3800 0.591717 -0.08428 18.74474
5.89763 14.3800 0.591717 -0.06652 18.70027
5.89763 14.3800 0.591717 -0.04876 18.65136
5.89763 14.3800 0.591717 -0.03100 18.59988
5.89763 14.3800 0.591717 -0.01324 18.54607
5.89763 14.3800 0.591717 0.00452 18.48625
5.89763 14.3800 0.591717 0.02228 18.42792
5.89763 14.3800 0.591717 0.04004 18.36249
5.89763 14.3800 0.591717 0.05780 18.29601
5.89763 14.3800 0.591717 0.07556 18.22591
5.89763 14.3800 0.591717 0.09332 18.14891
5.89763 14.3800 0.591717 0.11108 18.07481
5.89763 14.3800 0.591717 0.12884 17.99030
5.89763 14.3800 0.591717 0.14660 17.90803
5.89763 14.3800 0.591717 0.16436 17.81915
5.89763 14.3800 0.591717 0.18212 17.72380
5.89763 14.3800 0.591717 0.19988 17.63172
5.89763 14.3800 0.591717 0.21764 17.52488
5.89763 14.3800 0.591717 0.23540 17.42629
5.89763 14.3800 0.591717 0.25316 17.31548
5.89763 14.3800 0.591717 0.27092 17.20064
5.89763 14.3800 0.591717 0.28869 17.08762
5.89763 14.3800 0.591717 0.30645 16.95440
5.89763 14.3800 0.591717 0.32421 16.83921
5.89763 14.3800 0.591717 0.34197 16.70241
5.89763 14.3800 0.591717 0.35973 16.56728
5.89763 14.3800 0.591717 0.37749 16.42948
5.89763 14.3800 0.591717 0.39525 16.26753
5.89763 14.3800 0.591717 0.41301 16.13300
5.89763 14.3800 0.591717 0.43077 15.96508
5.89763 14.3800 0.591717 0.44853 15.80925
5.89763 14.3800 0.591717 0.46629 15.64161
5.89763 14.3800 0.591717 0.48405 15.45246
5.89763 14.3800 0.591717 0.50181 15.29115
5.89763 14.3800 0.591717 0.51957 15.08548
5.89763 14.3800 0.591717 0.53733 14.90897
5.89763 14.3800 0.591717 0.55509 14.70474
5.89763 14.3800 0.591717 0.57285 14.48751
5.89763 14.3800 0.591717 0.59061 14.29302
5.89763 14.3800 0.591717 0.60837 14.04111
5.89763 14.3800 0.591717 0.62613 13.84448
5.89763 14.3800 0.591717 0.64389 13.59468
5.89763 14.3800 0.591717 0.66165 13.34918
5.89763 14.3800 0.591717 0.67941 13.11234
5.89763 14.3800 0.591717 0.69718 12.80269
5.89763 14.3800 0.591717 0.71494 12.58688
5.89763 14.3800 0.591717 0.73270 12.27898
5.89763 14.3800 0.591717 0.75046 12.00570
5.89763 14.3800 0.591717 0.76822 11.71319
5.89763 14.3800 0.591717 0.78598 11.34171
5.89763 14.3800 0.591717 0.80374 11.09637
5.89763 14.3800 0.591717 0.82150 10.71236
5.89763 14.3800 0.591717 0.83926 10.41251
5.89763 14.3800 0.591717 0.85702 9.37482
5.89763 14.3800 0.591717 0.87478 7.51217
5.89763 14.3800 0.591717 0.89254 5.56954
5.89763 14.3800 0.591717 0.91030 3.54360
5.89763 14.3800 0.591717 0.92806 1.43087
5.89763 14.3800 0.591717 0.94582 -0.77228
5.89763 14.3800 0.591717 0.96358 -3.06962
5.89763 14.3800 0.591717 0.98134 -5.46508
5.89763 14.3800 0.591717 0.99910 -7.96275
5.89763 14.3800 0.591717 1.01686 -10.56692
5.89763 14.3800 0.591717 1.03462 -13.28200
5.89763 14.3800 0.591717 1.05238 -16.11264
5.89763 14.3800 0.591717 1.07014 -19.06368
5.89763 14.3800 0.591717 1.08790 -22.14012
5.89763 14.3800 0.591717 1.10567 -25.34719
5.89763 14.3800 0.591717 1.12343 -28.69038
5.89763 14.3800 0.591717 1.14119 -32.17533
5.89763 14.3800 0.591717 1.15895 -35.80797
5.89763 14.3800 0.591717 1.17671 -39.59447
5.89763 14.3800 0.591717 1.19447 -43.54128
5.89763 14.3800 0.591717 1.21223 -47.65503
5.89763 14.3800 0.591717 1.22999 -51.94273
5.89763 14.3800 0.591717 1.24775 -56.41167
5.89763 14.3800 0.591717 1.26551 -61.06934
5.89763 14.3800 0.591717 1.28327 -65.92366
5.89763 14.3800 0.591717 1.30103 -70.98286
5.89763 14.3800 0.762766 -1.52288 18.43967
5.89763 14.3800 0.762766 -1.50512 18.47465
5.89763 14.3800 0.762766 -1.48736 18.50331
5.89763 14.3800 0.762766 -1.46960 18.52759
5.89763 14.3800 0.762766 -1.45184 18.56000
5.89763 14.3800 0.762766 -1.43408 18.58938
5.89763 14.3800 0.762766 -1.41632 18.60449
5.89763 14.3800 0.762766 -1.39856 18.62041
5.89763 14.3800 0.762766 -1.38080 18.63712
5.89763 14.3800 0.762766 -1.36303 18.66843
5.89763 14.3800 0.762766 -1.34527 18.70174
5.89763 14.3800 0.762766 -1.32751 18.73010
5.89763 14.3800 0.762766 -1.30975 18.75585
5.89763 14.3800 0.762766 -1.29199 18.77847
5.89763 14.3800 0.762766 -1.27423 18.80115
5.89763 14.3800 0.762766 -1.25647 18.82382
5.89763 14.3800 0.762766 -1.23871 18.84963
5.89763 14.3800 0.762766 -1.22095 18.87350
5.89763 14.3800 0.762766 -1.20319 18.89424
5.89763 14.3800 0.762766 -1.18543 18.91133
5.89763 14.3800 0.762766 -1.16767 18.92656
5.89763 14.3800 0.762766 -1.14991 18.94692
5.89763 14.3800 0.762766 -1.13215 18.96665
5.89763 14.3800 0.762766 -1.11439 18.98424
5.89763 14.3800 0.762766 -1.09663 19.00118
5.89763 14.3800 0.762766 -1.07887 19.01767
5.89763 14.3800 0.762766 -1.06111 19.03145
5.89763 14.3800 0.762766 -1.04335 19.04477
5.89763 14.3800 0.762766 -1.02559 19.05739
5.89763 14.3800 0.762766 -1.00783 19.06764
5.89763 14.3800 0.762766 -0.99007 19.07551
5.89763 14.3800 0.762766 -0.97231 19.08103
5.89763 14.3800 0.762766 -0.95454 19.08562
5.89763 14.3800 0.762766 -0.93678 19.08655
5.89763 14.3800 0.762766 -0.91902 19.08600
5.89763 14.3800 0.762766 -0.90126 19.08326
5.89763 14.3800 0.762766 -0.88350 19.07573
5.89763 14.3800 0.762766 -0.86574 19.06568
5.89763 14.3800 0.762766 -0.84798 19.04851
5.89763 14.3800 0.762766 -0.83022 19.02700
5.89763 14.3800 0.762766 -0.81246 18.99741
5.89763 14.3800 0.762766 -0.79470 18.95683
5.89763 14.3800 0.762766 -0.77694 18.90549
5.89763 14.3800 0.762766 -0.75918 18.82850
5.89763 14.3800 0.762766 -0.74142 18.71222
5.89763 14.3800 0.762766 -0.72366 18.49994
5.89763 14.3800 0.762766 -0.70590 18.07700
5.89763 14.3800 0.762766 -0.68814 18.21769
5.89763 14.3800 0.762766 -0.67038 18.52197
5.89763 14.3800 0.762766 -0.65262 18.67859
5.89763 14.3800 0.762766 -0.63486 18.76920
5.89763 14.3800 0.762766 -0.61710 18.83661
5.89763 14.3800 0.762766 -0.59934 18.88877
5.89763 14.3800 0.762766 -0.58158 18.92836
5.89763 14.3800 0.762766 -0.56382 18.96314
5.89763 14.3800 0.762766 -0.54605 18.98966
5.89763 14.3800 0.762766 -0.52829 19.01282
5.89763 14.3800 0.762766 -0.51053 19.03190
5.89763 14.3800 0.762766 -0.49277 19.04669
5.89763 14.3800 0.762766 -0.47501 19.05984
5.89763 14.3800 0.762766 -0.45725 19.06797
5.89763 14.3800 0.762766 -0.43949 19.07461
5.89763 14.3800 0.762766 -0.42173 19.07819
5.89763 14.3800 0.762766 -0.40397 19.07886
5.89763 14.3800 0.762766 -0.38621 19.07792
5.89763 14.3800 0.762766 -0.36845 19.07299
5.89763 14.3800 0.762766 -0.35069 19.06668
5.89763 14.3800 0.762766 -0.33293 19.05733
5.89763 14.3800 0.762766 -0.31517 19.04576
5.89763 14.3800 0.762766 -0.29741 19.03213
5.89763 14.3800 0.762766 -0.27965 19.01530
5.89763 14.3800 0.762766 -0.26189 18.99648
5.89763 14.3800 0.762766 -0.24413 18.97477
5.89763 14.3800 0.762766 -0.22637 18.95070
5.89763 14.3800 0.762766 -0.20861 18.92384
5.89763 14.3800 0.762766 -0.19085 18.89469
5.89763 14.3800 0.762766 -0.17309 18.86251
5.89763 14.3800 0.762766 -0.15533 18.82810
5.89763 14.3800 0.762766 -0.13757 18.79060
5.89763 14.3800 0.762766 -0.11980 18.75004
5.89763 14.3800 0.762766 -0.10204 18.70751
5.89763 14.3800 0.762766 -0.08428 18.66029
5.89763 14.3800 0.762766 -0.06652 18.61265
5.89763 14.3800 0.762766 -0.04876 18.56016
5.89763 14.3800 0.762766 -0.03100 18.50513
5.89763 14.3800 0.762766 -0.01324 18.44775
5.89763 14.3800 0.762766 0.00452 18.38383
5.89763 14.3800 0.762766 0.02228 18.32210
5.89763 14.3800 0.762766 0.04004 18.25257
5.89763 14.3800 0.762766 0.05780 18.18217
5.89763 14.3800 0.762766 0.07556 18.10799
5.89763 14.3800 0.762766 0.09332 18.02648
5.89763 14.3800 0.762766 0.11108 17.94852
5.89763 14.3800 0.762766 0.12884 17.85921
5.89763 14.3800 0.762766 0.14660 17.77275
5.89763 14.3800 0.762766 0.16436 17.67919
5.89763 14.3800 0.762766 0.18212 17.57885
5.89763 14.3800 0.762766 0.19988 17.48238
5.89763 14.3800 0.762766 0.21764 17.36995
5.89763 14.3800 0.762766 0.23540 17.26697
5.89763 14.3800 0.762766 0.25316 17.15074
5.89763 14.3800 0.762766 0.27092 17.03053
5.89763 14.3800 0.762766 0.28869 16.91249
5.89763 14.3800 0.762766 0.30645 16.77271
5.89763 14.3800 0.762766 0.32421 16.65297
5.89763 14.3800 0.762766 0.34197 16.50984
5.89763 14.3800 0.762766 0.35973 16.36901
5.89763 14.3800 0.762766 0.37749 16.22536
5.89763 14.3800 0.762766 0.39525 16.05594
5.89763 14.3800 0.762766 0.41301 15.91654
5.89763 14.3800 0.762766 0.43077 15.74115
5.89763 14.3800 0.762766 0.44853 15.57942
5.89763 14.3800 0.762766 0.46629 15.40488
5.89763 14.3800 0.762766 0.48405 15.20771
5.89763 14.3800 0.762766 0.50181 15.04072
5.89763 14.3800 0.762766 0.51957 14.82616
5.89763 14.3800 0.762766 0.53733 14.64366
5.89763 14.3800 0.762766 0.55509 14.43117
5.89763 14.3800 0.762766 0.57285 14.20555
5.89763 14.3800 0.762766 0.59061 14.00423
5.89763 14.3800 0.762766 0.60837 13.74171
5.89763 14.3800 0.762766 0.62613 13.53917
5.89763 14.3800 0.762766 0.64389 13.27938
5.89763 14.3800 0.762766 0.66165 13.02536
5.89763 14.3800 0.762766 0.67941 12.78008
5.89763 14.3800 0.762766 0.69718 12.45772
5.89763 14.3800 0.762766 0.71494 12.23632
5.89763 14.3800 0.762766 0.73270 11.91626
5.89763 14.3800 0.762766 0.75046 11.63474
5.89763 14.3800 0.762766 0.76822 11.33168
5.89763 14.3800 0.762766 0.78598 10.94596
5.89763 14.3800 0.762766 0.80374 10.69475
5.89763 14.3800 0.762766 0.82150 10.29606
5.89763 14.3800 0.762766 0.83926 9.98880
5.89763 14.3800 0.762766 0.85702 9.37482
5.89763 14.3800 0.762766 0.87478 7.51217
5.89763 14.3800 0.762766 0.89254 5.56954
5.89763 14.3800 0.762766 0.91030 3.54360
5.89763 14.3800 0.762766 0.92806 1.43087
5.89763 14.3800 0.762766 0.94582 -0.77228
5.89763 14.3800 0.762766 0.96358 -3.06962
5.89763 14.3800 0.762766 0.98134 -5.46508
5.89763 14.3800 0.762766 0.99910 -7.96275
5.89763 14.3800 0.762766 1.01686 -10.56692
5.89763 14.3800 0.762766 1.03462 -13.28200
5.89763 14.3800 0.762766 1.05238 -16.11264
5.89763 14.3800 0.762766 1.07014 -19.06368
5.89763 14.3800 0.762766 1.08790 -22.14012
5.89763 14.3800 0.762766 1.10567 -25.34719
5.89763 14.3800 0.762766 1.12343 -28.69038
5.89763 14.3800 0.762766 1.14119 -32.17533
5.89763 14.3800 0.762766 1.15895 -35.80797
5.89763 14.3800 0.762766 1.17671 -39.59447
5.89763 14.3800 0.762766 1.19447 -43.54128
5.89763 14.3800 0.762766 1.21223 -47.65503
5.89763 14.3800 0.762766 1.22999 -51.94273
5.89763 14.3800 0.762766 1.24775 -56.41167
5.89763 14.3800 0.762766 1.26551 -61.06934
5.89763 14.3800 0.762766 1.28327 -65.92366
5.89763 14.3800 0.762766 1.30103 -70.98286
5.89763 14.3800 0.898333 -1.52288 18.46456
5.89763 14.3800 0.898333 -1.50512 18.49986
5.89763 14.3800 0.898333 -1.48736 18.52785
5.89763 14.3800 0.898333 -1.46960 18.55080
5.89763 14.3800 0.898333 -1.45184 18.57857
5.89763 14.3800 0.898333 -1.43408 18.60595
5.89763 14.3800 0.898333 -1.41632 18.63071
5.89763 14.3800 0.898333 -1.39856 18.65061
5.89763 14.3800 0.898333 -1.38080 18.66587
5.89763 14.3800 0.898333 -1.36303 18.69567
5.89763 14.3800 0.898333 -1.34527 18.72689
5.89763 14.3800 0.898333 -1.32751 18.74767
5.89763 14.3800 0.898333 -1.30975 18.76963
5.89763 14.3800 0.898333 -1.29199 18.79317
5.89763 14.3800 0.898333 -1.27423 18.81751
5.89763 14.3800 0.898333 -1.25647 18.84179
5.89763 14.3800 0.898333 -1.23871 18.86263
5.89763 14.3800 0.898333 -1.22095 18.88301
5.89763 14.3800 0.898333 -1.20319 18.90267
5.89763 14.3800 0.898333 -1.18543 18.92439
5.89763 14.3800 0.898333 -1.16767 18.94706
5.89763 14.3800 0.898333 -1.14991 18.96508
5.89763 14.3800 0.898333 -1.13215 18.98197
5.89763 14.3800 0.898333 -1.11439 18.99637
5.89763 14.3800 0.898333 -1.09663 19.01133
5.89763 14.3800 0.898333 -1.07887 19.02671
5.89763 14.3800 0.898333 -1.06111 19.03959
5.89763 14.3800 0.898333 -1.04335 19.05128
5.89763 14.3800 0.898333 -1.02559 19.05887
5.89763 14.3800 0.898333 -1.00783 19.06592
5.89763 14.3800 0.898333 -0.99007 19.07241
5.89763 14.3800 0.898333 -0.97231 19.07512
5.89763 14.3800 0.898333 -0.95454 19.07649
5.89763 14.3800 0.898333 -0.93678 19.07427
5.89763 14.3800 0.898333 -0.91902 19.07033
5.89763 14.3800 0.898333 -0.90126 19.06388
5.89763 14.3800 0.898333 -0.88350 19.05337
5.89763 14.3800 0.898333 -0.86574 19.04047
5.89763 14.3800 0.898333 -0.84798 19.02039
5.89763 14.3800 0.898333 -0.83022 18.99579
5.89763 14.3800 0.898333 -0.81246 18.96300
5.89763 14.3800 0.898333 -0.79470 18.91892
5.89763 14.3800 0.898333 -0.77694 18.86326
5.89763 14.3800 0.898333 -0.75918 18.78070
5.89763 14.3800 0.898333 -0.74142 18.65682
5.89763 14.3800 0.898333 -0.72366 18.44291
5.89763 14.3800 0.898333 -0.70590 18.08292
5.89763 14.3800 0.898333 -0.68814 18.18053
5.89763 14.3800 0.898333 -0.67038 18.44240
5.89763 14.3800 0.898333 -0.65262 18.59635
5.89763 14.3800 0.898333 -0.63486 18.68599
5.89763 14.3800 0.898333 -0.61710 18.75111
5.89763 14.3800 0.898333 -0.59934 18.80003
5.89763 14.3800 0.898333 -0.58158 18.83517
5.89763 14.3800 0.898333 -0.56382 18.86548
5.89763 14.3800 0.898333 -0.54605 18.88689
5.89763 14.3800 0.898333 -0.52829 18.90499
5.89763 14.3800 0.898333 -0.51053 18.91885
5.89763 14.3800 0.898333 -0.49277 18.92823
5.89763 14.3800 0.898333 -0.47501 18.93585
5.89763 14.3800 0.898333 -0.45725 18.93823
5.89763 14.3800 0.898333 -0.43949 18.93900
5.89763 14.3800 0.898333 -0.42173 18.93655
5.89763 14.3800 0.898333 -0.40397 18.93113
5.89763 14.3800 0.898333 -0.38621 18.92386
5.89763 14.3800 0.898333 -0.36845 18.91257
5.89763 14.3800 0.898333 -0.35069 18.89956
5.89763 14.3800 0.898333 -0.33293 18.88335
5.89763 14.3800 0.898333 -0.31517 18.86467
5.89763 14.3800 0.898333 -0.29741 18.84344
5.89763 14.3800 0.898333 -0.27965 18.81921
5.89763 14.3800 0.898333 -0.26189 18.79236
5.89763 14.3800 0.898333 -0.24413 18.76271
5.89763 14.3800 0.898333 -0.22637 18.73034
5.89763 14.3800 0.898333 -0.20861 18.69474
5.89763 14.3800 0.898333 -0.19085 18.65699
5.89763 14.3800 0.898333 -0.17309 18.61514
5.89763 14.3800 0.898333 -0.15533 18.57171
5.89763 14.3800 0.898333 -0.13757 18.52439
5.89763 14.3800 0.898333 -0.11980 18.47367
5.89763 14.3800 0.898333 -0.10204 18.42117
5.89763 14.3800 0.898333 -0.08428 18.36243
5.89763 14.3800 0.898333 -0.06652 18.30472
5.89763 14.3800 0.898333 -0.04876 18.24059
5.89763 14.3800 0.898333 -0.03100 18.17401
5.89763 14.3800 0.898333 -0.01324 18.10505
5.89763 14.3800 0.898333 0.00452 18.02765
5.89763 14.3800 0.898333 0.02228 17.95465
5.89763 14.3800 0.898333 0.04004 17.87132
5.89763 14.3800 0.898333 0.05780 17.78810
5.89763 14.3800 0.898333 0.07556 17.70039
5.89763 14.3800 0.898333 0.09332 17.60359
5.89763 14.3800 0.898333 0.11108 17.51281
5.89763 14.3800 0.898333 0.12884 17.40723
5.89763 14.3800 0.898333 0.14660 17.30690
5.89763 14.3800 0.898333 0.16436 17.19752
5.89763 14.3800 0.898333 0.18212 17.08029
5.89763 14.3800 0.898333 0.19988 16.96909
5.89763 14.3800 0.898333 0.21764 16.83743
5.89763 14.3800 0.898333 0.23540 16.71977
5.89763 14.3800 0.898333 0.25316 16.58499
5.89763 14.3800 0.898333 0.27092 16.44654
5.89763 14.3800 0.898333 0.28869 16.31147
5.89763 14.3800 0.898333 0.30645 16.14905
5.89763 14.3800 0.898333 0.32421 16.01421
5.89763 14.3800 0.898333 0.34197 15.84930
5.89763 14.3800 0.898333 0.35973 15.68931
5.89763 14.3800 0.898333 0.37749 15.52579
5.89763 14.3800 0.898333 0.39525 15.33072
5.89763 14.3800 0.898333 0.41301 15.17533
5.89763 14.3800 0.898333 0.43077 14.97437
5.89763 14.3800 0.898333 0.44853 14.79314
5.89763 14.3800 0.898333 0.46629 14.59532
5.89763 14.3800 0.898333 0.48405 14.37132
5.89763 14.3800 0.898333 0.50181 14.18584
5.89763 14.3800 0.898333 0.51957 13.94160
5.89763 14.3800 0.898333 0.53733 13.74016
5.89763 14.3800 0.898333 0.55509 13.50067
5.89763 14.3800 0.898333 0.57285 13.24851
5.89763 14.3800 0.898333 0.59061 13.02589
5.89763 14.3800 0.898333 0.60837 12.73015
5.89763 14.3800 0.898333 0.62613 12.51077
5.89763 14.3800 0.898333 0.64389 12.22119
5.89763 14.3800 0.898333 0.66165 11.94378
5.89763 14.3800 0.898333 0.67941 11.67553
5.89763 14.3800 0.898333 0.69718 11.32017
5.89763 14.3800 0.898333 0.71494 11.08665
5.89763 14.3800 0.898333 0.73270 10.73916
5.89763 14.3800 0.898333 0.75046 10.44256
5.89763 14.3800 0.898333 0.76822 10.12082
5.89763 14.3800 0.898333 0.78598 9.71536
5.89763 14.3800 0.898333 0.80374 9.45897
5.89763 14.3800 0.898333 0.82150 9.04920
5.89763 14.3800 0.898333 0.83926 8.74112
5.89763 14.3800 0.898333 0.85702 8.35960
5.89763 14.3800 0.898333 0.87478 7.51217
5.89763 14.3800 0.898333 0.89254 5.56954
5.89763 14.3800 0.898333 0.91030 3.54360
5.89763 14.3800 0.898333 0.92806 1.43087
5.89763 14.3800 0.898333 0.94582 -0.77228
5.89763 14.3800 0.898333 0.96358 -3.06962
5.89763 14.3800 0.898333 0.98134 -5.46508
5.89763 14.3800 0.898333 0.99910 -7.96275
5.89763 14.3800 0.898333 1.01686 -10.56692
5.89763 14.3800 0.898333 1.03462 -13.28200
5.89763 14.3800 0.898333 1.05238 -16.11264
5.89763 14.3800 0.898333 1.07014 -19.06368
5.89763 14.3800 0.898333 1.08790 -22.14012
5.89763 14.3800 0.898333 1.10567 -25.34719
5.89763 14.3800 0.898333 1.12343 -28.69038
5.89763 14.3800 0.898333 1.14119 -32.17533
5.89763 14.3800 0.898333 1.15895 -35.80797
5.89763 14.3800 0.898333 1.17671 -39.59447
5.89763 14.3800 0.898333 1.19447 -43.54128
5.89763 14.3800 0.898333 1.21223 -47.65503
5.89763 14.3800 0.898333 1.22999 -51.94273
5.89763 14.3800 0.898333 1.24775 -56.41167
5.89763 14.3800 0.898333 1.26551 -61.06934
5.89763 14.3800 0.898333 1.28327 -65.92366
5.89763 14.3800 0.898333 1.30103 -70.98286
5.89763 14.3800 0.980145 -1.52288 18.48880
5.89763 14.3800 0.980145 -1.50512 18.49831
5.89763 14.3800 0.980145 -1.48736 18.52002
5.89763 14.3800 0.980145 -1.46960 18.55022
5.89763 14.3800 0.980145 -1.45184 18.58016
5.89763 14.3800 0.980145 -1.43408 18.60898
5.89763 14.3800 0.980145 -1.41632 18.63543
5.89763 14.3800 0.980145 -1.39856 18.66667
5.89763 14.3800 0.980145 -1.38080 18.70215
5.89763 14.3800 0.980145 -1.36303 18.72334
5.89763 14.3800 0.980145 -1.34527 18.74190
5.89763 14.3800 0.980145 -1.32751 18.76652
5.89763 14.3800 0.980145 -1.30975 18.78877
5.89763 14.3800 0.980145 -1.29199 18.80804
5.89763 14.3800 0.980145 -1.27423 18.82806
5.89763 14.3800 0.980145 -1.25647 18.84829
5.89763 14.3800 0.980145 -1.23871 18.86844
5.89763 14.3800 0.980145 -1.22095 18.88844
5.89763 14.3800 0.980145 -1.20319 18.90829
5.89763 14.3800 0.980145 -1.18543 18.92327
5.89763 14.3800 0.980145 -1.16767 18.93575
5.89763 14.3800 0.980145 -1.14991 18.94790
5.89763 14.3800 0.980145 -1.13215 18.95937
5.89763 14.3800 0.980145 -1.11439 18.96871
5.89763 14.3800 0.980145 -1.09663 18.97608
5.89763 14.3800 0.980145 -1.07887 18.98202
5.89763 14.3800 0.980145 -1.06111 18.98607
5.89763 14.3800 0.980145 -1.04335 18.98945
5.89763 14.3800 0.980145 -1.02559 18.99065
5.89763 14.3800 0.980145 -1.00783 18.99069
5.89763 14.3800 0.980145 -0.99007 18.98946
5.89763 14.3800 0.980145 -0.97231 18.98604
5.89763 14.3800 0.980145 -0.95454 18.98164
5.89763 14.3800 0.980145 -0.93678 18.97491
5.89763 14.3800 0.980145 -0.91902 18.96621
5.89763 14.3800 0.980145 -0.90126 18.95467
5.89763 14.3800 0.980145 -0.88350 18.93874
5.89763 14.3800 0.980145 -0.86574 18.91987
5.89763 14.3800 0.980145 -0.84798 18.89343
5.89763 14.3800 0.980145 -0.83022 18.86144
5.89763 14.3800 0.980145 -0.81246 18.81981
5.89763 14.3800 0.980145 -0.79470 18.76487
5.89763 14.3800 0.980145 -0.77694 18.69470
5.89763 14.3800 0.980145 -0.75918 18.59700
5.89763 14.3800 0.980145 -0.74142 18.46408
5.89763 14.3800 0.980145 -0.72366 18.28920
5.89763 14.3800 0.980145 -0.70590 18.09030
5.89763 14.3800 0.980145 -0.68814 18.10631
5.89763 14.3800 0.980145 -0.67038 18.22638
5.89763 14.3800 0.980145 -0.65262 18.33531
5.89763 14.3800 0.980145 -0.63486 18.41642
5.89763 14.3800 0.980145 -0.61710 18.47701
5.89763 14.3800 0.980145 -0.59934 18.52326
5.89763 14.3800 0.980145 -0.58158 18.55283
5.89763 14.3800 0.980145 -0.56382 18.57690
5.89763 14.3800 0.980145 -0.54605 18.58927
5.89763 14.3800 0.980145 -0.52829 18.59769
5.89763 14.3800 0.980145 -0.51053 18.60062
5.89763 14.3800 0.980145 -0.49277 18.59818
5.89763 14.3800 0.980145 -0.47501 18.59330
5.89763 14.3800 0.980145 -0.45725 18.58247
5.89763 14.3800 0.980145 -0.43949 18.56943
5.89763 14.3800 0.980145 -0.42173 18.55249
5.89763 14.3800 0.980145 -0.40397 18.53221
5.89763 14.3800 0.980145 -0.38621 18.50894
5.89763 14.3800 0.980145 -0.36845 18.48193
5.89763 14.3800 0.980145 -0.35069 18.45190
5.89763 14.3800 0.980145 -0.33293 18.41847
5.89763 14.3800 0.980145 -0.31517 18.38195
5.89763 14.3800 0.980145 -0.29741 18.34136
5.89763 14.3800 0.980145 -0.27965 18.29867
5.89763 14.3800 0.980145 -0.26189 18.25110
5.89763 14.3800 0.980145 -0.24413 18.20136
5.89763 14.3800 0.980145 -0.22637 18.14757
5.89763 14.3800 0.980145 -0.20861 18.08905
5.89763 14.3800 0.980145 -0.19085 18.02952
5.89763 14.3800 0.980145 -0.17309 17.96233
5.89763 14.3800 0.980145 -0.15533 17.89591
5.89763 14.3800 0.980145 -0.13757 17.82276
5.89763 14.3800 0.980145 -0.11980 17.74539
5.89763 14.3800 0.980145 -0.10204 17.66710
5.89763 14.3800 0.980145 -0.08428 17.57740
5.89763 14.3800 0.980145 -0.06652 17.49402
5.89763 14.3800 0.980145 -0.04876 17.39873
5.89763 14.3800 0.980145 -0.03100 17.30177
5.89763 14.3800 0.980145 -0.01324 17.20220
5.89763 14.3800 0.980145 0.00452 17.08800
5.89763 14.3800 0.980145 0.02228 16.98620
5.89763 14.3800 0.980145 0.04004 16.86536
5.89763 14.3800 0.980145 0.05780 16.74858
5.89763 14.3800 0.980145 0.07556 16.62462
5.89763 14.3800 0.980145 0.09332 16.48630
5.89763 14.3800 0.980145 0.11108 16.36234
5.89763 14.3800 0.980145 0.12884 16.21204
5.89763 14.3800 0.980145 0.14660 16.07597
5.89763 14.3800 0.980145 0.16436 15.92402
5.89763 14.3800 0.980145 0.18212 15.76182
5.89763 14.3800 0.980145 0.19988 15.61268
5.89763 14.3800 0.980145 0.21764 15.42898
5.89763 14.3800 0.980145 0.23540 15.27532
5.89763 14.3800 0.980145 0.25316 15.09191
5.89763 14.3800 0.980145 0.27092 14.90797
5.89763 14.3800 0.980145 0.28869 14.73102
5.89763 14.3800 0.980145 0.30645 14.51172
5.89763 14.3800 0.980145 0.32421 14.34446
5.89763 14.3800 0.980145 0.34197 14.12897
5.89763 14.3800 0.980145 0.35973 13.92989
5.89763 14.3800 0.980145 0.37749 13.72670
5.89763 14.3800 0.980145 0.39525 13.48428
5.89763 14.3800 0.980145 0.41301 13.30704
5.89763 14.3800 0.980145 0.43077 13.07115
5.89763 14.3800 0.980145 0.44853 12.87379
5.89763 14.3800 0.980145 0.46629 12.66078
5.89763 14.3800 0.980145 0.48405 12.43200
5.89763 14.3800 0.980145 0.50181 12.25301
5.89763 14.3800 0.980145 0.51957 12.02727
5.89763 14.3800 0.980145 0.53733 11.85031
5.89763 14.3800 0.980145 0.55509 11.64966
5.89763 14.3800 0.980145 0.57285 11.44814
5.89763 14.3800 0.980145 0.59061 11.27221
5.89763 14.3800 0.980145 0.60837 11.05478
5.89763 14.3800 0.980145 0.62613 10.88358
5.89763 14.3800 0.980145 0.64389 10.67523
5.89763 14.3800 0.980145 0.66165 10.46951
5.89763 14.3800 0.980145 0.67941 10.27190
5.89763 14.3800 0.980145 0.69718 10.02180
5.89763 14.3800 0.980145 0.71494 9.83482
5.89763 14.3800 0.980145 0.73270 9.58409
5.89763 14.3800 0.980145 0.75046 9.35161
5.89763 14.3800 0.980145 0.76822 9.10801
5.89763 14.3800 0.980145 0.78598 8.80182
5.89763 14.3800 0.980145 0.80374 8.58469
5.89763 14.3800 0.980145 0.82150 8.26543
5.89763 14.3800 0.980145 0.83926 8.00022
5.89763 14.3800 0.980145 0.85702 7.68781
5.89763 14.3800 0.980145 0.87478 7.32686
5.89763 14.3800 0.980145 0.89254 5.56954
5.89763 14.3800 0.980145 0.91030 3.54360
5.89763 14.3800 0.980145 0.92806 1.43087
5.89763 14.3800 0.980145 0.94582 -0.77228
5.89763 14.3800 0.980145 0.96358 -3.06962
5.89763 14.3800 0.980145 0.98134 -5.46508
5.89763 14.3800 0.980145 0.99910 -7.96275
5.89763 14.3800 0.980145 1.01686 -10.56692
5.89763 14.3800 0.980145 1.03462 -13.28200
5.89763 14.3800 0.980145 1.05238 -16.11264
5.89763 14.3800 0.980145 1.07014 -19.06368
5.89763 14.3800 0.980145 1.08790 -22.14012
5.89763 14.3800 0.980145 1.10567 -25.34719
5.89763 14.3800 0.980145 1.12343 -28.69038
5.89763 14.3800 0.980145 1.14119 -32.17533
5.89763 14.3800 0.980145 1.15895 -35.80797
5.89763 14.3800 0.980145 1.17671 -39.59447
5.89763 14.3800 0.980145 1.19447 -43.54128
5.89763 14.3800 0.980145 1.21223 -47.65503
5.89763 14.3800 0.980145 1.22999 -51.94273
5.89763 14.3800 0.980145 1.24775 -56.41167
5.89763 14.3800 0.980145 1.26551 -61.06934
5.89763 14.3800 0.980145 1.28327 -65.92366
5.89763 14.3800 0.980145 1.30103 -70.98286
6.00000 14.3800 0.019855 -1.52288 18.25281
6.00000 14.3800 0.019855 -1.50512 18.27965
6.00000 14.3800 0.019855 -1.48736 18.30661
6.00000 14.3800 0.019855 -1.46960 18.33351
6.00000 14.3800 0.019855 -1.45184 18.36035
6.00000 14.3800 0.019855 -1.43408 18.38670
6.00000 14.3800 0.019855 -1.41632 18.41245
6.00000 14.3800 0.019855 -1.39856 18.43820
6.00000 14.3800 0.019855 -1.38080 18.46395
6.00000 14.3800 0.019855 -1.36303 18.48931
6.00000 14.3800 0.019855 -1.34527 18.51423
6.00000 14.3800 0.019855 -1.32751 18.53862
6.00000 14.3800 0.019855 -1.30975 18.56267
6.00000 14.3800 0.019855 -1.29199 18.58641
6.00000 14.3800 0.019855 -1.27423 18.60958
6.00000 14.3800 0.019855 -1.25647 18.63236
6.00000 14.3800 0.019855 -1.23871 18.65443
6.00000 14.3800 0.019855 -1.22095 18.67606
6.00000 14.3800 0.019855 -1.20319 18.69707
6.00000 14.3800 0.019855 -1.18543 18.71737
6.00000 14.3800 0.019855 -1.16767 18.73725
6.00000 14.3800 0.019855 -1.14991 18.75581
6.00000 14.3800 0.019855 -1.13215 18.77389
6.00000 14.3800 0.019855 -1.11439 18.79092
6.00000 14.3800 0.019855 -1.09663 18.80686
6.00000 14.3800 0.019855 -1.07887 18.82204
6.00000 14.3800 0.019855 -1.06111 18.83539
6.00000 14.3800 0.019855 -1.04335 18.84807
6.00000 14.3800 0.019855 -1.02559 18.85851
6.00000 14.3800 0.019855 -1.00783 18.86747
6.00000 14.3800 0.019855 -0.99007 18.87490
6.00000 14.3800 0.019855 -0.97231 18.87921
6.00000 14.3800 0.019855 -0.95454 18.88231
6.00000 14.3800 0.019855 -0.93678 18.88117
6.00000 14.3800 0.019855 -0.91902 18.87758
6.00000 14.3800 0.019855 -0.90126 18.87035
6.00000 14.3800 0.019855 -0.88350 18.85773
6.00000 14.3800 0.019855 -0.86574 18.84195
6.00000 14.3800 0.019855 -0.84798 18.81723
6.00000 14.3800 0.019855 -0.83022 18.78719
6.00000 14.3800 0.019855 -0.81246 18.74773
6.00000 14.3800 0.019855 -0.79470 18.69789
6.00000 14.3800 0.019855 -0.77694 18.63617
6.00000 14.3800 0.019855 -0.75918 18.55843
6.00000 14.3800 0.019855 -0.74142 18.46149
6.00000 14.3800 0.019855 -0.72366 18.33940
6.00000 14.3800 0.019855 -0.70590 18.14366
6.00000 14.3800 0.019855 -0.68814 18.19549
6.00000 14.3800 0.019855 -0.67038 18.29751
6.00000 14.3800 0.019855 -0.65262 18.37859
6.00000 14.3800 0.019855 -0.63486 18.44936
6.00000 14.3800 0.019855 -0.61710 18.51087
6.00000 14.3800 0.019855 -0.59934 18.56535
6.00000 14.3800 0.019855 -0.58158 18.61005
6.00000 14.3800 0.019855 -0.56382 18.64988
6.00000 14.3800 0.019855 -0.54605 18.68009
6.00000 14.3800 0.019855 -0.52829 18.70550
6.00000 14.3800 0.019855 -0.51053 18.72517
6.00000 14.3800 0.019855 -0.49277 18.73823
6.00000 14.3800 0.019855 -0.47501 18.74870
6.00000 14.3800 0.019855 -0.45725 18.75153
6.00000 14.3800 0.019855 -0.43949 18.75203
6.00000 14.3800 0.019855 -0.42173 18.74782
6.00000 14.3800 0.019855 -0.40397 18.73949
6.00000 14.3800 0.019855 -0.38621 18.72847
6.00000 14.3800 0.019855 -0.36845 18.71212
6.00000 14.3800 0.019855 -0.35069 18.69335
6.00000 14.3800 0.019855 -0.33293 18.67041
6.00000 14.3800 0.019855 -0.31517 18.64421
6.00000 14.3800 0.019855 -0.29741 18.61437
6.00000 14.3800 0.019855 -0.27965 18.58113
6.00000 14.3800 0.019855 -0.26189 18.54403
6.00000 14.3800 0.019855 -0.24413 18.50372
6.00000 14.3800 0.019855 -0.22637 18.45972
6.00000 14.3800 0.019855 -0.20861 18.41130
6.00000 14.3800 0.019855 -0.19085 18.36081
6.00000 14.3800 0.019855 -0.17309 18.30408
6.00000 14.3800 0.019855 -0.15533 18.24648
6.00000 14.3800 0.019855 -0.13757 18.18320
6.00000 14.3800 0.019855 -0.11980 18.11563
6.00000 14.3800 0.019855 -0.10204 18.04648
6.00000 14.3800 0.019855 -0.08428 17.96774
6.00000 14.3800 0.019855 -0.06652 17.89290
6.00000 14.3800 0.019855 -0.04876 17.80816
6.00000 14.3800 0.019855 -0.03100 17.72118
6.00000 14.3800 0.019855 -0.01324 17.63170
6.00000 14.3800 0.019855 0.00452 17.52979
6.00000 14.3800 0.019855 0.02228 17.43757
6.00000 14.3800 0.019855 0.04004 17.32976
6.00000 14.3800 0.019855 0.05780 17.22510
6.00000 14.3800 0.019855 0.07556 17.11511
6.00000 14.3800 0.019855 0.09332 16.99401
6.00000 14.3800 0.019855 0.11108 16.88563
6.00000 14.3800 0.019855 0.12884 16.75815
6.00000 14.3800 0.019855 0.14660 16.64388
6.00000 14.3800 0.019855 0.16436 16.52093
6.00000 14.3800 0.019855 0.18212 16.39475
6.00000 14.3800 0.019855 0.19988 16.28256
6.00000 14.3800 0.019855 0.21764 16.15470
6.00000 14.3800 0.019855 0.23540 16.05108
6.00000 14.3800 0.019855 0.25316 15.93879
6.00000 14.3800 0.019855 0.27092 15.83395
6.00000 14.3800 0.019855 0.28869 15.73911
6.00000 14.3800 0.019855 0.30645 15.63647
6.00000 14.3800 0.019855 0.32421 15.55446
6.00000 14.3800 0.019855 0.34197 15.46364
6.00000 14.3800 0.019855 0.35973 15.37835
6.00000 14.3800 0.019855 0.37749 15.29400
6.00000 14.3800 0.019855 0.39525 15.20148
6.00000 14.3800 0.019855 0.41301 15.11915
6.00000 14.3800 0.019855 0.43077 15.02445
6.00000 14.3800 0.019855 0.44853 14.93167
6.00000 14.3800 0.019855 0.46629 14.83381
6.00000 14.3800 0.019855 0.48405 14.72516
6.00000 14.3800 0.019855 0.50181 14.62397
6.00000 14.3800 0.019855 0.51957 14.50424
6.00000 14.3800 0.019855 0.53733 14.39061
6.00000 14.3800 0.019855 0.55509 14.26512
6.00000 14.3800 0.019855 0.57285 14.12881
6.00000 14.3800 0.019855 0.59061 13.99990
6.00000 14.3800 0.019855 0.60837 13.84295
6.00000 14.3800 0.019855 0.62613 13.70436
6.00000 14.3800 0.019855 0.64389 13.54125
6.00000 14.3800 0.019855 0.66165 13.37243
6.00000 14.3800 0.019855 0.67941 13.20745
6.00000 14.3800 0.019855 0.69718 13.00114
6.00000 14.3800 0.019855 0.71494 12.83592
6.00000 14.3800 0.019855 0.73270 12.62282
6.00000 14.3800 0.019855 0.75046 12.41798
6.00000 14.3800 0.019855 0.76822 12.20478
6.00000 14.3800 0.019855 0.78598 11.93822
6.00000 14.3800 0.019855 0.80374 11.73949
6.00000 14.3800 0.019855 0.82150 11.45801
6.00000 14.3800 0.019855 0.83926 11.21477
6.00000 14.3800 0.019855 0.85702 10.93418
6.00000 14.3800 0.019855 0.87478 10.60683
6.00000 14.3800 0.019855 0.89254 10.35056
6.00000 14.3800 0.019855 0.91030 9.97233
6.00000 14.3800 0.019855 0.92806 9.69061
6.00000 14.3800 0.019855 0.94582 9.31168
6.00000 14.3800 0.019855 0.96358 8.91979
6.00000 14.3800 0.019855 0.98134 7.36801
6.00000 14.3800 0.019855 0.99910 5.40601
6.00000 14.3800 0.019855 1.01686 3.35990
6.00000 14.3800 0.019855 1.03462 1.22616
6.00000 14.3800 0.019855 1.05238 -0.99888
6.00000 14.3800 0.019855 1.07014 -3.31903
6.00000 14.3800 0.019855 1.08790 -5.73824
6.00000 14.3800 0.019855 1.10567 -8.26065
6.00000 14.3800 0.019855 1.12343 -10.89061
6.00000 14.3800 0.019855 1.14119 -13.63254
6.00000 14.3800 0.019855 1.15895 -16.49116
6.00000 14.3800 0.019855 1.17671 -19.47133
6.00000 14.3800 0.019855 1.19447 -22.57814
6.00000 14.3800 0.019855 1.21223 -25.81685
6.00000 14.3800 0.019855 1.22999 -29.19296
6.00000 14.3800 0.019855 1.24775 -32.71226
6.00000 14.3800 0.019855 1.26551 -36.38066
6.00000 14.3800 0.019855 1.28327 -40.20441
6.00000 14.3800 0.019855 1.30103 -44.19002
6.00000 14.3800 0.101667 -1.52288 18.36947
6.00000 14.3800 0.101667 -1.50512 18.39851
6.00000 14.3800 0.101667 -1.48736 18.42546
6.00000 14.3800 0.101667 -1.46960 18.45086
6.00000 14.3800 0.101667 -1.45184 18.47707
6.00000 14.3800 0.101667 -1.43408 18.50322
6.00000 14.3800 0.101667 -1.41632 18.53007
6.00000 14.3800 0.101667 -1.39856 18.55675
6.00000 14.3800 0.101667 -1.38080 18.58326
6.00000 14.3800 0.101667 -1.36303 18.60754
6.00000 14.3800 0.101667 -1.34527 18.63132
6.00000 14.3800 0.101667 -1.32751 18.65690
6.00000 14.3800 0.101667 -1.30975 18.68220
6.00000 14.3800 0.101667 -1.29199 18.70730
6.00000 14.3800 0.101667 -1.27423 18.73124
6.00000 14.3800 0.101667 -1.25647 18.75460
6.00000 14.3800 0.101667 -1.23871 18.77841
6.00000 14.3800 0.101667 -1.22095 18.80166
6.00000 14.3800 0.101667 -1.20319 18.82414
6.00000 14.3800 0.101667 -1.18543 18.84580
6.00000 14.3800 0.101667 -1.16767 18.86696
6.00000 14.3800 0.101667 -1.14991 18.88763
6.00000 14.3800 0.101667 -1.13215 18.90777
6.00000 14.3800 0.101667 -1.11439 18.92680
6.00000 14.3800 0.101667 -1.09663 18.94486
6.00000 14.3800 0.101667 -1.07887 18.96223
6.00000 14.3800 0.101667 -1.06111 18.97833
6.00000 14.3800 0.101667 -1.04335 18.99394
6.00000 14.3800 0.101667 -1.02559 19.00805
6.00000 14.3800 0.101667 -1.00783 19.02096
6.00000 14.3800 0.101667 -0.99007 19.03268
6.00000 14.3800 0.101667 -0.97231 19.04173
6.00000 14.3800 0.101667 -0.95454 19.04985
6.00000 14.3800 0.101667 -0.93678 19.05476
6.00000 14.3800 0.101667 -0.91902 19.05779
6.00000 14.3800 0.101667 -0.90126 19.05805
6.00000 14.3800 0.101667 -0.88350 19.05382
6.00000 14.3800 0.101667 -0.86574 19.04735
6.00000 14.3800 0.101667 -0.84798 19.03260
6.00000 14.3800 0.101667 -0.83022 19.01301
6.00000 14.3800 0.101667 -0.81246 18.98398
6.00000 14.3800 0.101667 -0.79470 18.94167
6.00000 14.3800 0.101667 -0.77694 18.88658
6.00000 14.3800 0.101667 -0.75918 18.80327
6.00000 14.3800 0.101667 -0.74142 18.68521
6.00000 14.3800 0.101667 -0.72366 18.51343
6.00000 14.3800 0.101667 -0.70590 18.25356
6.00000 14.3800 0.101667 -0.68814 18.32947
6.00000 14.3800 0.101667 -0.67038 18.52260
6.00000 14.3800 0.101667 -0.65262 18.66851
6.00000 14.3800 0.101667 -0.63486 18.77590
6.00000 14.3800 0.101667 -0.61710 18.85742
6.00000 14.3800 0.101667 -0.59934 18.92216
6.00000 14.3800 0.101667 -0.58158 18.96999
6.00000 14.3800 0.101667 -0.56382 19.01117
6.00000 14.3800 0.101667 -0.54605 19.04138
6.00000 14.3800 0.101667 -0.52829 19.06732
6.00000 14.3800 0.101667 -0.51053 19.08821
6.00000 14.3800 0.101667 -0.49277 19.10397
6.00000 14.3800 0.101667 -0.47501 19.11775
6.00000 14.3800 0.101667 -0.45725 19.12600
6.00000 14.3800 0.101667 -0.43949 19.13261
6.00000 14.3800 0.101667 -0.42173 19.13590
6.00000 14.3800 0.101667 -0.40397 19.13615
6.00000 14.3800 0.101667 -0.38621 19.13472
6.00000 14.3800 0.101667 -0.36845 19.12908
6.00000 14.3800 0.101667 -0.35069 19.12197
6.00000 14.3800 0.101667 -0.33293 19.11169
6.00000 14.3800 0.101667 -0.31517 19.09898
6.00000 14.3800 0.101667 -0.29741 19.08398
6.00000 14.3800 0.101667 -0.27965 19.06576
6.00000 14.3800 0.101667 -0.26189 19.04540
6.00000 14.3800 0.101667 -0.24413 19.02198
6.00000 14.3800 0.101667 -0.22637 18.99604
6.00000 14.3800 0.101667 -0.20861 18.96712
6.00000 14.3800 0.101667 -0.19085 18.93573
6.00000 14.3800 0.101667 -0.17309 18.90095
6.00000 14.3800 0.101667 -0.15533 18.86398
6.00000 14.3800 0.101667 -0.13757 18.82363
6.00000 14.3800 0.101667 -0.11980 18.78000
6.00000 14.3800 0.101667 -0.10204 18.73426
6.00000 14.3800 0.101667 -0.08428 18.68326
6.00000 14.3800 0.101667 -0.06652 18.63213
6.00000 14.3800 0.101667 -0.04876 18.57557
6.00000 14.3800 0.101667 -0.03100 18.51632
6.00000 14.3800 0.101667 -0.01324 18.45462
6.00000 14.3800 0.101667 0.00452 18.38562
6.00000 14.3800 0.101667 0.02228 18.31940
6.00000 14.3800 0.101667 0.04004 18.24440
6.00000 14.3800 0.101667 0.05780 18.16880
6.00000 14.3800 0.101667 0.07556 18.08910
6.00000 14.3800 0.101667 0.09332 18.00129
6.00000 14.3800 0.101667 0.11108 17.91795
6.00000 14.3800 0.101667 0.12884 17.82186
6.00000 14.3800 0.101667 0.14660 17.72955
6.00000 14.3800 0.101667 0.16436 17.62938
6.00000 14.3800 0.101667 0.18212 17.52201
6.00000 14.3800 0.101667 0.19988 17.41947
6.00000 14.3800 0.101667 0.21764 17.29926
6.00000 14.3800 0.101667 0.23540 17.19047
6.00000 14.3800 0.101667 0.25316 17.06712
6.00000 14.3800 0.101667 0.27092 16.94018
6.00000 14.3800 0.101667 0.28869 16.81620
6.00000 14.3800 0.101667 0.30645 16.66895
6.00000 14.3800 0.101667 0.32421 16.54489
6.00000 14.3800 0.101667 0.34197 16.39595
6.00000 14.3800 0.101667 0.35973 16.25104
6.00000 14.3800 0.101667 0.37749 16.10405
6.00000 14.3800 0.101667 0.39525 15.93167
6.00000 14.3800 0.101667 0.41301 15.79231
6.00000 14.3800 0.101667 0.43077 15.61777
6.00000 14.3800 0.101667 0.44853 15.45962
6.00000 14.3800 0.101667 0.46629 15.29103
6.00000 14.3800 0.101667 0.48405 15.10450
6.00000 14.3800 0.101667 0.50181 14.94890
6.00000 14.3800 0.101667 0.51957 14.75472
6.00000 14.3800 0.101667 0.53733 14.59182
6.00000 14.3800 0.101667 0.55509 14.40832
6.00000 14.3800 0.101667 0.57285 14.21905
6.00000 14.3800 0.101667 0.59061 14.05208
6.00000 14.3800 0.101667 0.60837 13.84666
6.00000 14.3800 0.101667 0.62613 13.68383
6.00000 14.3800 0.101667 0.64389 13.48879
6.00000 14.3800 0.101667 0.66165 13.29779
6.00000 14.3800 0.101667 0.67941 13.11587
6.00000 14.3800 0.101667 0.69718 12.89108
6.00000 14.3800 0.101667 0.71494 12.72007
6.00000 14.3800 0.101667 0.73270 12.49813
6.00000 14.3800 0.101667 0.75046 12.29024
6.00000 14.3800 0.101667 0.76822 12.07507
6.00000 14.3800 0.101667 0.78598 11.80911
6.00000 14.3800 0.101667 0.80374 11.61236
6.00000 14.3800 0.101667 0.82150 11.33540
6.00000 14.3800 0.101667 0.83926 11.09657
6.00000 14.3800 0.101667 0.85702 10.82256
6.00000 14.3800 0.101667 0.87478 10.50402
6.00000 14.3800 0.101667 0.89254 10.25366
6.00000 14.3800 0.101667 0.91030 9.88758
6.00000 14.3800 0.101667 0.92806 9.61190
6.00000 14.3800 0.101667 0.94582 9.24513
6.00000 14.3800 0.101667 0.96358 8.86367
6.00000 14.3800 0.101667 0.98134 7.36801
6.00000 14.3800 0.101667 0.99910 5.40601
6.00000 14.3800 0.101667 1.01686 3.35990
6.00000 14.3800 0.101667 1.03462 1.22616
6.00000 14.3800 0.101667 1.05238 -0.99888
6.00000 14.3800 0.101667 1.07014 -3.31903
6.00000 14.3800 0.101667 1.08790 -5.73824
6.00000 14.3800 0.101667 1.10567 -8.26065
6.00000 14.3800 0.101667 1.12343 -10.89061
6.00000 14.3800 0.101667 1.14119 -13.63254
6.00000 14.3800 0.101667 1.15895 -16.49116
6.00000 14.3800 0.101667 1.17671 -19.47133
6.00000 14.3800 0.101667 1.19447 -22.57814
6.00000 14.3800 0.101667 1.21223 -25.81685
6.00000 14.3800 0.101667 1.22999 -29.19296
6.00000 14.3800 0.101667 1.24775 -32.71226
6.00000 14.3800 0.101667 1.26551 -36.38066
6.00000 14.3800 0.101667 1.28327 -40.20441
6.00000 14.3800 0.101667 1.30103 -44.19002
6.00000 14.3800 0.237234 -1.52288 18.44421
6.00000 14.3800 0.237234 -1.50512 18.46953
6.00000 14.3800 0.237234 -1.48736 18.49394
6.00000 14.3800 0.237234 -1.46960 18.51762
6.00000 14.3800 0.237234 -1.45184 18.54324
6.00000 14.3800 0.237234 -1.43408 18.56874
6.00000 14.3800 0.237234 -1.41632 18.59388
6.00000 14.3800 0.237234 -1.39856 18.61993
6.00000 14.3800 0.237234 -1.38080 18.64683
6.00000 14.3800 0.237234 -1.36303 18.67586
6.00000 14.3800 0.237234 -1.34527 18.70433
6.00000 14.3800 0.237234 -1.32751 18.72832
6.00000 14.3800 0.237234 -1.30975 18.75206
6.00000 14.3800 0.237234 -1.29199 18.77559
6.00000 14.3800 0.237234 -1.27423 18.79881
6.00000 14.3800 0.237234 -1.25647 18.82185
6.00000 14.3800 0.237234 -1.23871 18.84807
6.00000 14.3800 0.237234 -1.22095 18.87235
6.00000 14.3800 0.237234 -1.20319 18.89356
6.00000 14.3800 0.237234 -1.18543 18.91488
6.00000 14.3800 0.237234 -1.16767 18.93616
6.00000 14.3800 0.237234 -1.14991 18.95700
6.00000 14.3800 0.237234 -1.13215 18.97761
6.00000 14.3800 0.237234 -1.11439 18.99787
6.00000 14.3800 0.237234 -1.09663 19.01685
6.00000 14.3800 0.237234 -1.07887 19.03493
6.00000 14.3800 0.237234 -1.06111 19.05180
6.00000 14.3800 0.237234 -1.04335 19.06822
6.00000 14.3800 0.237234 -1.02559 19.08330
6.00000 14.3800 0.237234 -1.00783 19.09731
6.00000 14.3800 0.237234 -0.99007 19.11025
6.00000 14.3800 0.237234 -0.97231 19.12092
6.00000 14.3800 0.237234 -0.95454 19.13075
6.00000 14.3800 0.237234 -0.93678 19.13746
6.00000 14.3800 0.237234 -0.91902 19.14252
6.00000 14.3800 0.237234 -0.90126 19.14516
6.00000 14.3800 0.237234 -0.88350 19.14378
6.00000 14.3800 0.237234 -0.86574 19.14048
6.00000 14.3800 0.237234 -0.84798 19.12993
6.00000 14.3800 0.237234 -0.83022 19.11534
6.00000 14.3800 0.237234 -0.81246 19.09281
6.00000 14.3800 0.237234 -0.79470 19.05816
6.00000 14.3800 0.237234 -0.77694 19.01284
6.00000 14.3800 0.237234 -0.75918 18.93887
6.00000 14.3800 0.237234 -0.74142 18.82623
6.00000 14.3800 0.237234 -0.72366 18.63946
6.00000 14.3800 0.237234 -0.70590 18.32720
6.00000 14.3800 0.237234 -0.68814 18.43168
6.00000 14.3800 0.237234 -0.67038 18.67567
6.00000 14.3800 0.237234 -0.65262 18.83650
6.00000 14.3800 0.237234 -0.63486 18.94084
6.00000 14.3800 0.237234 -0.61710 19.01815
6.00000 14.3800 0.237234 -0.59934 19.07815
6.00000 14.3800 0.237234 -0.58158 19.12348
6.00000 14.3800 0.237234 -0.56382 19.16306
6.00000 14.3800 0.237234 -0.54605 19.19376
6.00000 14.3800 0.237234 -0.52829 19.22092
6.00000 14.3800 0.237234 -0.51053 19.24398
6.00000 14.3800 0.237234 -0.49277 19.26282
6.00000 14.3800 0.237234 -0.47501 19.28001
6.00000 14.3800 0.237234 -0.45725 19.29253
6.00000 14.3800 0.237234 -0.43949 19.30362
6.00000 14.3800 0.237234 -0.42173 19.31186
6.00000 14.3800 0.237234 -0.40397 19.31745
6.00000 14.3800 0.237234 -0.38621 19.32169
6.00000 14.3800 0.237234 -0.36845 19.32213
6.00000 14.3800 0.237234 -0.35069 19.32140
6.00000 14.3800 0.237234 -0.33293 19.31783
6.00000 14.3800 0.237234 -0.31517 19.31215
6.00000 14.3800 0.237234 -0.29741 19.30470
6.00000 14.3800 0.237234 -0.27965 19.29413
6.00000 14.3800 0.237234 -0.26189 19.28201
6.00000 14.3800 0.237234 -0.24413 19.26703
6.00000 14.3800 0.237234 -0.22637 19.24996
6.00000 14.3800 0.237234 -0.20861 19.23048
6.00000 14.3800 0.237234 -0.19085 19.20841
6.00000 14.3800 0.237234 -0.17309 19.18395
6.00000 14.3800 0.237234 -0.15533 19.15703
6.00000 14.3800 0.237234 -0.13757 19.12756
6.00000 14.3800 0.237234 -0.11980 19.09528
6.00000 14.3800 0.237234 -0.10204 19.06081
6.00000 14.3800 0.237234 -0.08428 19.02268
6.00000 14.3800 0.237234 -0.06652 18.98321
6.00000 14.3800 0.237234 -0.04876 18.93992
6.00000 14.3800 0.237234 -0.03100 18.89401
6.00000 14.3800 0.237234 -0.01324 18.84579
6.00000 14.3800 0.237234 0.00452 18.79237
6.00000 14.3800 0.237234 0.02228 18.73954
6.00000 14.3800 0.237234 0.04004 18.68061
6.00000 14.3800 0.237234 0.05780 18.62022
6.00000 14.3800 0.237234 0.07556 18.55653
6.00000 14.3800 0.237234 0.09332 18.48674
6.00000 14.3800 0.237234 0.11108 18.41886
6.00000 14.3800 0.237234 0.12884 18.34196
6.00000 14.3800 0.237234 0.14660 18.26642
6.00000 14.3800 0.237234 0.16436 18.18504
6.00000 14.3800 0.237234 0.18212 18.09773
6.00000 14.3800 0.237234 0.19988 18.01283
6.00000 14.3800 0.237234 0.21764 17.91510
6.00000 14.3800 0.237234 0.23540 17.82386
6.00000 14.3800 0.237234 0.25316 17.72200
6.00000 14.3800 0.237234 0.27092 17.61617
6.00000 14.3800 0.237234 0.28869 17.51166
6.00000 14.3800 0.237234 0.30645 17.38948
6.00000 14.3800 0.237234 0.32421 17.28226
6.00000 14.3800 0.237234 0.34197 17.15638
6.00000 14.3800 0.237234 0.35973 17.03131
6.00000 14.3800 0.237234 0.37749 16.90385
6.00000 14.3800 0.237234 0.39525 16.75516
6.00000 14.3800 0.237234 0.41301 16.62963
6.00000 14.3800 0.237234 0.43077 16.47525
6.00000 14.3800 0.237234 0.44853 16.33054
6.00000 14.3800 0.237234 0.46629 16.17581
6.00000 14.3800 0.237234 0.48405 16.00188
6.00000 14.3800 0.237234 0.50181 15.85180
6.00000 14.3800 0.237234 0.51957 15.66347
6.00000 14.3800 0.237234 0.53733 15.49934
6.00000 14.3800 0.237234 0.55509 15.31191
6.00000 14.3800 0.237234 0.57285 15.11235
6.00000 14.3800 0.237234 0.59061 14.93268
6.00000 14.3800 0.237234 0.60837 14.70386
6.00000 14.3800 0.237234 0.62613 14.52125
6.00000 14.3800 0.237234 0.64389 14.29459
6.00000 14.3800 0.237234 0.66165 14.07026
6.00000 14.3800 0.237234 0.67941 13.85471
6.00000 14.3800 0.237234 0.69718 13.57816
6.00000 14.3800 0.237234 0.71494 13.37898
6.00000 14.3800 0.237234 0.73270 13.10555
6.00000 14.3800 0.237234 0.75046 12.85859
6.00000 14.3800 0.237234 0.76822 12.59934
6.00000 14.3800 0.237234 0.78598 12.27587
6.00000 14.3800 0.237234 0.80374 12.05342
6.00000 14.3800 0.237234 0.82150 11.72400
6.00000 14.3800 0.237234 0.83926 11.45680
6.00000 14.3800 0.237234 0.85702 11.14273
6.00000 14.3800 0.237234 0.87478 10.78572
6.00000 14.3800 0.237234 0.89254 10.51425
6.00000 14.3800 0.237234 0.91030 10.11126
6.00000 14.3800 0.237234 0.92806 9.82282
6.00000 14.3800 0.237234 0.94582 9.43095
6.00000 14.3800 0.237234 0.96358 9.03428
6.00000 14.3800 0.237234 0.98134 7.36801
6.00000 14.3800 0.237234 0.99910 5.40601
6.00000 14.3800 0.237234 1.01686 3.35990
6.00000 14.3800 0.237234 1.03462 1.22616
6.00000 14.3800 0.237234 1.05238 -0.99888
6.00000 14.3800 0.237234 1.07014 -3.31903
6.00000 14.3800 0.237234 1.08790 -5.73824
6.00000 14.3800 0.237234 1.10567 -8.26065
6.00000 14.3800 0.237234 1.12343 -10.89061
6.00000 14.3800 0.237234 1.14119 -13.63254
6.00000 14.3800 0.237234 1.15895 -16.49116
6.00000 14.3800 0.237234 1.17671 -19.47133
6.00000 14.3800 0.237234 1.19447 -22.57814
6.00000 14.3800 0.237234 1.21223 -25.81685
6.00000 14.3800 0.237234 1.22999 -29.19296
6.00000 14.3800 0.237234 1.24775 -32.71226
6.00000 14.3800 0.237234 1.26551 -36.38066
6.00000 14.3800 0.237234 1.28327 -40.20441
6.00000 14.3800 0.237234 1.30103 -44.19002
6.00000 14.3800 0.408283 -1.52288 18.47115
6.00000 14.3800 0.408283 -1.50512 18.49834
6.00000 14.3800 0.408283 -1.48736 18.53018
6.00000 14.3800 0.408283 -1.46960 18.56477
6.00000 14.3800 0.408283 -1.45184 18.59294
6.00000 14.3800 0.408283 -1.43408 18.62016
6.00000 14.3800 0.408283 -1.41632 18.64857
6.00000 14.3800 0.408283 -1.39856 18.67397
6.00000 14.3800 0.408283 -1.38080 18.69659
6.00000 14.3800 0.408283 -1.36303 18.72255
6.00000 14.3800 0.408283 -1.34527 18.74861
6.00000 14.3800 0.408283 -1.32751 18.77186
6.00000 14.3800 0.408283 -1.30975 18.79656
6.00000 14.3800 0.408283 -1.29199 18.82323
6.00000 14.3800 0.408283 -1.27423 18.84492
6.00000 14.3800 0.408283 -1.25647 18.86493
6.00000 14.3800 0.408283 -1.23871 18.89018
6.00000 14.3800 0.408283 -1.22095 18.91515
6.00000 14.3800 0.408283 -1.20319 18.93997
6.00000 14.3800 0.408283 -1.18543 18.96193
6.00000 14.3800 0.408283 -1.16767 18.98236
6.00000 14.3800 0.408283 -1.14991 19.00350
6.00000 14.3800 0.408283 -1.13215 19.02461
6.00000 14.3800 0.408283 -1.11439 19.04577
6.00000 14.3800 0.408283 -1.09663 19.06499
6.00000 14.3800 0.408283 -1.07887 19.08283
6.00000 14.3800 0.408283 -1.06111 19.10087
6.00000 14.3800 0.408283 -1.04335 19.11817
6.00000 14.3800 0.408283 -1.02559 19.13225
6.00000 14.3800 0.408283 -1.00783 19.14624
6.00000 14.3800 0.408283 -0.99007 19.16014
6.00000 14.3800 0.408283 -0.97231 19.17115
6.00000 14.3800 0.408283 -0.95454 19.18126
6.00000 14.3800 0.408283 -0.93678 19.18886
6.00000 14.3800 0.408283 -0.91902 19.19474
6.00000 14.3800 0.408283 -0.90126 19.19809
6.00000 14.3800 0.408283 -0.88350 19.19781
6.00000 14.3800 0.408283 -0.86574 19.19584
6.00000 14.3800 0.408283 -0.84798 19.18692
6.00000 14.3800 0.408283 -0.83022 19.17430
6.00000 14.3800 0.408283 -0.81246 19.15437
6.00000 14.3800 0.408283 -0.79470 19.12342
6.00000 14.3800 0.408283 -0.77694 19.08311
6.00000 14.3800 0.408283 -0.75918 19.01605
6.00000 14.3800 0.408283 -0.74142 18.91149
6.00000 14.3800 0.408283 -0.72366 18.72510
6.00000 14.3800 0.408283 -0.70590 18.38445
6.00000 14.3800 0.408283 -0.68814 18.50694
6.00000 14.3800 0.408283 -0.67038 18.77217
6.00000 14.3800 0.408283 -0.65262 18.93085
6.00000 14.3800 0.408283 -0.63486 19.02897
6.00000 14.3800 0.408283 -0.61710 19.10230
6.00000 14.3800 0.408283 -0.59934 19.15958
6.00000 14.3800 0.408283 -0.58158 19.20400
6.00000 14.3800 0.408283 -0.56382 19.24324
6.00000 14.3800 0.408283 -0.54605 19.27470
6.00000 14.3800 0.408283 -0.52829 19.30291
6.00000 14.3800 0.408283 -0.51053 19.32745
6.00000 14.3800 0.408283 -0.49277 19.34806
6.00000 14.3800 0.408283 -0.47501 19.36708
6.00000 14.3800 0.408283 -0.45725 19.38186
6.00000 14.3800 0.408283 -0.43949 19.39524
6.00000 14.3800 0.408283 -0.42173 19.40590
6.00000 14.3800 0.408283 -0.40397 19.41419
6.00000 14.3800 0.408283 -0.38621 19.42130
6.00000 14.3800 0.408283 -0.36845 19.42483
6.00000 14.3800 0.408283 -0.35069 19.42731
6.00000 14.3800 0.408283 -0.33293 19.42712
6.00000 14.3800 0.408283 -0.31517 19.42499
6.00000 14.3800 0.408283 -0.29741 19.42133
6.00000 14.3800 0.408283 -0.27965 19.41458
6.00000 14.3800 0.408283 -0.26189 19.40651
6.00000 14.3800 0.408283 -0.24413 19.39557
6.00000 14.3800 0.408283 -0.22637 19.38278
6.00000 14.3800 0.408283 -0.20861 19.36790
6.00000 14.3800 0.408283 -0.19085 19.35051
6.00000 14.3800 0.408283 -0.17309 19.33117
6.00000 14.3800 0.408283 -0.15533 19.30917
6.00000 14.3800 0.408283 -0.13757 19.28500
6.00000 14.3800 0.408283 -0.11980 19.25829
6.00000 14.3800 0.408283 -0.10204 19.22939
6.00000 14.3800 0.408283 -0.08428 19.19748
6.00000 14.3800 0.408283 -0.06652 19.16379
6.00000 14.3800 0.408283 -0.04876 19.12695
6.00000 14.3800 0.408283 -0.03100 19.08755
6.00000 14.3800 0.408283 -0.01324 19.04592
6.00000 14.3800 0.408283 0.00452 18.99995
6.00000 14.3800 0.408283 0.02228 18.95374
6.00000 14.3800 0.408283 0.04004 18.90254
6.00000 14.3800 0.408283 0.05780 18.84958
6.00000 14.3800 0.408283 0.07556 18.79365
6.00000 14.3800 0.408283 0.09332 18.73252
6.00000 14.3800 0.408283 0.11108 18.67224
6.00000 14.3800 0.408283 0.12884 18.60450
6.00000 14.3800 0.408283 0.14660 18.53720
6.00000 14.3800 0.408283 0.16436 18.46490
6.00000 14.3800 0.408283 0.18212 18.38731
6.00000 14.3800 0.408283 0.19988 18.31115
6.00000 14.3800 0.408283 0.21764 18.22427
6.00000 14.3800 0.408283 0.23540 18.14194
6.00000 14.3800 0.408283 0.25316 18.05070
6.00000 14.3800 0.408283 0.27092 17.95554
6.00000 14.3800 0.408283 0.28869 17.86104
6.00000 14.3800 0.408283 0.30645 17.75158
6.00000 14.3800 0.408283 0.32421 17.65368
6.00000 14.3800 0.408283 0.34197 17.54015
6.00000 14.3800 0.408283 0.35973 17.42644
6.00000 14.3800 0.408283 0.37749 17.31046
6.00000 14.3800 0.408283 0.39525 17.17614
6.00000 14.3800 0.408283 0.41301 17.06042
6.00000 14.3800 0.408283 0.43077 16.92026
6.00000 14.3800 0.408283 0.44853 16.78719
6.00000 14.3800 0.408283 0.46629 16.64551
6.00000 14.3800 0.408283 0.48405 16.48657
6.00000 14.3800 0.408283 0.50181 16.34733
6.00000 14.3800 0.408283 0.51957 16.17500
6.00000 14.3800 0.408283 0.53733 16.02206
6.00000 14.3800 0.408283 0.55509 15.84906
6.00000 14.3800 0.408283 0.57285 15.66404
6.00000 14.3800 0.408283 0.59061 15.49593
6.00000 14.3800 0.408283 0.60837 15.28398
6.00000 14.3800 0.408283 0.62613 15.11096
6.00000 14.3800 0.408283 0.64389 14.89892
6.00000 14.3800 0.408283 0.66165 14.68668
6.00000 14.3800 0.408283 0.67941 14.48211
6.00000 14.3800 0.408283 0.69718 14.22054
6.00000 14.3800 0.408283 0.71494 14.02751
6.00000 14.3800 0.408283 0.73270 13.76557
6.00000 14.3800 0.408283 0.75046 13.52518
6.00000 14.3800 0.408283 0.76822 13.27278
6.00000 14.3800 0.408283 0.78598 12.95581
6.00000 14.3800 0.408283 0.80374 12.73454
6.00000 14.3800 0.408283 0.82150 12.40673
6.00000 14.3800 0.408283 0.83926 12.13782
6.00000 14.3800 0.408283 0.85702 11.82019
6.00000 14.3800 0.408283 0.87478 11.45549
6.00000 14.3800 0.408283 0.89254 11.17769
6.00000 14.3800 0.408283 0.91030 10.75935
6.00000 14.3800 0.408283 0.92806 10.46235
6.00000 14.3800 0.408283 0.94582 10.05152
6.00000 14.3800 0.408283 0.96358 9.24924
6.00000 14.3800 0.408283 0.98134 7.36801
6.00000 14.3800 0.408283 0.99910 5.40601
6.00000 14.3800 0.408283 1.01686 3.35990
6.00000 14.3800 0.408283 1.03462 1.22616
6.00000 14.3800 0.408283 1.05238 -0.99888
6.00000 14.3800 0.408283 1.07014 -3.31903
6.00000 14.3800 0.408283 1.08790 -5.73824
6.00000 14.3800 0.408283 1.10567 -8.26065
6.00000 14.3800 0.408283 1.12343 -10.89061
6.00000 14.3800 0.408283 1.14119 -13.63254
6.00000 14.3800 0.408283 1.15895 -16.49116
6.00000 14.3800 0.408283 1.17671 -19.47133
6.00000 14.3800 0.408283 1.19447 -22.57814
6.00000 14.3800 0.408283 1.21223 -25.81685
6.00000 14.3800 0.408283 1.22999 -29.19296
6.00000 14.3800 0.408283 1.24775 -32.71226
6.00000 14.3800 0.408283 1.26551 -36.38066
6.00000 14.3800 0.408283 1.28327 -40.20441
6.00000 14.3800 0.408283 1.30103 -44.19002
6.00000 14.3800 0.591717 -1.52288 18.49715
6.00000 14.3800 0.591717 -1.50512 18.53885
6.00000 14.3800 0.591717 -1.48736 18.56398
6.00000 14.3800 0.591717 -1.46960 18.57778
6.00000 14.3800 0.591717 -1.45184 18.61588
6.00000 14.3800 0.591717 -1.43408 18.65354
6.00000 14.3800 0.591717 -1.41632 18.68152
6.00000 14.3800 0.591717 -1.39856 18.70711
6.00000 14.3800 0.591717 -1.38080 18.73047
6.00000 14.3800 0.591717 -1.36303 18.75464
6.00000 14.3800 0.591717 -1.34527 18.77918
6.00000 14.3800 0.591717 -1.32751 18.80694
6.00000 14.3800 0.591717 -1.30975 18.83464
6.00000 14.3800 0.591717 -1.29199 18.86249
6.00000 14.3800 0.591717 -1.27423 18.88420
6.00000 14.3800 0.591717 -1.25647 18.90381
6.00000 14.3800 0.591717 -1.23871 18.92809
6.00000 14.3800 0.591717 -1.22095 18.95117
6.00000 14.3800 0.591717 -1.20319 18.97236
6.00000 14.3800 0.591717 -1.18543 18.99407
6.00000 14.3800 0.591717 -1.16767 19.01595
6.00000 14.3800 0.591717 -1.14991 19.03702
6.00000 14.3800 0.591717 -1.13215 19.05788
6.00000 14.3800 0.591717 -1.11439 19.07852
6.00000 14.3800 0.591717 -1.09663 19.09824
6.00000 14.3800 0.591717 -1.07887 19.11728
6.00000 14.3800 0.591717 -1.06111 19.13438
6.00000 14.3800 0.591717 -1.04335 19.15083
6.00000 14.3800 0.591717 -1.02559 19.16552
6.00000 14.3800 0.591717 -1.00783 19.17961
6.00000 14.3800 0.591717 -0.99007 19.19310
6.00000 14.3800 0.591717 -0.97231 19.20389
6.00000 14.3800 0.591717 -0.95454 19.21379
6.00000 14.3800 0.591717 -0.93678 19.22090
6.00000 14.3800 0.591717 -0.91902 19.22670
6.00000 14.3800 0.591717 -0.90126 19.23058
6.00000 14.3800 0.591717 -0.88350 19.23052
6.00000 14.3800 0.591717 -0.86574 19.22865
6.00000 14.3800 0.591717 -0.84798 19.22008
6.00000 14.3800 0.591717 -0.83022 19.20794
6.00000 14.3800 0.591717 -0.81246 19.18875
6.00000 14.3800 0.591717 -0.79470 19.15903
6.00000 14.3800 0.591717 -0.77694 19.12046
6.00000 14.3800 0.591717 -0.75918 19.05664
6.00000 14.3800 0.591717 -0.74142 18.95685
6.00000 14.3800 0.591717 -0.72366 18.77445
6.00000 14.3800 0.591717 -0.70590 18.42760
6.00000 14.3800 0.591717 -0.68814 18.55509
6.00000 14.3800 0.591717 -0.67038 18.82214
6.00000 14.3800 0.591717 -0.65262 18.97549
6.00000 14.3800 0.591717 -0.63486 19.06919
6.00000 14.3800 0.591717 -0.61710 19.13978
6.00000 14.3800 0.591717 -0.59934 19.19523
6.00000 14.3800 0.591717 -0.58158 19.23866
6.00000 14.3800 0.591717 -0.56382 19.27719
6.00000 14.3800 0.591717 -0.54605 19.30825
6.00000 14.3800 0.591717 -0.52829 19.33629
6.00000 14.3800 0.591717 -0.51053 19.36090
6.00000 14.3800 0.591717 -0.49277 19.38166
6.00000 14.3800 0.591717 -0.47501 19.40085
6.00000 14.3800 0.591717 -0.45725 19.41585
6.00000 14.3800 0.591717 -0.43949 19.42960
6.00000 14.3800 0.591717 -0.42173 19.44094
6.00000 14.3800 0.591717 -0.40397 19.44976
6.00000 14.3800 0.591717 -0.38621 19.45733
6.00000 14.3800 0.591717 -0.36845 19.46150
6.00000 14.3800 0.591717 -0.35069 19.46463
6.00000 14.3800 0.591717 -0.33293 19.46509
6.00000 14.3800 0.591717 -0.31517 19.46372
6.00000 14.3800 0.591717 -0.29741 19.46091
6.00000 14.3800 0.591717 -0.27965 19.45502
6.00000 14.3800 0.591717 -0.26189 19.44788
6.00000 14.3800 0.591717 -0.24413 19.43798
6.00000 14.3800 0.591717 -0.22637 19.42624
6.00000 14.3800 0.591717 -0.20861 19.41242
6.00000 14.3800 0.591717 -0.19085 19.39616
6.00000 14.3800 0.591717 -0.17309 19.37806
6.00000 14.3800 0.591717 -0.15533 19.35728
6.00000 14.3800 0.591717 -0.13757 19.33443
6.00000 14.3800 0.591717 -0.11980 19.30917
6.00000 14.3800 0.591717 -0.10204 19.28171
6.00000 14.3800 0.591717 -0.08428 19.25142
6.00000 14.3800 0.591717 -0.06652 19.21922
6.00000 14.3800 0.591717 -0.04876 19.18403
6.00000 14.3800 0.591717 -0.03100 19.14635
6.00000 14.3800 0.591717 -0.01324 19.10644
6.00000 14.3800 0.591717 0.00452 19.06241
6.00000 14.3800 0.591717 0.02228 19.01796
6.00000 14.3800 0.591717 0.04004 18.96879
6.00000 14.3800 0.591717 0.05780 18.91780
6.00000 14.3800 0.591717 0.07556 18.86393
6.00000 14.3800 0.591717 0.09332 18.80508
6.00000 14.3800 0.591717 0.11108 18.74688
6.00000 14.3800 0.591717 0.12884 18.68163
6.00000 14.3800 0.591717 0.14660 18.61656
6.00000 14.3800 0.591717 0.16436 18.54671
6.00000 14.3800 0.591717 0.18212 18.47174
6.00000 14.3800 0.591717 0.19988 18.39797
6.00000 14.3800 0.591717 0.21764 18.31404
6.00000 14.3800 0.591717 0.23540 18.23414
6.00000 14.3800 0.591717 0.25316 18.14579
6.00000 14.3800 0.591717 0.27092 18.05356
6.00000 14.3800 0.591717 0.28869 17.96182
6.00000 14.3800 0.591717 0.30645 17.85585
6.00000 14.3800 0.591717 0.32421 17.76056
6.00000 14.3800 0.591717 0.34197 17.65041
6.00000 14.3800 0.591717 0.35973 17.53987
6.00000 14.3800 0.591717 0.37749 17.42710
6.00000 14.3800 0.591717 0.39525 17.29677
6.00000 14.3800 0.591717 0.41301 17.18386
6.00000 14.3800 0.591717 0.43077 17.04769
6.00000 14.3800 0.591717 0.44853 16.91795
6.00000 14.3800 0.591717 0.46629 16.78000
6.00000 14.3800 0.591717 0.48405 16.62537
6.00000 14.3800 0.591717 0.50181 16.48933
6.00000 14.3800 0.591717 0.51957 16.32166
6.00000 14.3800 0.591717 0.53733 16.17213
6.00000 14.3800 0.591717 0.55509 16.00347
6.00000 14.3800 0.591717 0.57285 15.82295
6.00000 14.3800 0.591717 0.59061 15.65852
6.00000 14.3800 0.591717 0.60837 15.45198
6.00000 14.3800 0.591717 0.62613 15.28228
6.00000 14.3800 0.591717 0.64389 15.07527
6.00000 14.3800 0.591717 0.66165 14.86751
6.00000 14.3800 0.591717 0.67941 14.66716
6.00000 14.3800 0.591717 0.69718 14.41173
6.00000 14.3800 0.591717 0.71494 14.22173
6.00000 14.3800 0.591717 0.73270 13.96546
6.00000 14.3800 0.591717 0.75046 13.72921
6.00000 14.3800 0.591717 0.76822 13.48157
6.00000 14.3800 0.591717 0.78598 13.17088
6.00000 14.3800 0.591717 0.80374 12.95239
6.00000 14.3800 0.591717 0.82150 12.63061
6.00000 14.3800 0.591717 0.83926 12.36500
6.00000 14.3800 0.591717 0.85702 12.05235
6.00000 14.3800 0.591717 0.87478 11.69265
6.00000 14.3800 0.591717 0.89254 11.41775
6.00000 14.3800 0.591717 0.91030 11.00485
6.00000 14.3800 0.591717 0.92806 10.70978
6.00000 14.3800 0.591717 0.94582 10.30310
6.00000 14.3800 0.591717 0.96358 9.24924
6.00000 14.3800 0.591717 0.98134 7.36801
6.00000 14.3800 0.591717 0.99910 5.40601
6.00000 14.3800 0.591717 1.01686 3.35990
6.00000 14.3800 0.591717 1.03462 1.22616
6.00000 14.3800 0.591717 1.05238 -0.99888
6.00000 14.3800 0.591717 1.07014 -3.31903
6.00000 14.3800 0.591717 1.08790 -5.73824
6.00000 14.3800 0.591717 1.10567 -8.26065
6.00000 14.3800 0.591717 1.12343 -10.89061
6.00000 14.3800 0.591717 1.14119 -13.63254
6.00000 14.3800 0.591717 1.15895 -16.49116
6.00000 14.3800 0.591717 1.17671 -19.47133
6.00000 14.3800 0.591717 1.19447 -22.57814
6.00000 14.3800 0.591717 1.21223 -25.81685
6.00000 14.3800 0.591717 1.22999 -29.19296
6.00000 14.3800 0.591717 1.24775 -32.71226
6.00000 14.3800 0.591717 1.26551 -36.38066
6.00000 14.3800 0.591717 1.28327 -40.20441
6.00000 14.3800 0.591717 1.30103 -44.19002
6.00000 14.3800 0.762766 -1.52288 18.53504
6.00000 14.3800 0.762766 -1.50512 18.55814
6.00000 14.3800 0.762766 -1.48736 18.58415
6.00000 14.3800 0.762766 -1.46960 18.61200
6.00000 14.3800 0.762766 -1.45184 18.64380
6.00000 14.3800 0.762766 -1.43408 18.67405
6.00000 14.3800 0.762766 -1.41632 18.69841
6.00000 14.3800 0.762766 -1.39856 18.71940
6.00000 14.3800 0.762766 -1.38080 18.73719
6.00000 14.3800 0.762766 -1.36303 18.77309
6.00000 14.3800 0.762766 -1.34527 18.81011
6.00000 14.3800 0.762766 -1.32751 18.83257
6.00000 14.3800 0.762766 -1.30975 18.85820
6.00000 14.3800 0.762766 -1.29199 18.88796
6.00000 14.3800 0.762766 -1.27423 18.91007
6.00000 14.3800 0.762766 -1.25647 18.92954
6.00000 14.3800 0.762766 -1.23871 18.95367
6.00000 14.3800 0.762766 -1.22095 18.97674
6.00000 14.3800 0.762766 -1.20319 18.99818
6.00000 14.3800 0.762766 -1.18543 19.01854
6.00000 14.3800 0.762766 -1.16767 19.03829
6.00000 14.3800 0.762766 -1.14991 19.06358
6.00000 14.3800 0.762766 -1.13215 19.08634
6.00000 14.3800 0.762766 -1.11439 19.10239
6.00000 14.3800 0.762766 -1.09663 19.12121
6.00000 14.3800 0.762766 -1.07887 19.14197
6.00000 14.3800 0.762766 -1.06111 19.15629
6.00000 14.3800 0.762766 -1.04335 19.17026
6.00000 14.3800 0.762766 -1.02559 19.18604
6.00000 14.3800 0.762766 -1.00783 19.19994
6.00000 14.3800 0.762766 -0.99007 19.21200
6.00000 14.3800 0.762766 -0.97231 19.22212
6.00000 14.3800 0.762766 -0.95454 19.23152
6.00000 14.3800 0.762766 -0.93678 19.23792
6.00000 14.3800 0.762766 -0.91902 19.24250
6.00000 14.3800 0.762766 -0.90126 19.24441
6.00000 14.3800 0.762766 -0.88350 19.24295
6.00000 14.3800 0.762766 -0.86574 19.23989
6.00000 14.3800 0.762766 -0.84798 19.23068
6.00000 14.3800 0.762766 -0.83022 19.21789
6.00000 14.3800 0.762766 -0.81246 19.19806
6.00000 14.3800 0.762766 -0.79470 19.16775
6.00000 14.3800 0.762766 -0.77694 19.12856
6.00000 14.3800 0.762766 -0.75918 19.06457
6.00000 14.3800 0.762766 -0.74142 18.96514
6.00000 14.3800 0.762766 -0.72366 18.78602
6.00000 14.3800 0.762766 -0.70590 18.45710
6.00000 14.3800 0.762766 -0.68814 18.57333
6.00000 14.3800 0.762766 -0.67038 18.82545
6.00000 14.3800 0.762766 -0.65262 18.97352
6.00000 14.3800 0.762766 -0.63486 19.06432
6.00000 14.3800 0.762766 -0.61710 19.13267
6.00000 14.3800 0.762766 -0.59934 19.18621
6.00000 14.3800 0.762766 -0.58158 19.22774
6.00000 14.3800 0.762766 -0.56382 19.26453
6.00000 14.3800 0.762766 -0.54605 19.29387
6.00000 14.3800 0.762766 -0.52829 19.32012
6.00000 14.3800 0.762766 -0.51053 19.34275
6.00000 14.3800 0.762766 -0.49277 19.36166
6.00000 14.3800 0.762766 -0.47501 19.37909
6.00000 14.3800 0.762766 -0.45725 19.39239
6.00000 14.3800 0.762766 -0.43949 19.40439
6.00000 14.3800 0.762766 -0.42173 19.41385
6.00000 14.3800 0.762766 -0.40397 19.42085
6.00000 14.3800 0.762766 -0.38621 19.42661
6.00000 14.3800 0.762766 -0.36845 19.42881
6.00000 14.3800 0.762766 -0.35069 19.43000
6.00000 14.3800 0.762766 -0.33293 19.42863
6.00000 14.3800 0.762766 -0.31517 19.42520
6.00000 14.3800 0.762766 -0.29741 19.42010
6.00000 14.3800 0.762766 -0.27965 19.41209
6.00000 14.3800 0.762766 -0.26189 19.40274
6.00000 14.3800 0.762766 -0.24413 19.39060
6.00000 14.3800 0.762766 -0.22637 19.37659
6.00000 14.3800 0.762766 -0.20861 19.36046
6.00000 14.3800 0.762766 -0.19085 19.34182
6.00000 14.3800 0.762766 -0.17309 19.32114
6.00000 14.3800 0.762766 -0.15533 19.29790
6.00000 14.3800 0.762766 -0.13757 19.27243
6.00000 14.3800 0.762766 -0.11980 19.24442
6.00000 14.3800 0.762766 -0.10204 19.21421
6.00000 14.3800 0.762766 -0.08428 19.18084
6.00000 14.3800 0.762766 -0.06652 19.14589
6.00000 14.3800 0.762766 -0.04876 19.10765
6.00000 14.3800 0.762766 -0.03100 19.06685
6.00000 14.3800 0.762766 -0.01324 19.02383
6.00000 14.3800 0.762766 0.00452 18.97633
6.00000 14.3800 0.762766 0.02228 18.92880
6.00000 14.3800 0.762766 0.04004 18.87607
6.00000 14.3800 0.762766 0.05780 18.82171
6.00000 14.3800 0.762766 0.07556 18.76427
6.00000 14.3800 0.762766 0.09332 18.70146
6.00000 14.3800 0.762766 0.11108 18.63976
6.00000 14.3800 0.762766 0.12884 18.57037
6.00000 14.3800 0.762766 0.14660 18.50156
6.00000 14.3800 0.762766 0.16436 18.42763
6.00000 14.3800 0.762766 0.18212 18.34830
6.00000 14.3800 0.762766 0.19988 18.27057
6.00000 14.3800 0.762766 0.21764 18.18178
6.00000 14.3800 0.762766 0.23540 18.09787
6.00000 14.3800 0.762766 0.25316 18.00477
6.00000 14.3800 0.762766 0.27092 17.90777
6.00000 14.3800 0.762766 0.28869 17.81154
6.00000 14.3800 0.762766 0.30645 17.69990
6.00000 14.3800 0.762766 0.32421 17.60038
6.00000 14.3800 0.762766 0.34197 17.48472
6.00000 14.3800 0.762766 0.35973 17.36905
6.00000 14.3800 0.762766 0.37749 17.25109
6.00000 14.3800 0.762766 0.39525 17.11429
6.00000 14.3800 0.762766 0.41301 16.99683
6.00000 14.3800 0.762766 0.43077 16.85419
6.00000 14.3800 0.762766 0.44853 16.71903
6.00000 14.3800 0.762766 0.46629 16.57501
6.00000 14.3800 0.762766 0.48405 16.41336
6.00000 14.3800 0.762766 0.50181 16.27208
6.00000 14.3800 0.762766 0.51957 16.09674
6.00000 14.3800 0.762766 0.53733 15.94160
6.00000 14.3800 0.762766 0.55509 15.76573
6.00000 14.3800 0.762766 0.57285 15.57770
6.00000 14.3800 0.762766 0.59061 15.40708
6.00000 14.3800 0.762766 0.60837 15.19137
6.00000 14.3800 0.762766 0.62613 15.01598
6.00000 14.3800 0.762766 0.64389 14.80029
6.00000 14.3800 0.762766 0.66165 14.58468
6.00000 14.3800 0.762766 0.67941 14.37683
6.00000 14.3800 0.762766 0.69718 14.11034
6.00000 14.3800 0.762766 0.71494 13.91475
6.00000 14.3800 0.762766 0.73270 13.64788
6.00000 14.3800 0.762766 0.75046 13.40370
6.00000 14.3800 0.762766 0.76822 13.14673
6.00000 14.3800 0.762766 0.78598 12.82335
6.00000 14.3800 0.762766 0.80374 12.59898
6.00000 14.3800 0.762766 0.82150 12.26423
6.00000 14.3800 0.762766 0.83926 11.99108
6.00000 14.3800 0.762766 0.85702 11.66678
6.00000 14.3800 0.762766 0.87478 11.29449
6.00000 14.3800 0.762766 0.89254 11.01186
6.00000 14.3800 0.762766 0.91030 10.58346
6.00000 14.3800 0.762766 0.92806 10.28208
6.00000 14.3800 0.762766 0.94582 9.86133
6.00000 14.3800 0.762766 0.96358 9.24924
6.00000 14.3800 0.762766 0.98134 7.36801
6.00000 14.3800 0.762766 0.99910 5.40601
6.00000 14.3800 0.762766 1.01686 3.35990
6.00000 14.3800 0.762766 1.03462 1.22616
6.00000 14.3800 0.762766 1.05238 -0.99888
6.00000 14.3800 0.762766 1.07014 -3.31903
6.00000 14.3800 0.762766 1.08790 -5.73824
6.00000 14.3800 0.762766 1.10567 -8.26065
6.00000 14.3800 0.762766 1.12343 -10.89061
6.00000 14.3800 0.762766 1.14119 -13.63254
6.00000 14.3800 0.762766 1.15895 -16.49116
6.00000 14.3800 0.762766 1.17671 -19.47133
6.00000 14.3800 0.762766 1.19447 -22.57814
6.00000 14.3800 0.762766 1.21223 -25.81685
6.00000 14.3800 0.762766 1.22999 -29.19296
6.00000 14.3800 0.762766 1.24775 -32.71226
6.00000 14.3800 0.762766 1.26551 -36.38066
6.00000 14.3800 0.762766 1.28327 -40.20441
6.00000 14.3800 0.762766 1.30103 -44.19002
6.00000 14.3800 0.898333 -1.52288 18.57977
6.00000 14.3800 0.898333 -1.50512 18.59431
6.00000 14.3800 0.898333 -1.48736 18.62023
6.00000 14.3800 0.898333 -1.46960 18.65377
6.00000 14.3800 0.898333 -1.45184 18.67908
6.00000 14.3800 0.898333 -1.43408 18.70171
6.00000 14.3800 0.898333 -1.41632 18.71857
6.00000 14.3800 0.898333 -1.39856 18.74018
6.00000 14.3800 0.898333 -1.38080 18.76629
6.00000 14.3800 0.898333 -1.36303 18.80413
6.00000 14.3800 0.898333 -1.34527 18.84017
6.00000 14.3800 0.898333 -1.32751 18.85055
6.00000 14.3800 0.898333 -1.30975 18.86937
6.00000 14.3800 0.898333 -1.29199 18.89926
6.00000 14.3800 0.898333 -1.27423 18.92303
6.00000 14.3800 0.898333 -1.25647 18.94450
6.00000 14.3800 0.898333 -1.23871 18.96567
6.00000 14.3800 0.898333 -1.22095 18.98860
6.00000 14.3800 0.898333 -1.20319 19.01488
6.00000 14.3800 0.898333 -1.18543 19.03639
6.00000 14.3800 0.898333 -1.16767 19.05543
6.00000 14.3800 0.898333 -1.14991 19.07472
6.00000 14.3800 0.898333 -1.13215 19.09451
6.00000 14.3800 0.898333 -1.11439 19.11572
6.00000 14.3800 0.898333 -1.09663 19.13323
6.00000 14.3800 0.898333 -1.07887 19.14813
6.00000 14.3800 0.898333 -1.06111 19.16197
6.00000 14.3800 0.898333 -1.04335 19.17549
6.00000 14.3800 0.898333 -1.02559 19.18794
6.00000 14.3800 0.898333 -1.00783 19.19933
6.00000 14.3800 0.898333 -0.99007 19.20965
6.00000 14.3800 0.898333 -0.97231 19.21729
6.00000 14.3800 0.898333 -0.95454 19.22399
6.00000 14.3800 0.898333 -0.93678 19.22751
6.00000 14.3800 0.898333 -0.91902 19.22958
6.00000 14.3800 0.898333 -0.90126 19.22950
6.00000 14.3800 0.898333 -0.88350 19.22578
6.00000 14.3800 0.898333 -0.86574 19.22025
6.00000 14.3800 0.898333 -0.84798 19.20859
6.00000 14.3800 0.898333 -0.83022 19.19317
6.00000 14.3800 0.898333 -0.81246 19.17043
6.00000 14.3800 0.898333 -0.79470 19.13691
6.00000 14.3800 0.898333 -0.77694 19.09382
6.00000 14.3800 0.898333 -0.75918 19.02489
6.00000 14.3800 0.898333 -0.74142 18.92067
6.00000 14.3800 0.898333 -0.72366 18.74791
6.00000 14.3800 0.898333 -0.70590 18.47355
6.00000 14.3800 0.898333 -0.68814 18.55644
6.00000 14.3800 0.898333 -0.67038 18.76500
6.00000 14.3800 0.898333 -0.65262 18.90376
6.00000 14.3800 0.898333 -0.63486 18.99275
6.00000 14.3800 0.898333 -0.61710 19.05928
6.00000 14.3800 0.898333 -0.59934 19.11082
6.00000 14.3800 0.898333 -0.58158 19.14928
6.00000 14.3800 0.898333 -0.56382 19.18293
6.00000 14.3800 0.898333 -0.54605 19.20847
6.00000 14.3800 0.898333 -0.52829 19.23092
6.00000 14.3800 0.898333 -0.51053 19.24961
6.00000 14.3800 0.898333 -0.49277 19.26424
6.00000 14.3800 0.898333 -0.47501 19.27732
6.00000 14.3800 0.898333 -0.45725 19.28601
6.00000 14.3800 0.898333 -0.43949 19.29331
6.00000 14.3800 0.898333 -0.42173 19.29781
6.00000 14.3800 0.898333 -0.40397 19.29977
6.00000 14.3800 0.898333 -0.38621 19.30036
6.00000 14.3800 0.898333 -0.36845 19.29724
6.00000 14.3800 0.898333 -0.35069 19.29291
6.00000 14.3800 0.898333 -0.33293 19.28583
6.00000 14.3800 0.898333 -0.31517 19.27654
6.00000 14.3800 0.898333 -0.29741 19.26529
6.00000 14.3800 0.898333 -0.27965 19.25107
6.00000 14.3800 0.898333 -0.26189 19.23510
6.00000 14.3800 0.898333 -0.24413 19.21624
6.00000 14.3800 0.898333 -0.22637 19.19524
6.00000 14.3800 0.898333 -0.20861 19.17173
6.00000 14.3800 0.898333 -0.19085 19.14578
6.00000 14.3800 0.898333 -0.17309 19.11709
6.00000 14.3800 0.898333 -0.15533 19.08610
6.00000 14.3800 0.898333 -0.13757 19.05229
6.00000 14.3800 0.898333 -0.11980 19.01557
6.00000 14.3800 0.898333 -0.10204 18.97677
6.00000 14.3800 0.898333 -0.08428 18.93379
6.00000 14.3800 0.898333 -0.06652 18.88993
6.00000 14.3800 0.898333 -0.04876 18.84172
6.00000 14.3800 0.898333 -0.03100 18.79092
6.00000 14.3800 0.898333 -0.01324 18.73780
6.00000 14.3800 0.898333 0.00452 18.67879
6.00000 14.3800 0.898333 0.02228 18.62119
6.00000 14.3800 0.898333 0.04004 18.55661
6.00000 14.3800 0.898333 0.05780 18.49087
6.00000 14.3800 0.898333 0.07556 18.42159
6.00000 14.3800 0.898333 0.09332 18.34557
6.00000 14.3800 0.898333 0.11108 18.27233
6.00000 14.3800 0.898333 0.12884 18.18889
6.00000 14.3800 0.898333 0.14660 18.10755
6.00000 14.3800 0.898333 0.16436 18.01975
6.00000 14.3800 0.898333 0.18212 17.92558
6.00000 14.3800 0.898333 0.19988 17.83460
6.00000 14.3800 0.898333 0.21764 17.72920
6.00000 14.3800 0.898333 0.23540 17.63182
6.00000 14.3800 0.898333 0.25316 17.52250
6.00000 14.3800 0.898333 0.27092 17.40923
6.00000 14.3800 0.898333 0.28869 17.29773
6.00000 14.3800 0.898333 0.30645 17.16654
6.00000 14.3800 0.898333 0.32421 17.05288
6.00000 14.3800 0.898333 0.34197 16.91822
6.00000 14.3800 0.898333 0.35973 16.78515
6.00000 14.3800 0.898333 0.37749 16.64951
6.00000 14.3800 0.898333 0.39525 16.49041
6.00000 14.3800 0.898333 0.41301 16.35786
6.00000 14.3800 0.898333 0.43077 16.19299
6.00000 14.3800 0.898333 0.44853 16.03973
6.00000 14.3800 0.898333 0.46629 15.87514
6.00000 14.3800 0.898333 0.48405 15.68969
6.00000 14.3800 0.898333 0.50181 15.53118
6.00000 14.3800 0.898333 0.51957 15.32997
6.00000 14.3800 0.898333 0.53733 15.15670
6.00000 14.3800 0.898333 0.55509 14.95699
6.00000 14.3800 0.898333 0.57285 14.74461
6.00000 14.3800 0.898333 0.59061 14.55431
6.00000 14.3800 0.898333 0.60837 14.30915
6.00000 14.3800 0.898333 0.62613 14.11677
6.00000 14.3800 0.898333 0.64389 13.87423
6.00000 14.3800 0.898333 0.66165 13.63572
6.00000 14.3800 0.898333 0.67941 13.40622
6.00000 14.3800 0.898333 0.69718 13.10863
6.00000 14.3800 0.898333 0.71494 12.89930
6.00000 14.3800 0.898333 0.73270 12.60540
6.00000 14.3800 0.898333 0.75046 12.34369
6.00000 14.3800 0.898333 0.76822 12.06660
6.00000 14.3800 0.898333 0.78598 11.71931
6.00000 14.3800 0.898333 0.80374 11.48655
6.00000 14.3800 0.898333 0.82150 11.13408
6.00000 14.3800 0.898333 0.83926 10.85486
6.00000 14.3800 0.898333 0.85702 10.52240
6.00000 14.3800 0.898333 0.87478 10.14802
6.00000 14.3800 0.898333 0.89254 9.86697
6.00000 14.3800 0.898333 0.91030 9.44729
6.00000 14.3800 0.898333 0.92806 9.15378
6.00000 14.3800 0.898333 0.94582 8.75157
6.00000 14.3800 0.898333 0.96358 8.34983
6.00000 14.3800 0.898333 0.98134 7.36801
6.00000 14.3800 0.898333 0.99910 5.40601
6.00000 14.3800 0.898333 1.01686 3.35990
6.00000 14.3800 0.898333 1.03462 1.22616
6.00000 14.3800 0.898333 1.05238 -0.99888
6.00000 14.3800 0.898333 1.07014 -3.31903
6.00000 14.3800 0.898333 1.08790 -5.73824
6.00000 14.3800 0.898333 1.10567 -8.26065
6.00000 14.3800 0.898333 1.12343 -10.89061
6.00000 14.3800 0.898333 1.14119 -13.63254
6.00000 14.3800 0.898333 1.15895 -16.49116
6.00000 14.3800 0.898333 1.17671 -19.47133
6.00000 14.3800 0.898333 1.19447 -22.57814
6.00000 14.3800 0.898333 1.21223 -25.81685
6.00000 14.3800 0.898333 1.22999 -29.19296
6.00000 14.3800 0.898333 1.24775 -32.71226
6.00000 14.3800 0.898333 1.26551 -36.38066
6.00000 14.3800 0.898333 1.28327 -40.20441
6.00000 14.3800 0.898333 1.30103 -44.19002
6.00000 14.3800 0.980145 -1.52288 18.58939
6.00000 14.3800 0.980145 -1.50512 18.61802
6.00000 14.3800 0.980145 -1.48736 18.64431
6.00000 14.3800 0.980145 -1.46960 18.66890
6.00000 14.3800 0.980145 -1.45184 18.68002
6.00000 14.3800 0.980145 -1.43408 18.69591
6.00000 14.3800 0.980145 -1.41632 18.73919
6.00000 14.3800 0.980145 -1.39856 18.76859
6.00000 14.3800 0.980145 -1.38080 18.78551
6.00000 14.3800 0.980145 -1.36303 18.81618
6.00000 14.3800 0.980145 -1.34527 18.84763
6.00000 14.3800 0.980145 -1.32751 18.86552
6.00000 14.3800 0.980145 -1.30975 18.88534
6.00000 14.3800 0.980145 -1.29199 18.90770
6.00000 14.3800 0.980145 -1.27423 18.93108
6.00000 14.3800 0.980145 -1.25647 18.95447
6.00000 14.3800 0.980145 -1.23871 18.97297
6.00000 14.3800 0.980145 -1.22095 18.99134
6.00000 14.3800 0.980145 -1.20319 19.00948
6.00000 14.3800 0.980145 -1.18543 19.02680
6.00000 14.3800 0.980145 -1.16767 19.04369
6.00000 14.3800 0.980145 -1.14991 19.05769
6.00000 14.3800 0.980145 -1.13215 19.07091
6.00000 14.3800 0.980145 -1.11439 19.08218
6.00000 14.3800 0.980145 -1.09663 19.09262
6.00000 14.3800 0.980145 -1.07887 19.10249
6.00000 14.3800 0.980145 -1.06111 19.11056
6.00000 14.3800 0.980145 -1.04335 19.11850
6.00000 14.3800 0.980145 -1.02559 19.12644
6.00000 14.3800 0.980145 -1.00783 19.13314
6.00000 14.3800 0.980145 -0.99007 19.13854
6.00000 14.3800 0.980145 -0.97231 19.14165
6.00000 14.3800 0.980145 -0.95454 19.14398
6.00000 14.3800 0.980145 -0.93678 19.14424
6.00000 14.3800 0.980145 -0.91902 19.14268
6.00000 14.3800 0.980145 -0.90126 19.13844
6.00000 14.3800 0.980145 -0.88350 19.13016
6.00000 14.3800 0.980145 -0.86574 19.11964
6.00000 14.3800 0.980145 -0.84798 19.10164
6.00000 14.3800 0.980145 -0.83022 19.07892
6.00000 14.3800 0.980145 -0.81246 19.04732
6.00000 14.3800 0.980145 -0.79470 19.00401
6.00000 14.3800 0.980145 -0.77694 18.94893
6.00000 14.3800 0.980145 -0.75918 18.87221
6.00000 14.3800 0.980145 -0.74142 18.77176
6.00000 14.3800 0.980145 -0.72366 18.64394
6.00000 14.3800 0.980145 -0.70590 18.49423
6.00000 14.3800 0.980145 -0.68814 18.51394
6.00000 14.3800 0.980145 -0.67038 18.60908
6.00000 14.3800 0.980145 -0.65262 18.69451
6.00000 14.3800 0.980145 -0.63486 18.76431
6.00000 14.3800 0.980145 -0.61710 18.82074
6.00000 14.3800 0.980145 -0.59934 18.86738
6.00000 14.3800 0.980145 -0.58158 18.90145
6.00000 14.3800 0.980145 -0.56382 18.93088
6.00000 14.3800 0.980145 -0.54605 18.95065
6.00000 14.3800 0.980145 -0.52829 18.96680
6.00000 14.3800 0.980145 -0.51053 18.97821
6.00000 14.3800 0.980145 -0.49277 18.98470
6.00000 14.3800 0.980145 -0.47501 18.98924
6.00000 14.3800 0.980145 -0.45725 18.98822
6.00000 14.3800 0.980145 -0.43949 18.98545
6.00000 14.3800 0.980145 -0.42173 18.97922
6.00000 14.3800 0.980145 -0.40397 18.96992
6.00000 14.3800 0.980145 -0.38621 18.95850
6.00000 14.3800 0.980145 -0.36845 18.94308
6.00000 14.3800 0.980145 -0.35069 18.92567
6.00000 14.3800 0.980145 -0.33293 18.90498
6.00000 14.3800 0.980145 -0.31517 18.88161
6.00000 14.3800 0.980145 -0.29741 18.85528
6.00000 14.3800 0.980145 -0.27965 18.82609
6.00000 14.3800 0.980145 -0.26189 18.79372
6.00000 14.3800 0.980145 -0.24413 18.75854
6.00000 14.3800 0.980145 -0.22637 18.72025
6.00000 14.3800 0.980145 -0.20861 18.67825
6.00000 14.3800 0.980145 -0.19085 18.63421
6.00000 14.3800 0.980145 -0.17309 18.58511
6.00000 14.3800 0.980145 -0.15533 18.53479
6.00000 14.3800 0.980145 -0.13757 18.47977
6.00000 14.3800 0.980145 -0.11980 18.42095
6.00000 14.3800 0.980145 -0.10204 18.36041
6.00000 14.3800 0.980145 -0.08428 18.29206
6.00000 14.3800 0.980145 -0.06652 18.22598
6.00000 14.3800 0.980145 -0.04876 18.15184
6.00000 14.3800 0.980145 -0.03100 18.07520
6.00000 14.3800 0.980145 -0.01324 17.99600
6.00000 14.3800 0.980145 0.00452 17.90636
6.00000 14.3800 0.980145 0.02228 17.82328
6.00000 14.3800 0.980145 0.04004 17.72714
6.00000 14.3800 0.980145 0.05780 17.63207
6.00000 14.3800 0.980145 0.07556 17.53162
6.00000 14.3800 0.980145 0.09332 17.42020
6.00000 14.3800 0.980145 0.11108 17.31735
6.00000 14.3800 0.980145 0.12884 17.19589
6.00000 14.3800 0.980145 0.14660 17.08241
6.00000 14.3800 0.980145 0.16436 16.95770
6.00000 14.3800 0.980145 0.18212 16.82414
6.00000 14.3800 0.980145 0.19988 16.69903
6.00000 14.3800 0.980145 0.21764 16.54873
6.00000 14.3800 0.980145 0.23540 16.41774
6.00000 14.3800 0.980145 0.25316 16.26561
6.00000 14.3800 0.980145 0.27092 16.11081
6.00000 14.3800 0.980145 0.28869 15.96090
6.00000 14.3800 0.980145 0.30645 15.77885
6.00000 14.3800 0.980145 0.32421 15.63265
6.00000 14.3800 0.980145 0.34197 15.45097
6.00000 14.3800 0.980145 0.35973 15.27827
6.00000 14.3800 0.980145 0.37749 15.10263
6.00000 14.3800 0.980145 0.39525 14.89406
6.00000 14.3800 0.980145 0.41301 14.73364
6.00000 14.3800 0.980145 0.43077 14.52576
6.00000 14.3800 0.980145 0.44853 14.34447
6.00000 14.3800 0.980145 0.46629 14.14968
6.00000 14.3800 0.980145 0.48405 13.93664
6.00000 14.3800 0.980145 0.50181 13.76578
6.00000 14.3800 0.980145 0.51957 13.55083
6.00000 14.3800 0.980145 0.53733 13.37932
6.00000 14.3800 0.980145 0.55509 13.18654
6.00000 14.3800 0.980145 0.57285 12.99404
6.00000 14.3800 0.980145 0.59061 12.82799
6.00000 14.3800 0.980145 0.60837 12.62755
6.00000 14.3800 0.980145 0.62613 12.47134
6.00000 14.3800 0.980145 0.64389 12.28657
6.00000 14.3800 0.980145 0.66165 12.10684
6.00000 14.3800 0.980145 0.67941 11.93583
6.00000 14.3800 0.980145 0.69718 11.72677
6.00000 14.3800 0.980145 0.71494 11.56436
6.00000 14.3800 0.980145 0.73270 11.35671
6.00000 14.3800 0.980145 0.75046 11.15975
6.00000 14.3800 0.980145 0.76822 10.95631
6.00000 14.3800 0.980145 0.78598 10.70559
6.00000 14.3800 0.980145 0.80374 10.51653
6.00000 14.3800 0.980145 0.82150 10.25441
6.00000 14.3800 0.980145 0.83926 10.02527
6.00000 14.3800 0.980145 0.85702 9.76466
6.00000 14.3800 0.980145 0.87478 9.46157
6.00000 14.3800 0.980145 0.89254 9.22112
6.00000 14.3800 0.980145 0.91030 8.87443
6.00000 14.3800 0.980145 0.92806 8.60862
6.00000 14.3800 0.980145 0.94582 8.26108
6.00000 14.3800 0.980145 0.96358 7.89708
6.00000 14.3800 0.980145 0.98134 7.36801
6.00000 14.3800 0.980145 0.99910 5.40601
6.00000 14.3800 0.980145 1.01686 3.35990
6.00000 14.3800 0.980145 1.03462 1.22616
6.00000 14.3800 0.980145 1.05238 -0.99888
6.00000 14.3800 0.980145 1.07014 -3.31903
6.00000 14.3800 0.980145 1.08790 -5.73824
6.00000 14.3800 0.980145 1.10567 -8.26065
6.00000 14.3800 0.980145 1.12343 -10.89061
6.00000 14.3800 0.980145 1.14119 -13.63254
6.00000 14.3800 0.980145 1.15895 -16.49116
6.00000 14.3800 0.980145 1.17671 -19.47133
6.00000 14.3800 0.980145 1.19447 -22.57814
6.00000 14.3800 0.980145 1.21223 -25.81685
6.00000 14.3800 0.980145 1.22999 -29.19296
6.00000 14.3800 0.980145 1.24775 -32.71226
6.00000 14.3800 0.980145 1.26551 -36.38066
6.00000 14.3800 0.980145 1.28327 -40.20441
6.00000 14.3800 0.980145 1.30103 -44.19002
6.11394 14.3800 0.019855 -1.52288 18.36775
6.11394 14.3800 0.019855 -1.50512 18.39615
6.11394 14.3800 0.019855 -1.48736 18.42444
6.11394 14.3800 0.019855 -1.46960 18.45248
6.11394 14.3800 0.019855 -1.45184 18.47970
6.11394 14.3800 0.019855 -1.43408 18.50653
6.11394 14.3800 0.019855 -1.41632 18.53377
6.11394 14.3800 0.019855 -1.39856 18.56064
6.11394 14.3800 0.019855 -1.38080 18.58716
6.11394 14.3800 0.019855 -1.36303 18.61352
6.11394 14.3800 0.019855 -1.34527 18.63948
6.11394 14.3800 0.019855 -1.32751 18.66515
6.11394 14.3800 0.019855 -1.30975 18.69057
6.11394 14.3800 0.019855 -1.29199 18.71584
6.11394 14.3800 0.019855 -1.27423 18.74054
6.11394 14.3800 0.019855 -1.25647 18.76480
6.11394 14.3800 0.019855 -1.23871 18.78865
6.11394 14.3800 0.019855 -1.22095 18.81207
6.11394 14.3800 0.019855 -1.20319 18.83497
6.11394 14.3800 0.019855 -1.18543 18.85725
6.11394 14.3800 0.019855 -1.16767 18.87912
6.11394 14.3800 0.019855 -1.14991 18.89992
6.11394 14.3800 0.019855 -1.13215 18.92027
6.11394 14.3800 0.019855 -1.11439 18.93974
6.11394 14.3800 0.019855 -1.09663 18.95825
6.11394 14.3800 0.019855 -1.07887 18.97609
6.11394 14.3800 0.019855 -1.06111 18.99236
6.11394 14.3800 0.019855 -1.04335 19.00803
6.11394 14.3800 0.019855 -1.02559 19.02184
6.11394 14.3800 0.019855 -1.00783 19.03436
6.11394 14.3800 0.019855 -0.99007 19.04560
6.11394 14.3800 0.019855 -0.97231 19.05413
6.11394 14.3800 0.019855 -0.95454 19.06166
6.11394 14.3800 0.019855 -0.93678 19.06559
6.11394 14.3800 0.019855 -0.91902 19.06748
6.11394 14.3800 0.019855 -0.90126 19.06637
6.11394 14.3800 0.019855 -0.88350 19.06078
6.11394 14.3800 0.019855 -0.86574 19.05292
6.11394 14.3800 0.019855 -0.84798 19.03770
6.11394 14.3800 0.019855 -0.83022 19.01867
6.11394 14.3800 0.019855 -0.81246 18.99256
6.11394 14.3800 0.019855 -0.79470 18.95839
6.11394 14.3800 0.019855 -0.77694 18.91656
6.11394 14.3800 0.019855 -0.75918 18.86165
6.11394 14.3800 0.019855 -0.74142 18.79242
6.11394 14.3800 0.019855 -0.72366 18.70135
6.11394 14.3800 0.019855 -0.70590 18.52846
6.11394 14.3800 0.019855 -0.68814 18.59699
6.11394 14.3800 0.019855 -0.67038 18.69351
6.11394 14.3800 0.019855 -0.65262 18.76574
6.11394 14.3800 0.019855 -0.63486 18.82800
6.11394 14.3800 0.019855 -0.61710 18.88324
6.11394 14.3800 0.019855 -0.59934 18.93302
6.11394 14.3800 0.019855 -0.58158 18.97656
6.11394 14.3800 0.019855 -0.56382 19.01649
6.11394 14.3800 0.019855 -0.54605 19.05035
6.11394 14.3800 0.019855 -0.52829 19.08055
6.11394 14.3800 0.019855 -0.51053 19.10670
6.11394 14.3800 0.019855 -0.49277 19.12787
6.11394 14.3800 0.019855 -0.47501 19.14701
6.11394 14.3800 0.019855 -0.45725 19.16009
6.11394 14.3800 0.019855 -0.43949 19.17119
6.11394 14.3800 0.019855 -0.42173 19.17847
6.11394 14.3800 0.019855 -0.40397 19.18216
6.11394 14.3800 0.019855 -0.38621 19.18394
6.11394 14.3800 0.019855 -0.36845 19.18064
6.11394 14.3800 0.019855 -0.35069 19.17570
6.11394 14.3800 0.019855 -0.33293 19.16697
6.11394 14.3800 0.019855 -0.31517 19.15538
6.11394 14.3800 0.019855 -0.29741 19.14119
6.11394 14.3800 0.019855 -0.27965 19.12312
6.11394 14.3800 0.019855 -0.26189 19.10270
6.11394 14.3800 0.019855 -0.24413 19.07866
6.11394 14.3800 0.019855 -0.22637 19.05179
6.11394 14.3800 0.019855 -0.20861 19.02153
6.11394 14.3800 0.019855 -0.19085 18.98834
6.11394 14.3800 0.019855 -0.17309 18.95133
6.11394 14.3800 0.019855 -0.15533 18.91171
6.11394 14.3800 0.019855 -0.13757 18.86828
6.11394 14.3800 0.019855 -0.11980 18.82109
6.11394 14.3800 0.019855 -0.10204 18.77151
6.11394 14.3800 0.019855 -0.08428 18.71585
6.11394 14.3800 0.019855 -0.06652 18.66018
6.11394 14.3800 0.019855 -0.04876 18.59824
6.11394 14.3800 0.019855 -0.03100 18.53330
6.11394 14.3800 0.019855 -0.01324 18.46569
6.11394 14.3800 0.019855 0.00452 18.38962
6.11394 14.3800 0.019855 0.02228 18.31736
6.11394 14.3800 0.019855 0.04004 18.23490
6.11394 14.3800 0.019855 0.05780 18.15238
6.11394 14.3800 0.019855 0.07556 18.06553
6.11394 14.3800 0.019855 0.09332 17.96988
6.11394 14.3800 0.019855 0.11108 17.88069
6.11394 14.3800 0.019855 0.12884 17.77760
6.11394 14.3800 0.019855 0.14660 17.68088
6.11394 14.3800 0.019855 0.16436 17.57687
6.11394 14.3800 0.019855 0.18212 17.46761
6.11394 14.3800 0.019855 0.19988 17.36672
6.11394 14.3800 0.019855 0.21764 17.25103
6.11394 14.3800 0.019855 0.23540 17.15192
6.11394 14.3800 0.019855 0.25316 17.04375
6.11394 14.3800 0.019855 0.27092 16.93940
6.11394 14.3800 0.019855 0.28869 16.84382
6.11394 14.3800 0.019855 0.30645 16.73941
6.11394 14.3800 0.019855 0.32421 16.65734
6.11394 14.3800 0.019855 0.34197 16.56761
6.11394 14.3800 0.019855 0.35973 16.48663
6.11394 14.3800 0.019855 0.37749 16.40962
6.11394 14.3800 0.019855 0.39525 16.32857
6.11394 14.3800 0.019855 0.41301 16.25981
6.11394 14.3800 0.019855 0.43077 16.18324
6.11394 14.3800 0.019855 0.44853 16.11027
6.11394 14.3800 0.019855 0.46629 16.03467
6.11394 14.3800 0.019855 0.48405 15.95296
6.11394 14.3800 0.019855 0.50181 15.87537
6.11394 14.3800 0.019855 0.51957 15.78651
6.11394 14.3800 0.019855 0.53733 15.69974
6.11394 14.3800 0.019855 0.55509 15.60529
6.11394 14.3800 0.019855 0.57285 15.50272
6.11394 14.3800 0.019855 0.59061 15.40290
6.11394 14.3800 0.019855 0.60837 15.28509
6.11394 14.3800 0.019855 0.62613 15.17540
6.11394 14.3800 0.019855 0.64389 15.04998
6.11394 14.3800 0.019855 0.66165 14.91786
6.11394 14.3800 0.019855 0.67941 14.78682
6.11394 14.3800 0.019855 0.69718 14.62748
6.11394 14.3800 0.019855 0.71494 14.49094
6.11394 14.3800 0.019855 0.73270 14.32281
6.11394 14.3800 0.019855 0.75046 14.15560
6.11394 14.3800 0.019855 0.76822 13.98250
6.11394 14.3800 0.019855 0.78598 13.76985
6.11394 14.3800 0.019855 0.80374 13.60003
6.11394 14.3800 0.019855 0.82150 13.37251
6.11394 14.3800 0.019855 0.83926 13.16547
6.11394 14.3800 0.019855 0.85702 12.93338
6.11394 14.3800 0.019855 0.87478 12.66131
6.11394 14.3800 0.019855 0.89254 12.43959
6.11394 14.3800 0.019855 0.91030 12.12675
6.11394 14.3800 0.019855 0.92806 11.87714
6.11394 14.3800 0.019855 0.94582 11.55868
6.11394 14.3800 0.019855 0.96358 11.21904
6.11394 14.3800 0.019855 0.98134 10.91983
6.11394 14.3800 0.019855 0.99910 10.48167
6.11394 14.3800 0.019855 1.01686 10.19146
6.11394 14.3800 0.019855 1.03462 9.74207
6.11394 14.3800 0.019855 1.05238 9.33500
6.11394 14.3800 0.019855 1.07014 8.91107
6.11394 14.3800 0.019855 1.08790 8.28710
6.11394 14.3800 0.019855 1.10567 6.57281
6.11394 14.3800 0.019855 1.12343 4.56205
6.11394 14.3800 0.019855 1.14119 2.46514
6.11394 14.3800 0.019855 1.15895 0.27848
6.11394 14.3800 0.019855 1.17671 -2.00168
6.11394 14.3800 0.019855 1.19447 -4.37926
6.11394 14.3800 0.019855 1.21223 -6.85829
6.11394 14.3800 0.019855 1.22999 -9.44303
6.11394 14.3800 0.019855 1.24775 -12.13791
6.11394 14.3800 0.019855 1.26551 -14.94748
6.11394 14.3800 0.019855 1.28327 -17.87656
6.11394 14.3800 0.019855 1.30103 -20.93015
6.11394 14.3800 0.101667 -1.52288 18.48212
6.11394 14.3800 0.101667 -1.50512 18.51039
6.11394 14.3800 0.101667 -1.48736 18.53731
6.11394 14.3800 0.101667 -1.46960 18.56316
6.11394 14.3800 0.101667 -1.45184 18.58996
6.11394 14.3800 0.101667 -1.43408 18.61683
6.11394 14.3800 0.101667 -1.41632 18.64492
6.11394 14.3800 0.101667 -1.39856 18.67185
6.11394 14.3800 0.101667 -1.38080 18.69774
6.11394 14.3800 0.101667 -1.36303 18.72536
6.11394 14.3800 0.101667 -1.34527 18.75278
6.11394 14.3800 0.101667 -1.32751 18.77861
6.11394 14.3800 0.101667 -1.30975 18.80442
6.11394 14.3800 0.101667 -1.29199 18.83036
6.11394 14.3800 0.101667 -1.27423 18.85614
6.11394 14.3800 0.101667 -1.25647 18.88156
6.11394 14.3800 0.101667 -1.23871 18.90579
6.11394 14.3800 0.101667 -1.22095 18.92969
6.11394 14.3800 0.101667 -1.20319 18.95332
6.11394 14.3800 0.101667 -1.18543 18.97686
6.11394 14.3800 0.101667 -1.16767 19.00023
6.11394 14.3800 0.101667 -1.14991 19.02239
6.11394 14.3800 0.101667 -1.13215 19.04443
6.11394 14.3800 0.101667 -1.11439 19.06664
6.11394 14.3800 0.101667 -1.09663 19.08713
6.11394 14.3800 0.101667 -1.07887 19.10640
6.11394 14.3800 0.101667 -1.06111 19.12580
6.11394 14.3800 0.101667 -1.04335 19.14472
6.11394 14.3800 0.101667 -1.02559 19.16175
6.11394 14.3800 0.101667 -1.00783 19.17780
6.11394 14.3800 0.101667 -0.99007 19.19291
6.11394 14.3800 0.101667 -0.97231 19.20586
6.11394 14.3800 0.101667 -0.95454 19.21804
6.11394 14.3800 0.101667 -0.93678 19.22749
6.11394 14.3800 0.101667 -0.91902 19.23530
6.11394 14.3800 0.101667 -0.90126 19.24074
6.11394 14.3800 0.101667 -0.88350 19.24215
6.11394 14.3800 0.101667 -0.86574 19.24174
6.11394 14.3800 0.101667 -0.84798 19.23370
6.11394 14.3800 0.101667 -0.83022 19.22155
6.11394 14.3800 0.101667 -0.81246 19.20114
6.11394 14.3800 0.101667 -0.79470 19.16919
6.11394 14.3800 0.101667 -0.77694 19.12738
6.11394 14.3800 0.101667 -0.75918 19.06302
6.11394 14.3800 0.101667 -0.74142 18.97379
6.11394 14.3800 0.101667 -0.72366 18.84500
6.11394 14.3800 0.101667 -0.70590 18.63881
6.11394 14.3800 0.101667 -0.68814 18.71387
6.11394 14.3800 0.101667 -0.67038 18.87436
6.11394 14.3800 0.101667 -0.65262 18.99658
6.11394 14.3800 0.101667 -0.63486 19.09317
6.11394 14.3800 0.101667 -0.61710 19.17091
6.11394 14.3800 0.101667 -0.59934 19.23578
6.11394 14.3800 0.101667 -0.58158 19.28712
6.11394 14.3800 0.101667 -0.56382 19.33228
6.11394 14.3800 0.101667 -0.54605 19.36810
6.11394 14.3800 0.101667 -0.52829 19.39973
6.11394 14.3800 0.101667 -0.51053 19.42676
6.11394 14.3800 0.101667 -0.49277 19.44918
6.11394 14.3800 0.101667 -0.47501 19.46971
6.11394 14.3800 0.101667 -0.45725 19.48527
6.11394 14.3800 0.101667 -0.43949 19.49932
6.11394 14.3800 0.101667 -0.42173 19.51049
6.11394 14.3800 0.101667 -0.40397 19.51894
6.11394 14.3800 0.101667 -0.38621 19.52603
6.11394 14.3800 0.101667 -0.36845 19.52937
6.11394 14.3800 0.101667 -0.35069 19.53161
6.11394 14.3800 0.101667 -0.33293 19.53101
6.11394 14.3800 0.101667 -0.31517 19.52832
6.11394 14.3800 0.101667 -0.29741 19.52395
6.11394 14.3800 0.101667 -0.27965 19.51642
6.11394 14.3800 0.101667 -0.26189 19.50750
6.11394 14.3800 0.101667 -0.24413 19.49564
6.11394 14.3800 0.101667 -0.22637 19.48178
6.11394 14.3800 0.101667 -0.20861 19.46566
6.11394 14.3800 0.101667 -0.19085 19.44687
6.11394 14.3800 0.101667 -0.17309 19.42597
6.11394 14.3800 0.101667 -0.15533 19.40232
6.11394 14.3800 0.101667 -0.13757 19.37630
6.11394 14.3800 0.101667 -0.11980 19.34754
6.11394 14.3800 0.101667 -0.10204 19.31646
6.11394 14.3800 0.101667 -0.08428 19.28206
6.11394 14.3800 0.101667 -0.06652 19.24589
6.11394 14.3800 0.101667 -0.04876 19.20623
6.11394 14.3800 0.101667 -0.03100 19.16387
6.11394 14.3800 0.101667 -0.01324 19.11912
6.11394 14.3800 0.101667 0.00452 19.06953
6.11394 14.3800 0.101667 0.02228 19.01997
6.11394 14.3800 0.101667 0.04004 18.96482
6.11394 14.3800 0.101667 0.05780 18.90794
6.11394 14.3800 0.101667 0.07556 18.84782
6.11394 14.3800 0.101667 0.09332 18.78193
6.11394 14.3800 0.101667 0.11108 18.71741
6.11394 14.3800 0.101667 0.12884 18.64456
6.11394 14.3800 0.101667 0.14660 18.57256
6.11394 14.3800 0.101667 0.16436 18.49508
6.11394 14.3800 0.101667 0.18212 18.41193
6.11394 14.3800 0.101667 0.19988 18.33077
6.11394 14.3800 0.101667 0.21764 18.23774
6.11394 14.3800 0.101667 0.23540 18.15041
6.11394 14.3800 0.101667 0.25316 18.05331
6.11394 14.3800 0.101667 0.27092 17.95243
6.11394 14.3800 0.101667 0.28869 17.85277
6.11394 14.3800 0.101667 0.30645 17.73697
6.11394 14.3800 0.101667 0.32421 17.63484
6.11394 14.3800 0.101667 0.34197 17.51593
6.11394 14.3800 0.101667 0.35973 17.39790
6.11394 14.3800 0.101667 0.37749 17.27813
6.11394 14.3800 0.101667 0.39525 17.13981
6.11394 14.3800 0.101667 0.41301 17.02263
6.11394 14.3800 0.101667 0.43077 16.88091
6.11394 14.3800 0.101667 0.44853 16.74841
6.11394 14.3800 0.101667 0.46629 16.60863
6.11394 14.3800 0.101667 0.48405 16.45419
6.11394 14.3800 0.101667 0.50181 16.32105
6.11394 14.3800 0.101667 0.51957 16.15930
6.11394 14.3800 0.101667 0.53733 16.01839
6.11394 14.3800 0.101667 0.55509 15.86266
6.11394 14.3800 0.101667 0.57285 15.70071
6.11394 14.3800 0.101667 0.59061 15.55584
6.11394 14.3800 0.101667 0.60837 15.38141
6.11394 14.3800 0.101667 0.62613 15.23863
6.11394 14.3800 0.101667 0.64389 15.07243
6.11394 14.3800 0.101667 0.66165 14.90861
6.11394 14.3800 0.101667 0.67941 14.75292
6.11394 14.3800 0.101667 0.69718 14.56563
6.11394 14.3800 0.101667 0.71494 14.41776
6.11394 14.3800 0.101667 0.73270 14.23386
6.11394 14.3800 0.101667 0.75046 14.05863
6.11394 14.3800 0.101667 0.76822 13.87935
6.11394 14.3800 0.101667 0.78598 13.66266
6.11394 14.3800 0.101667 0.80374 13.49329
6.11394 14.3800 0.101667 0.82150 13.26739
6.11394 14.3800 0.101667 0.83926 13.06388
6.11394 14.3800 0.101667 0.85702 12.83694
6.11394 14.3800 0.101667 0.87478 12.57280
6.11394 14.3800 0.101667 0.89254 12.35689
6.11394 14.3800 0.101667 0.91030 12.05536
6.11394 14.3800 0.101667 0.92806 11.81243
6.11394 14.3800 0.101667 0.94582 11.50552
6.11394 14.3800 0.101667 0.96358 11.17676
6.11394 14.3800 0.101667 0.98134 10.88659
6.11394 14.3800 0.101667 0.99910 10.46416
6.11394 14.3800 0.101667 1.01686 10.17926
6.11394 14.3800 0.101667 1.03462 9.74414
6.11394 14.3800 0.101667 1.05238 9.34513
6.11394 14.3800 0.101667 1.07014 8.93190
6.11394 14.3800 0.101667 1.08790 8.32288
6.11394 14.3800 0.101667 1.10567 6.57281
6.11394 14.3800 0.101667 1.12343 4.56205
6.11394 14.3800 0.101667 1.14119 2.46514
6.11394 14.3800 0.101667 1.15895 0.27848
6.11394 14.3800 0.101667 1.17671 -2.00168
6.11394 14.3800 0.101667 1.19447 -4.37926
6.11394 14.3800 0.101667 1.21223 -6.85829
6.11394 14.3800 0.101667 1.22999 -9.44303
6.11394 14.3800 0.101667 1.24775 -12.13791
6.11394 14.3800 0.101667 1.26551 -14.94748
6.11394 14.3800 0.101667 1.28327 -17.87656
6.11394 14.3800 0.101667 1.30103 -20.93015
6.11394 14.3800 0.237234 -1.52288 18.54882
6.11394 14.3800 0.237234 -1.50512 18.57363
6.11394 14.3800 0.237234 -1.48736 18.59899
6.11394 14.3800 0.237234 -1.46960 18.62462
6.11394 14.3800 0.237234 -1.45184 18.65239
6.11394 14.3800 0.237234 -1.43408 18.68029
6.11394 14.3800 0.237234 -1.41632 18.70921
6.11394 14.3800 0.237234 -1.39856 18.73562
6.11394 14.3800 0.237234 -1.38080 18.75972
6.11394 14.3800 0.237234 -1.36303 18.78794
6.11394 14.3800 0.237234 -1.34527 18.81638
6.11394 14.3800 0.237234 -1.32751 18.84252
6.11394 14.3800 0.237234 -1.30975 18.86803
6.11394 14.3800 0.237234 -1.29199 18.89291
6.11394 14.3800 0.237234 -1.27423 18.91963
6.11394 14.3800 0.237234 -1.25647 18.94655
6.11394 14.3800 0.237234 -1.23871 18.97035
6.11394 14.3800 0.237234 -1.22095 18.99413
6.11394 14.3800 0.237234 -1.20319 19.01817
6.11394 14.3800 0.237234 -1.18543 19.04135
6.11394 14.3800 0.237234 -1.16767 19.06397
6.11394 14.3800 0.237234 -1.14991 19.08754
6.11394 14.3800 0.237234 -1.13215 19.11034
6.11394 14.3800 0.237234 -1.11439 19.13145
6.11394 14.3800 0.237234 -1.09663 19.15248
6.11394 14.3800 0.237234 -1.07887 19.17343
6.11394 14.3800 0.237234 -1.06111 19.19381
6.11394 14.3800 0.237234 -1.04335 19.21340
6.11394 14.3800 0.237234 -1.02559 19.23031
6.11394 14.3800 0.237234 -1.00783 19.24680
6.11394 14.3800 0.237234 -0.99007 19.26288
6.11394 14.3800 0.237234 -0.97231 19.27756
6.11394 14.3800 0.237234 -0.95454 19.29160
6.11394 14.3800 0.237234 -0.93678 19.30256
6.11394 14.3800 0.237234 -0.91902 19.31228
6.11394 14.3800 0.237234 -0.90126 19.32022
6.11394 14.3800 0.237234 -0.88350 19.32441
6.11394 14.3800 0.237234 -0.86574 19.32700
6.11394 14.3800 0.237234 -0.84798 19.32320
6.11394 14.3800 0.237234 -0.83022 19.31589
6.11394 14.3800 0.237234 -0.81246 19.30144
6.11394 14.3800 0.237234 -0.79470 19.27588
6.11394 14.3800 0.237234 -0.77694 19.24160
6.11394 14.3800 0.237234 -0.75918 19.18196
6.11394 14.3800 0.237234 -0.74142 19.09188
6.11394 14.3800 0.237234 -0.72366 18.94751
6.11394 14.3800 0.237234 -0.70590 18.70425
6.11394 14.3800 0.237234 -0.68814 18.79861
6.11394 14.3800 0.237234 -0.67038 18.99801
6.11394 14.3800 0.237234 -0.65262 19.13811
6.11394 14.3800 0.237234 -0.63486 19.23758
6.11394 14.3800 0.237234 -0.61710 19.31417
6.11394 14.3800 0.237234 -0.59934 19.37570
6.11394 14.3800 0.237234 -0.58158 19.42385
6.11394 14.3800 0.237234 -0.56382 19.46636
6.11394 14.3800 0.237234 -0.54605 19.50087
6.11394 14.3800 0.237234 -0.52829 19.53196
6.11394 14.3800 0.237234 -0.51053 19.55932
6.11394 14.3800 0.237234 -0.49277 19.58294
6.11394 14.3800 0.237234 -0.47501 19.60496
6.11394 14.3800 0.237234 -0.45725 19.62302
6.11394 14.3800 0.237234 -0.43949 19.63979
6.11394 14.3800 0.237234 -0.42173 19.65419
6.11394 14.3800 0.237234 -0.40397 19.66637
6.11394 14.3800 0.237234 -0.38621 19.67747
6.11394 14.3800 0.237234 -0.36845 19.68522
6.11394 14.3800 0.237234 -0.35069 19.69208
6.11394 14.3800 0.237234 -0.33293 19.69654
6.11394 14.3800 0.237234 -0.31517 19.69918
6.11394 14.3800 0.237234 -0.29741 19.70045
6.11394 14.3800 0.237234 -0.27965 19.69894
6.11394 14.3800 0.237234 -0.26189 19.69640
6.11394 14.3800 0.237234 -0.24413 19.69125
6.11394 14.3800 0.237234 -0.22637 19.68440
6.11394 14.3800 0.237234 -0.20861 19.67568
6.11394 14.3800 0.237234 -0.19085 19.66446
6.11394 14.3800 0.237234 -0.17309 19.65175
6.11394 14.3800 0.237234 -0.15533 19.63635
6.11394 14.3800 0.237234 -0.13757 19.61916
6.11394 14.3800 0.237234 -0.11980 19.59971
6.11394 14.3800 0.237234 -0.10204 19.57798
6.11394 14.3800 0.237234 -0.08428 19.55395
6.11394 14.3800 0.237234 -0.06652 19.52767
6.11394 14.3800 0.237234 -0.04876 19.49892
6.11394 14.3800 0.237234 -0.03100 19.46770
6.11394 14.3800 0.237234 -0.01324 19.43428
6.11394 14.3800 0.237234 0.00452 19.39746
6.11394 14.3800 0.237234 0.02228 19.35949
6.11394 14.3800 0.237234 0.04004 19.31769
6.11394 14.3800 0.237234 0.05780 19.27383
6.11394 14.3800 0.237234 0.07556 19.22729
6.11394 14.3800 0.237234 0.09332 19.17649
6.11394 14.3800 0.237234 0.11108 19.12551
6.11394 14.3800 0.237234 0.12884 19.06875
6.11394 14.3800 0.237234 0.14660 19.01144
6.11394 14.3800 0.237234 0.16436 18.95002
6.11394 14.3800 0.237234 0.18212 18.88406
6.11394 14.3800 0.237234 0.19988 18.81848
6.11394 14.3800 0.237234 0.21764 18.74447
6.11394 14.3800 0.237234 0.23540 18.67301
6.11394 14.3800 0.237234 0.25316 18.59448
6.11394 14.3800 0.237234 0.27092 18.51227
6.11394 14.3800 0.237234 0.28869 18.43004
6.11394 14.3800 0.237234 0.30645 18.33592
6.11394 14.3800 0.237234 0.32421 18.24978
6.11394 14.3800 0.237234 0.34197 18.15135
6.11394 14.3800 0.237234 0.35973 18.05191
6.11394 14.3800 0.237234 0.37749 17.95039
6.11394 14.3800 0.237234 0.39525 17.83404
6.11394 14.3800 0.237234 0.41301 17.73136
6.11394 14.3800 0.237234 0.43077 17.60944
6.11394 14.3800 0.237234 0.44853 17.49202
6.11394 14.3800 0.237234 0.46629 17.36777
6.11394 14.3800 0.237234 0.48405 17.22919
6.11394 14.3800 0.237234 0.50181 17.10546
6.11394 14.3800 0.237234 0.51957 16.95552
6.11394 14.3800 0.237234 0.53733 16.81962
6.11394 14.3800 0.237234 0.55509 16.66819
6.11394 14.3800 0.237234 0.57285 16.50614
6.11394 14.3800 0.237234 0.59061 16.35732
6.11394 14.3800 0.237234 0.60837 16.17376
6.11394 14.3800 0.237234 0.62613 16.01942
6.11394 14.3800 0.237234 0.64389 15.83521
6.11394 14.3800 0.237234 0.66165 15.64916
6.11394 14.3800 0.237234 0.67941 15.46989
6.11394 14.3800 0.237234 0.69718 15.24585
6.11394 14.3800 0.237234 0.71494 15.07365
6.11394 14.3800 0.237234 0.73270 14.84963
6.11394 14.3800 0.237234 0.75046 14.63988
6.11394 14.3800 0.237234 0.76822 14.42320
6.11394 14.3800 0.237234 0.78598 14.15656
6.11394 14.3800 0.237234 0.80374 13.96131
6.11394 14.3800 0.237234 0.82150 13.68822
6.11394 14.3800 0.237234 0.83926 13.45516
6.11394 14.3800 0.237234 0.85702 13.19057
6.11394 14.3800 0.237234 0.87478 12.88765
6.11394 14.3800 0.237234 0.89254 12.64980
6.11394 14.3800 0.237234 0.91030 12.31119
6.11394 14.3800 0.237234 0.92806 12.05280
6.11394 14.3800 0.237234 0.94582 11.71986
6.11394 14.3800 0.237234 0.96358 11.37300
6.11394 14.3800 0.237234 0.98134 11.06953
6.11394 14.3800 0.237234 0.99910 10.62920
6.11394 14.3800 0.237234 1.01686 10.34040
6.11394 14.3800 0.237234 1.03462 9.89523
6.11394 14.3800 0.237234 1.05238 9.49303
6.11394 14.3800 0.237234 1.07014 9.07610
6.11394 14.3800 0.237234 1.08790 8.46537
6.11394 14.3800 0.237234 1.10567 6.57281
6.11394 14.3800 0.237234 1.12343 4.56205
6.11394 14.3800 0.237234 1.14119 2.46514
6.11394 14.3800 0.237234 1.15895 0.27848
6.11394 14.3800 0.237234 1.17671 -2.00168
6.11394 14.3800 0.237234 1.19447 -4.37926
6.11394 14.3800 0.237234 1.21223 -6.85829
6.11394 14.3800 0.237234 1.22999 -9.44303
6.11394 14.3800 0.237234 1.24775 -12.13791
6.11394 14.3800 0.237234 1.26551 -14.94748
6.11394 14.3800 0.237234 1.28327 -17.87656
6.11394 14.3800 0.237234 1.30103 -20.93015
6.11394 14.3800 0.408283 -1.52288 18.58811
6.11394 14.3800 0.408283 -1.50512 18.62303
6.11394 14.3800 0.408283 -1.48736 18.65058
6.11394 14.3800 0.408283 -1.46960 18.67306
6.11394 14.3800 0.408283 -1.45184 18.70196
6.11394 14.3800 0.408283 -1.43408 18.72949
6.11394 14.3800 0.408283 -1.41632 18.74968
6.11394 14.3800 0.408283 -1.39856 18.77483
6.11394 14.3800 0.408283 -1.38080 18.80455
6.11394 14.3800 0.408283 -1.36303 18.82911
6.11394 14.3800 0.408283 -1.34527 18.85305
6.11394 14.3800 0.408283 -1.32751 18.88317
6.11394 14.3800 0.408283 -1.30975 18.91150
6.11394 14.3800 0.408283 -1.29199 18.93783
6.11394 14.3800 0.408283 -1.27423 18.96170
6.11394 14.3800 0.408283 -1.25647 18.98468
6.11394 14.3800 0.408283 -1.23871 19.01196
6.11394 14.3800 0.408283 -1.22095 19.03752
6.11394 14.3800 0.408283 -1.20319 19.06050
6.11394 14.3800 0.408283 -1.18543 19.08392
6.11394 14.3800 0.408283 -1.16767 19.10742
6.11394 14.3800 0.408283 -1.14991 19.13198
6.11394 14.3800 0.408283 -1.13215 19.15517
6.11394 14.3800 0.408283 -1.11439 19.17515
6.11394 14.3800 0.408283 -1.09663 19.19667
6.11394 14.3800 0.408283 -1.07887 19.21920
6.11394 14.3800 0.408283 -1.06111 19.23834
6.11394 14.3800 0.408283 -1.04335 19.25692
6.11394 14.3800 0.408283 -1.02559 19.27512
6.11394 14.3800 0.408283 -1.00783 19.29209
6.11394 14.3800 0.408283 -0.99007 19.30789
6.11394 14.3800 0.408283 -0.97231 19.32286
6.11394 14.3800 0.408283 -0.95454 19.33734
6.11394 14.3800 0.408283 -0.93678 19.34898
6.11394 14.3800 0.408283 -0.91902 19.35911
6.11394 14.3800 0.408283 -0.90126 19.36711
6.11394 14.3800 0.408283 -0.88350 19.37250
6.11394 14.3800 0.408283 -0.86574 19.37677
6.11394 14.3800 0.408283 -0.84798 19.37463
6.11394 14.3800 0.408283 -0.83022 19.36939
6.11394 14.3800 0.408283 -0.81246 19.35789
6.11394 14.3800 0.408283 -0.79470 19.33605
6.11394 14.3800 0.408283 -0.77694 19.30647
6.11394 14.3800 0.408283 -0.75918 19.25241
6.11394 14.3800 0.408283 -0.74142 19.16690
6.11394 14.3800 0.408283 -0.72366 19.01864
6.11394 14.3800 0.408283 -0.70590 18.75407
6.11394 14.3800 0.408283 -0.68814 18.86131
6.11394 14.3800 0.408283 -0.67038 19.07917
6.11394 14.3800 0.408283 -0.65262 19.22202
6.11394 14.3800 0.408283 -0.63486 19.31729
6.11394 14.3800 0.408283 -0.61710 19.39024
6.11394 14.3800 0.408283 -0.59934 19.44848
6.11394 14.3800 0.408283 -0.58158 19.49473
6.11394 14.3800 0.408283 -0.56382 19.53592
6.11394 14.3800 0.408283 -0.54605 19.57017
6.11394 14.3800 0.408283 -0.52829 19.60134
6.11394 14.3800 0.408283 -0.51053 19.62920
6.11394 14.3800 0.408283 -0.49277 19.65384
6.11394 14.3800 0.408283 -0.47501 19.67702
6.11394 14.3800 0.408283 -0.45725 19.69636
6.11394 14.3800 0.408283 -0.43949 19.71457
6.11394 14.3800 0.408283 -0.42173 19.73081
6.11394 14.3800 0.408283 -0.40397 19.74499
6.11394 14.3800 0.408283 -0.38621 19.75819
6.11394 14.3800 0.408283 -0.36845 19.76825
6.11394 14.3800 0.408283 -0.35069 19.77753
6.11394 14.3800 0.408283 -0.33293 19.78471
6.11394 14.3800 0.408283 -0.31517 19.79010
6.11394 14.3800 0.408283 -0.29741 19.79420
6.11394 14.3800 0.408283 -0.27965 19.79578
6.11394 14.3800 0.408283 -0.26189 19.79650
6.11394 14.3800 0.408283 -0.24413 19.79478
6.11394 14.3800 0.408283 -0.22637 19.79144
6.11394 14.3800 0.408283 -0.20861 19.78639
6.11394 14.3800 0.408283 -0.19085 19.77904
6.11394 14.3800 0.408283 -0.17309 19.77049
6.11394 14.3800 0.408283 -0.15533 19.75926
6.11394 14.3800 0.408283 -0.13757 19.74647
6.11394 14.3800 0.408283 -0.11980 19.73164
6.11394 14.3800 0.408283 -0.10204 19.71454
6.11394 14.3800 0.408283 -0.08428 19.69554
6.11394 14.3800 0.408283 -0.06652 19.67420
6.11394 14.3800 0.408283 -0.04876 19.65084
6.11394 14.3800 0.408283 -0.03100 19.62516
6.11394 14.3800 0.408283 -0.01324 19.59735
6.11394 14.3800 0.408283 0.00452 19.56671
6.11394 14.3800 0.408283 0.02228 19.53449
6.11394 14.3800 0.408283 0.04004 19.49916
6.11394 14.3800 0.408283 0.05780 19.46172
6.11394 14.3800 0.408283 0.07556 19.42181
6.11394 14.3800 0.408283 0.09332 19.37826
6.11394 14.3800 0.408283 0.11108 19.33396
6.11394 14.3800 0.408283 0.12884 19.28495
6.11394 14.3800 0.408283 0.14660 19.23488
6.11394 14.3800 0.408283 0.16436 19.18126
6.11394 14.3800 0.408283 0.18212 19.12362
6.11394 14.3800 0.408283 0.19988 19.06574
6.11394 14.3800 0.408283 0.21764 19.00091
6.11394 14.3800 0.408283 0.23540 18.93739
6.11394 14.3800 0.408283 0.25316 18.86797
6.11394 14.3800 0.408283 0.27092 18.79504
6.11394 14.3800 0.408283 0.28869 18.72163
6.11394 14.3800 0.408283 0.30645 18.63827
6.11394 14.3800 0.408283 0.32421 18.56061
6.11394 14.3800 0.408283 0.34197 18.47274
6.11394 14.3800 0.408283 0.35973 18.38335
6.11394 14.3800 0.408283 0.37749 18.29186
6.11394 14.3800 0.408283 0.39525 18.18773
6.11394 14.3800 0.408283 0.41301 18.09410
6.11394 14.3800 0.408283 0.43077 17.98432
6.11394 14.3800 0.408283 0.44853 17.87739
6.11394 14.3800 0.408283 0.46629 17.76450
6.11394 14.3800 0.408283 0.48405 17.63889
6.11394 14.3800 0.408283 0.50181 17.52507
6.11394 14.3800 0.408283 0.51957 17.38879
6.11394 14.3800 0.408283 0.53733 17.26328
6.11394 14.3800 0.408283 0.55509 17.12437
6.11394 14.3800 0.408283 0.57285 16.97528
6.11394 14.3800 0.408283 0.59061 16.83696
6.11394 14.3800 0.408283 0.60837 16.66802
6.11394 14.3800 0.408283 0.62613 16.52299
6.11394 14.3800 0.408283 0.64389 16.35168
6.11394 14.3800 0.408283 0.66165 16.17704
6.11394 14.3800 0.408283 0.67941 16.00792
6.11394 14.3800 0.408283 0.69718 15.79753
6.11394 14.3800 0.408283 0.71494 15.63198
6.11394 14.3800 0.408283 0.73270 15.41889
6.11394 14.3800 0.408283 0.75046 15.21644
6.11394 14.3800 0.408283 0.76822 15.00698
6.11394 14.3800 0.408283 0.78598 14.74814
6.11394 14.3800 0.408283 0.80374 14.55531
6.11394 14.3800 0.408283 0.82150 14.28622
6.11394 14.3800 0.408283 0.83926 14.05349
6.11394 14.3800 0.408283 0.85702 13.78846
6.11394 14.3800 0.408283 0.87478 13.48196
6.11394 14.3800 0.408283 0.89254 13.24028
6.11394 14.3800 0.408283 0.91030 12.89246
6.11394 14.3800 0.408283 0.92806 12.62743
6.11394 14.3800 0.408283 0.94582 12.28174
6.11394 14.3800 0.408283 0.96358 11.92129
6.11394 14.3800 0.408283 0.98134 11.60553
6.11394 14.3800 0.408283 0.99910 11.14193
6.11394 14.3800 0.408283 1.01686 10.84475
6.11394 14.3800 0.408283 1.03462 10.37596
6.11394 14.3800 0.408283 1.05238 9.95971
6.11394 14.3800 0.408283 1.07014 9.52344
6.11394 14.3800 0.408283 1.08790 8.50085
6.11394 14.3800 0.408283 1.10567 6.57281
6.11394 14.3800 0.408283 1.12343 4.56205
6.11394 14.3800 0.408283 1.14119 2.46514
6.11394 14.3800 0.408283 1.15895 0.27848
6.11394 14.3800 0.408283 1.17671 -2.00168
6.11394 14.3800 0.408283 1.19447 -4.37926
6.11394 14.3800 0.408283 1.21223 -6.85829
6.11394 14.3800 0.408283 1.22999 -9.44303
6.11394 14.3800 0.408283 1.24775 -12.13791
6.11394 14.3800 0.408283 1.26551 -14.94748
6.11394 14.3800 0.408283 1.28327 -17.87656
6.11394 14.3800 0.408283 1.30103 -20.93015
6.11394 14.3800 0.591717 -1.52288 18.61500
6.11394 14.3800 0.591717 -1.50512 18.65375
6.11394 14.3800 0.591717 -1.48736 18.68733
6.11394 14.3800 0.591717 -1.46960 18.71727
6.11394 14.3800 0.591717 -1.45184 18.73620
6.11394 14.3800 0.591717 -1.43408 18.75602
6.11394 14.3800 0.591717 -1.41632 18.78596
6.11394 14.3800 0.591717 -1.39856 18.81243
6.11394 14.3800 0.591717 -1.38080 18.83573
6.11394 14.3800 0.591717 -1.36303 18.87093
6.11394 14.3800 0.591717 -1.34527 18.90545
6.11394 14.3800 0.591717 -1.32751 18.92124
6.11394 14.3800 0.591717 -1.30975 18.94228
6.11394 14.3800 0.591717 -1.29199 18.97017
6.11394 14.3800 0.591717 -1.27423 18.99519
6.11394 14.3800 0.591717 -1.25647 19.01896
6.11394 14.3800 0.591717 -1.23871 19.04166
6.11394 14.3800 0.591717 -1.22095 19.06579
6.11394 14.3800 0.591717 -1.20319 19.09271
6.11394 14.3800 0.591717 -1.18543 19.11760
6.11394 14.3800 0.591717 -1.16767 19.14131
6.11394 14.3800 0.591717 -1.14991 19.16391
6.11394 14.3800 0.591717 -1.13215 19.18582
6.11394 14.3800 0.591717 -1.11439 19.20641
6.11394 14.3800 0.591717 -1.09663 19.22813
6.11394 14.3800 0.591717 -1.07887 19.25056
6.11394 14.3800 0.591717 -1.06111 19.27086
6.11394 14.3800 0.591717 -1.04335 19.28999
6.11394 14.3800 0.591717 -1.02559 19.30565
6.11394 14.3800 0.591717 -1.00783 19.32106
6.11394 14.3800 0.591717 -0.99007 19.33621
6.11394 14.3800 0.591717 -0.97231 19.35223
6.11394 14.3800 0.591717 -0.95454 19.36786
6.11394 14.3800 0.591717 -0.93678 19.37837
6.11394 14.3800 0.591717 -0.91902 19.38827
6.11394 14.3800 0.591717 -0.90126 19.39726
6.11394 14.3800 0.591717 -0.88350 19.40251
6.11394 14.3800 0.591717 -0.86574 19.40624
6.11394 14.3800 0.591717 -0.84798 19.40478
6.11394 14.3800 0.591717 -0.83022 19.40021
6.11394 14.3800 0.591717 -0.81246 19.38932
6.11394 14.3800 0.591717 -0.79470 19.36897
6.11394 14.3800 0.591717 -0.77694 19.34160
6.11394 14.3800 0.591717 -0.75918 19.29060
6.11394 14.3800 0.591717 -0.74142 19.20878
6.11394 14.3800 0.591717 -0.72366 19.06189
6.11394 14.3800 0.591717 -0.70590 18.79272
6.11394 14.3800 0.591717 -0.68814 18.90348
6.11394 14.3800 0.591717 -0.67038 19.12397
6.11394 14.3800 0.591717 -0.65262 19.26377
6.11394 14.3800 0.591717 -0.63486 19.35497
6.11394 14.3800 0.591717 -0.61710 19.42504
6.11394 14.3800 0.591717 -0.59934 19.48110
6.11394 14.3800 0.591717 -0.58158 19.52593
6.11394 14.3800 0.591717 -0.56382 19.56600
6.11394 14.3800 0.591717 -0.54605 19.59932
6.11394 14.3800 0.591717 -0.52829 19.62997
6.11394 14.3800 0.591717 -0.51053 19.65775
6.11394 14.3800 0.591717 -0.49277 19.68219
6.11394 14.3800 0.591717 -0.47501 19.70517
6.11394 14.3800 0.591717 -0.45725 19.72481
6.11394 14.3800 0.591717 -0.43949 19.74327
6.11394 14.3800 0.591717 -0.42173 19.75964
6.11394 14.3800 0.591717 -0.40397 19.77399
6.11394 14.3800 0.591717 -0.38621 19.78736
6.11394 14.3800 0.591717 -0.36845 19.79800
6.11394 14.3800 0.591717 -0.35069 19.80783
6.11394 14.3800 0.591717 -0.33293 19.81546
6.11394 14.3800 0.591717 -0.31517 19.82151
6.11394 14.3800 0.591717 -0.29741 19.82643
6.11394 14.3800 0.591717 -0.27965 19.82865
6.11394 14.3800 0.591717 -0.26189 19.83000
6.11394 14.3800 0.591717 -0.24413 19.82897
6.11394 14.3800 0.591717 -0.22637 19.82649
6.11394 14.3800 0.591717 -0.20861 19.82246
6.11394 14.3800 0.591717 -0.19085 19.81606
6.11394 14.3800 0.591717 -0.17309 19.80848
6.11394 14.3800 0.591717 -0.15533 19.79832
6.11394 14.3800 0.591717 -0.13757 19.78663
6.11394 14.3800 0.591717 -0.11980 19.77293
6.11394 14.3800 0.591717 -0.10204 19.75709
6.11394 14.3800 0.591717 -0.08428 19.73948
6.11394 14.3800 0.591717 -0.06652 19.71943
6.11394 14.3800 0.591717 -0.04876 19.69745
6.11394 14.3800 0.591717 -0.03100 19.67318
6.11394 14.3800 0.591717 -0.01324 19.64685
6.11394 14.3800 0.591717 0.00452 19.61789
6.11394 14.3800 0.591717 0.02228 19.58720
6.11394 14.3800 0.591717 0.04004 19.55358
6.11394 14.3800 0.591717 0.05780 19.51785
6.11394 14.3800 0.591717 0.07556 19.47973
6.11394 14.3800 0.591717 0.09332 19.43814
6.11394 14.3800 0.591717 0.11108 19.39564
6.11394 14.3800 0.591717 0.12884 19.34870
6.11394 14.3800 0.591717 0.14660 19.30061
6.11394 14.3800 0.591717 0.16436 19.24912
6.11394 14.3800 0.591717 0.18212 19.19375
6.11394 14.3800 0.591717 0.19988 19.13796
6.11394 14.3800 0.591717 0.21764 19.07560
6.11394 14.3800 0.591717 0.23540 19.01427
6.11394 14.3800 0.591717 0.25316 18.94733
6.11394 14.3800 0.591717 0.27092 18.87693
6.11394 14.3800 0.591717 0.28869 18.80595
6.11394 14.3800 0.591717 0.30645 18.72555
6.11394 14.3800 0.591717 0.32421 18.65026
6.11394 14.3800 0.591717 0.34197 18.56529
6.11394 14.3800 0.591717 0.35973 18.47869
6.11394 14.3800 0.591717 0.37749 18.39000
6.11394 14.3800 0.591717 0.39525 18.28924
6.11394 14.3800 0.591717 0.41301 18.19817
6.11394 14.3800 0.591717 0.43077 18.09178
6.11394 14.3800 0.591717 0.44853 17.98783
6.11394 14.3800 0.591717 0.46629 17.87815
6.11394 14.3800 0.591717 0.48405 17.75622
6.11394 14.3800 0.591717 0.50181 17.64529
6.11394 14.3800 0.591717 0.51957 17.51295
6.11394 14.3800 0.591717 0.53733 17.39053
6.11394 14.3800 0.591717 0.55509 17.25532
6.11394 14.3800 0.591717 0.57285 17.11013
6.11394 14.3800 0.591717 0.59061 16.97507
6.11394 14.3800 0.591717 0.60837 16.81066
6.11394 14.3800 0.591717 0.62613 16.66870
6.11394 14.3800 0.591717 0.64389 16.50162
6.11394 14.3800 0.591717 0.66165 16.33094
6.11394 14.3800 0.591717 0.67941 16.16548
6.11394 14.3800 0.591717 0.69718 15.96020
6.11394 14.3800 0.591717 0.71494 15.79753
6.11394 14.3800 0.591717 0.73270 15.58917
6.11394 14.3800 0.591717 0.75046 15.39046
6.11394 14.3800 0.591717 0.76822 15.18502
6.11394 14.3800 0.591717 0.78598 14.93145
6.11394 14.3800 0.591717 0.80374 14.74125
6.11394 14.3800 0.591717 0.82150 14.47715
6.11394 14.3800 0.591717 0.83926 14.24750
6.11394 14.3800 0.591717 0.85702 13.98659
6.11394 14.3800 0.591717 0.87478 13.68443
6.11394 14.3800 0.591717 0.89254 13.44528
6.11394 14.3800 0.591717 0.91030 13.10195
6.11394 14.3800 0.591717 0.92806 12.83880
6.11394 14.3800 0.591717 0.94582 12.49649
6.11394 14.3800 0.591717 0.96358 12.13840
6.11394 14.3800 0.591717 0.98134 11.82444
6.11394 14.3800 0.591717 0.99910 11.36319
6.11394 14.3800 0.591717 1.01686 11.06636
6.11394 14.3800 0.591717 1.03462 10.59848
6.11394 14.3800 0.591717 1.05238 10.18203
6.11394 14.3800 0.591717 1.07014 9.74529
6.11394 14.3800 0.591717 1.08790 8.50085
6.11394 14.3800 0.591717 1.10567 6.57281
6.11394 14.3800 0.591717 1.12343 4.56205
6.11394 14.3800 0.591717 1.14119 2.46514
6.11394 14.3800 0.591717 1.15895 0.27848
6.11394 14.3800 0.591717 1.17671 -2.00168
6.11394 14.3800 0.591717 1.19447 -4.37926
6.11394 14.3800 0.591717 1.21223 -6.85829
6.11394 14.3800 0.591717 1.22999 -9.44303
6.11394 14.3800 0.591717 1.24775 -12.13791
6.11394 14.3800 0.591717 1.26551 -14.94748
6.11394 14.3800 0.591717 1.28327 -17.87656
6.11394 14.3800 0.591717 1.30103 -20.93015
6.11394 14.3800 0.762766 -1.52288 18.63690
6.11394 14.3800 0.762766 -1.50512 18.66304
6.11394 14.3800 0.762766 -1.48736 18.69603
6.11394 14.3800 0.762766 -1.46960 18.73315
6.11394 14.3800 0.762766 -1.45184 18.75484
6.11394 14.3800 0.762766 -1.43408 18.77714
6.11394 14.3800 0.762766 -1.41632 18.81091
6.11394 14.3800 0.762766 -1.39856 18.83677
6.11394 14.3800 0.762766 -1.38080 18.85534
6.11394 14.3800 0.762766 -1.36303 18.88831
6.11394 14.3800 0.762766 -1.34527 18.92307
6.11394 14.3800 0.762766 -1.32751 18.95272
6.11394 14.3800 0.762766 -1.30975 18.97875
6.11394 14.3800 0.762766 -1.29199 19.00042
6.11394 14.3800 0.762766 -1.27423 19.02046
6.11394 14.3800 0.762766 -1.25647 19.04008
6.11394 14.3800 0.762766 -1.23871 19.06614
6.11394 14.3800 0.762766 -1.22095 19.09112
6.11394 14.3800 0.762766 -1.20319 19.11455
6.11394 14.3800 0.762766 -1.18543 19.14156
6.11394 14.3800 0.762766 -1.16767 19.17004
6.11394 14.3800 0.762766 -1.14991 19.19004
6.11394 14.3800 0.762766 -1.13215 19.21049
6.11394 14.3800 0.762766 -1.11439 19.23328
6.11394 14.3800 0.762766 -1.09663 19.25249
6.11394 14.3800 0.762766 -1.07887 19.26918
6.11394 14.3800 0.762766 -1.06111 19.28663
6.11394 14.3800 0.762766 -1.04335 19.30418
6.11394 14.3800 0.762766 -1.02559 19.32168
6.11394 14.3800 0.762766 -1.00783 19.33846
6.11394 14.3800 0.762766 -0.99007 19.35453
6.11394 14.3800 0.762766 -0.97231 19.36831
6.11394 14.3800 0.762766 -0.95454 19.38143
6.11394 14.3800 0.762766 -0.93678 19.39294
6.11394 14.3800 0.762766 -0.91902 19.40243
6.11394 14.3800 0.762766 -0.90126 19.40906
6.11394 14.3800 0.762766 -0.88350 19.41367
6.11394 14.3800 0.762766 -0.86574 19.41738
6.11394 14.3800 0.762766 -0.84798 19.41543
6.11394 14.3800 0.762766 -0.83022 19.41047
6.11394 14.3800 0.762766 -0.81246 19.39945
6.11394 14.3800 0.762766 -0.79470 19.37878
6.11394 14.3800 0.762766 -0.77694 19.35094
6.11394 14.3800 0.762766 -0.75918 19.30014
6.11394 14.3800 0.762766 -0.74142 19.21920
6.11394 14.3800 0.762766 -0.72366 19.07621
6.11394 14.3800 0.762766 -0.70590 18.82228
6.11394 14.3800 0.762766 -0.68814 18.92434
6.11394 14.3800 0.762766 -0.67038 19.13161
6.11394 14.3800 0.762766 -0.65262 19.26565
6.11394 14.3800 0.762766 -0.63486 19.35380
6.11394 14.3800 0.762766 -0.61710 19.42159
6.11394 14.3800 0.762766 -0.59934 19.47576
6.11394 14.3800 0.762766 -0.58158 19.51890
6.11394 14.3800 0.762766 -0.56382 19.55746
6.11394 14.3800 0.762766 -0.54605 19.58932
6.11394 14.3800 0.762766 -0.52829 19.61836
6.11394 14.3800 0.762766 -0.51053 19.64427
6.11394 14.3800 0.762766 -0.49277 19.66714
6.11394 14.3800 0.762766 -0.47501 19.68869
6.11394 14.3800 0.762766 -0.45725 19.70665
6.11394 14.3800 0.762766 -0.43949 19.72354
6.11394 14.3800 0.762766 -0.42173 19.73851
6.11394 14.3800 0.762766 -0.40397 19.75129
6.11394 14.3800 0.762766 -0.38621 19.76302
6.11394 14.3800 0.762766 -0.36845 19.77199
6.11394 14.3800 0.762766 -0.35069 19.78016
6.11394 14.3800 0.762766 -0.33293 19.78618
6.11394 14.3800 0.762766 -0.31517 19.79055
6.11394 14.3800 0.762766 -0.29741 19.79371
6.11394 14.3800 0.762766 -0.27965 19.79416
6.11394 14.3800 0.762766 -0.26189 19.79370
6.11394 14.3800 0.762766 -0.24413 19.79086
6.11394 14.3800 0.762766 -0.22637 19.78648
6.11394 14.3800 0.762766 -0.20861 19.78042
6.11394 14.3800 0.762766 -0.19085 19.77204
6.11394 14.3800 0.762766 -0.17309 19.76240
6.11394 14.3800 0.762766 -0.15533 19.75012
6.11394 14.3800 0.762766 -0.13757 19.73623
6.11394 14.3800 0.762766 -0.11980 19.72024
6.11394 14.3800 0.762766 -0.10204 19.70209
6.11394 14.3800 0.762766 -0.08428 19.68200
6.11394 14.3800 0.762766 -0.06652 19.65963
6.11394 14.3800 0.762766 -0.04876 19.63513
6.11394 14.3800 0.762766 -0.03100 19.60822
6.11394 14.3800 0.762766 -0.01324 19.57925
6.11394 14.3800 0.762766 0.00452 19.54739
6.11394 14.3800 0.762766 0.02228 19.51402
6.11394 14.3800 0.762766 0.04004 19.47742
6.11394 14.3800 0.762766 0.05780 19.43876
6.11394 14.3800 0.762766 0.07556 19.39761
6.11394 14.3800 0.762766 0.09332 19.35270
6.11394 14.3800 0.762766 0.11108 19.30717
6.11394 14.3800 0.762766 0.12884 19.25674
6.11394 14.3800 0.762766 0.14660 19.20535
6.11394 14.3800 0.762766 0.16436 19.15033
6.11394 14.3800 0.762766 0.18212 19.09122
6.11394 14.3800 0.762766 0.19988 19.03198
6.11394 14.3800 0.762766 0.21764 18.96554
6.11394 14.3800 0.762766 0.23540 18.90064
6.11394 14.3800 0.762766 0.25316 18.82964
6.11394 14.3800 0.762766 0.27092 18.75509
6.11394 14.3800 0.762766 0.28869 18.68015
6.11394 14.3800 0.762766 0.30645 18.59495
6.11394 14.3800 0.762766 0.32421 18.51582
6.11394 14.3800 0.762766 0.34197 18.42614
6.11394 14.3800 0.762766 0.35973 18.33501
6.11394 14.3800 0.762766 0.37749 18.24179
6.11394 14.3800 0.762766 0.39525 18.13554
6.11394 14.3800 0.762766 0.41301 18.04031
6.11394 14.3800 0.762766 0.43077 17.92840
6.11394 14.3800 0.762766 0.44853 17.81958
6.11394 14.3800 0.762766 0.46629 17.70464
6.11394 14.3800 0.762766 0.48405 17.57665
6.11394 14.3800 0.762766 0.50181 17.46096
6.11394 14.3800 0.762766 0.51957 17.32210
6.11394 14.3800 0.762766 0.53733 17.19452
6.11394 14.3800 0.762766 0.55509 17.05310
6.11394 14.3800 0.762766 0.57285 16.90130
6.11394 14.3800 0.762766 0.59061 16.76068
6.11394 14.3800 0.762766 0.60837 16.58847
6.11394 14.3800 0.762766 0.62613 16.44113
6.11394 14.3800 0.762766 0.64389 16.26659
6.11394 14.3800 0.762766 0.66165 16.08880
6.11394 14.3800 0.762766 0.67941 15.91667
6.11394 14.3800 0.762766 0.69718 15.70191
6.11394 14.3800 0.762766 0.71494 15.53375
6.11394 14.3800 0.762766 0.73270 15.31624
6.11394 14.3800 0.762766 0.75046 15.11005
6.11394 14.3800 0.762766 0.76822 14.89639
6.11394 14.3800 0.762766 0.78598 14.63165
6.11394 14.3800 0.762766 0.80374 14.43559
6.11394 14.3800 0.762766 0.82150 14.16010
6.11394 14.3800 0.762766 0.83926 13.92294
6.11394 14.3800 0.762766 0.85702 13.65167
6.11394 14.3800 0.762766 0.87478 13.33775
6.11394 14.3800 0.762766 0.89254 13.09122
6.11394 14.3800 0.762766 0.91030 12.73388
6.11394 14.3800 0.762766 0.92806 12.46393
6.11394 14.3800 0.762766 0.94582 12.10881
6.11394 14.3800 0.762766 0.96358 11.73980
6.11394 14.3800 0.762766 0.98134 11.41650
6.11394 14.3800 0.762766 0.99910 10.93934
6.11394 14.3800 0.762766 1.01686 10.63767
6.11394 14.3800 0.762766 1.03462 10.15559
6.11394 14.3800 0.762766 1.05238 9.73176
6.11394 14.3800 0.762766 1.07014 9.28461
6.11394 14.3800 0.762766 1.08790 8.50085
6.11394 14.3800 0.762766 1.10567 6.57281
6.11394 14.3800 0.762766 1.12343 4.56205
6.11394 14.3800 0.762766 1.14119 2.46514
6.11394 14.3800 0.762766 1.15895 0.27848
6.11394 14.3800 0.762766 1.17671 -2.00168
6.11394 14.3800 0.762766 1.19447 -4.37926
6.11394 14.3800 0.762766 1.21223 -6.85829
6.11394 14.3800 0.762766 1.22999 -9.44303
6.11394 14.3800 0.762766 1.24775 -12.13791
6.11394 14.3800 0.762766 1.26551 -14.94748
6.11394 14.3800 0.762766 1.28327 -17.87656
6.11394 14.3800 0.762766 1.30103 -20.93015
6.11394 14.3800 0.898333 -1.52288 18.67262
6.11394 14.3800 0.898333 -1.50512 18.70585
6.11394 14.3800 0.898333 -1.48736 18.72188
6.11394 14.3800 0.898333 -1.46960 18.72551
6.11394 14.3800 0.898333 -1.45184 18.76032
6.11394 14.3800 0.898333 -1.43408 18.79501
6.11394 14.3800 0.898333 -1.41632 18.81625
6.11394 14.3800 0.898333 -1.39856 18.84405
6.11394 14.3800 0.898333 -1.38080 18.87781
6.11394 14.3800 0.898333 -1.36303 18.90729
6.11394 14.3800 0.898333 -1.34527 18.93499
6.11394 14.3800 0.898333 -1.32751 18.95998
6.11394 14.3800 0.898333 -1.30975 18.98375
6.11394 14.3800 0.898333 -1.29199 19.00611
6.11394 14.3800 0.898333 -1.27423 19.02779
6.11394 14.3800 0.898333 -1.25647 19.04935
6.11394 14.3800 0.898333 -1.23871 19.07817
6.11394 14.3800 0.898333 -1.22095 19.10529
6.11394 14.3800 0.898333 -1.20319 19.12998
6.11394 14.3800 0.898333 -1.18543 19.15542
6.11394 14.3800 0.898333 -1.16767 19.18101
6.11394 14.3800 0.898333 -1.14991 19.19816
6.11394 14.3800 0.898333 -1.13215 19.21614
6.11394 14.3800 0.898333 -1.11439 19.23734
6.11394 14.3800 0.898333 -1.09663 19.25792
6.11394 14.3800 0.898333 -1.07887 19.27803
6.11394 14.3800 0.898333 -1.06111 19.29400
6.11394 14.3800 0.898333 -1.04335 19.30940
6.11394 14.3800 0.898333 -1.02559 19.32453
6.11394 14.3800 0.898333 -1.00783 19.33872
6.11394 14.3800 0.898333 -0.99007 19.35200
6.11394 14.3800 0.898333 -0.97231 19.36439
6.11394 14.3800 0.898333 -0.95454 19.37624
6.11394 14.3800 0.898333 -0.93678 19.38469
6.11394 14.3800 0.898333 -0.91902 19.39219
6.11394 14.3800 0.898333 -0.90126 19.39829
6.11394 14.3800 0.898333 -0.88350 19.40146
6.11394 14.3800 0.898333 -0.86574 19.40334
6.11394 14.3800 0.898333 -0.84798 19.39923
6.11394 14.3800 0.898333 -0.83022 19.39197
6.11394 14.3800 0.898333 -0.81246 19.37834
6.11394 14.3800 0.898333 -0.79470 19.35488
6.11394 14.3800 0.898333 -0.77694 19.32381
6.11394 14.3800 0.898333 -0.75918 19.26945
6.11394 14.3800 0.898333 -0.74142 19.18698
6.11394 14.3800 0.898333 -0.72366 19.05471
6.11394 14.3800 0.898333 -0.70590 18.84541
6.11394 14.3800 0.898333 -0.68814 18.92201
6.11394 14.3800 0.898333 -0.67038 19.09120
6.11394 14.3800 0.898333 -0.65262 19.21186
6.11394 14.3800 0.898333 -0.63486 19.29643
6.11394 14.3800 0.898333 -0.61710 19.36204
6.11394 14.3800 0.898333 -0.59934 19.41470
6.11394 14.3800 0.898333 -0.58158 19.45563
6.11394 14.3800 0.898333 -0.56382 19.49196
6.11394 14.3800 0.898333 -0.54605 19.52108
6.11394 14.3800 0.898333 -0.52829 19.54726
6.11394 14.3800 0.898333 -0.51053 19.57003
6.11394 14.3800 0.898333 -0.49277 19.58942
6.11394 14.3800 0.898333 -0.47501 19.60747
6.11394 14.3800 0.898333 -0.45725 19.62176
6.11394 14.3800 0.898333 -0.43949 19.63491
6.11394 14.3800 0.898333 -0.42173 19.64583
6.11394 14.3800 0.898333 -0.40397 19.65459
6.11394 14.3800 0.898333 -0.38621 19.66230
6.11394 14.3800 0.898333 -0.36845 19.66683
6.11394 14.3800 0.898333 -0.35069 19.67050
6.11394 14.3800 0.898333 -0.33293 19.67189
6.11394 14.3800 0.898333 -0.31517 19.67144
6.11394 14.3800 0.898333 -0.29741 19.66957
6.11394 14.3800 0.898333 -0.27965 19.66495
6.11394 14.3800 0.898333 -0.26189 19.65921
6.11394 14.3800 0.898333 -0.24413 19.65091
6.11394 14.3800 0.898333 -0.22637 19.64086
6.11394 14.3800 0.898333 -0.20861 19.62885
6.11394 14.3800 0.898333 -0.19085 19.61440
6.11394 14.3800 0.898333 -0.17309 19.59826
6.11394 14.3800 0.898333 -0.15533 19.57951
6.11394 14.3800 0.898333 -0.13757 19.55878
6.11394 14.3800 0.898333 -0.11980 19.53566
6.11394 14.3800 0.898333 -0.10204 19.51033
6.11394 14.3800 0.898333 -0.08428 19.48236
6.11394 14.3800 0.898333 -0.06652 19.45238
6.11394 14.3800 0.898333 -0.04876 19.41960
6.11394 14.3800 0.898333 -0.03100 19.38431
6.11394 14.3800 0.898333 -0.01324 19.34679
6.11394 14.3800 0.898333 0.00452 19.30541
6.11394 14.3800 0.898333 0.02228 19.26330
6.11394 14.3800 0.898333 0.04004 19.21681
6.11394 14.3800 0.898333 0.05780 19.16841
6.11394 14.3800 0.898333 0.07556 19.11716
6.11394 14.3800 0.898333 0.09332 19.06116
6.11394 14.3800 0.898333 0.11108 19.00550
6.11394 14.3800 0.898333 0.12884 18.94326
6.11394 14.3800 0.898333 0.14660 18.88092
6.11394 14.3800 0.898333 0.16436 18.81404
6.11394 14.3800 0.898333 0.18212 18.74225
6.11394 14.3800 0.898333 0.19988 18.67134
6.11394 14.3800 0.898333 0.21764 18.59089
6.11394 14.3800 0.898333 0.23540 18.51395
6.11394 14.3800 0.898333 0.25316 18.42907
6.11394 14.3800 0.898333 0.27092 18.34038
6.11394 14.3800 0.898333 0.28869 18.25201
6.11394 14.3800 0.898333 0.30645 18.15028
6.11394 14.3800 0.898333 0.32421 18.05825
6.11394 14.3800 0.898333 0.34197 17.95232
6.11394 14.3800 0.898333 0.35973 17.84578
6.11394 14.3800 0.898333 0.37749 17.73708
6.11394 14.3800 0.898333 0.39525 17.61185
6.11394 14.3800 0.898333 0.41301 17.50267
6.11394 14.3800 0.898333 0.43077 17.37175
6.11394 14.3800 0.898333 0.44853 17.24655
6.11394 14.3800 0.898333 0.46629 17.11368
6.11394 14.3800 0.898333 0.48405 16.96503
6.11394 14.3800 0.898333 0.50181 16.83354
6.11394 14.3800 0.898333 0.51957 16.67249
6.11394 14.3800 0.898333 0.53733 16.52801
6.11394 14.3800 0.898333 0.55509 16.36580
6.11394 14.3800 0.898333 0.57285 16.19221
6.11394 14.3800 0.898333 0.59061 16.03363
6.11394 14.3800 0.898333 0.60837 15.83580
6.11394 14.3800 0.898333 0.62613 15.67186
6.11394 14.3800 0.898333 0.64389 15.47355
6.11394 14.3800 0.898333 0.66165 15.27407
6.11394 14.3800 0.898333 0.67941 15.08187
6.11394 14.3800 0.898333 0.69718 14.83881
6.11394 14.3800 0.898333 0.71494 14.65591
6.11394 14.3800 0.898333 0.73270 14.41293
6.11394 14.3800 0.898333 0.75046 14.18791
6.11394 14.3800 0.898333 0.76822 13.95390
6.11394 14.3800 0.898333 0.78598 13.66355
6.11394 14.3800 0.898333 0.80374 13.45637
6.11394 14.3800 0.898333 0.82150 13.15938
6.11394 14.3800 0.898333 0.83926 12.91149
6.11394 14.3800 0.898333 0.85702 12.62636
6.11394 14.3800 0.898333 0.87478 12.30173
6.11394 14.3800 0.898333 0.89254 12.05125
6.11394 14.3800 0.898333 0.91030 11.69026
6.11394 14.3800 0.898333 0.92806 11.42286
6.11394 14.3800 0.898333 0.94582 11.07386
6.11394 14.3800 0.898333 0.96358 10.71642
6.11394 14.3800 0.898333 0.98134 10.40522
6.11394 14.3800 0.898333 0.99910 9.95552
6.11394 14.3800 0.898333 1.01686 9.66543
6.11394 14.3800 0.898333 1.03462 9.21707
6.11394 14.3800 0.898333 1.05238 8.81553
6.11394 14.3800 0.898333 1.07014 8.40009
6.11394 14.3800 0.898333 1.08790 7.79556
6.11394 14.3800 0.898333 1.10567 6.57281
6.11394 14.3800 0.898333 1.12343 4.56205
6.11394 14.3800 0.898333 1.14119 2.46514
6.11394 14.3800 0.898333 1.15895 0.27848
6.11394 14.3800 0.898333 1.17671 -2.00168
6.11394 14.3800 0.898333 1.19447 -4.37926
6.11394 14.3800 0.898333 1.21223 -6.85829
6.11394 14.3800 0.898333 1.22999 -9.44303
6.11394 14.3800 0.898333 1.24775 -12.13791
6.11394 14.3800 0.898333 1.26551 -14.94748
6.11394 14.3800 0.898333 1.28327 -17.87656
6.11394 14.3800 0.898333 1.30103 -20.93015
6.11394 14.3800 0.980145 -1.52288 18.67860
6.11394 14.3800 0.980145 -1.50512 18.70683
6.11394 14.3800 0.980145 -1.48736 18.72880
6.11394 14.3800 0.980145 -1.46960 18.74635
6.11394 14.3800 0.980145 -1.45184 18.77712
6.11394 14.3800 0.980145 -1.43408 18.80927
6.11394 14.3800 0.980145 -1.41632 18.84243
6.11394 14.3800 0.980145 -1.39856 18.87345
6.11394 14.3800 0.980145 -1.38080 18.90254
6.11394 14.3800 0.980145 -1.36303 18.92844
6.11394 14.3800 0.980145 -1.34527 18.95248
6.11394 14.3800 0.980145 -1.32751 18.96973
6.11394 14.3800 0.980145 -1.30975 18.99038
6.11394 14.3800 0.980145 -1.29199 19.01548
6.11394 14.3800 0.980145 -1.27423 19.03968
6.11394 14.3800 0.980145 -1.25647 19.06338
6.11394 14.3800 0.980145 -1.23871 19.08740
6.11394 14.3800 0.980145 -1.22095 19.10736
6.11394 14.3800 0.980145 -1.20319 19.12006
6.11394 14.3800 0.980145 -1.18543 19.13764
6.11394 14.3800 0.980145 -1.16767 19.15773
6.11394 14.3800 0.980145 -1.14991 19.17584
6.11394 14.3800 0.980145 -1.13215 19.19252
6.11394 14.3800 0.980145 -1.11439 19.20560
6.11394 14.3800 0.980145 -1.09663 19.21961
6.11394 14.3800 0.980145 -1.07887 19.23434
6.11394 14.3800 0.980145 -1.06111 19.24625
6.11394 14.3800 0.980145 -1.04335 19.25818
6.11394 14.3800 0.980145 -1.02559 19.27143
6.11394 14.3800 0.980145 -1.00783 19.28340
6.11394 14.3800 0.980145 -0.99007 19.29410
6.11394 14.3800 0.980145 -0.97231 19.30340
6.11394 14.3800 0.980145 -0.95454 19.31212
6.11394 14.3800 0.980145 -0.93678 19.31806
6.11394 14.3800 0.980145 -0.91902 19.32272
6.11394 14.3800 0.980145 -0.90126 19.32548
6.11394 14.3800 0.980145 -0.88350 19.32446
6.11394 14.3800 0.980145 -0.86574 19.32165
6.11394 14.3800 0.980145 -0.84798 19.31175
6.11394 14.3800 0.980145 -0.83022 19.29806
6.11394 14.3800 0.980145 -0.81246 19.27693
6.11394 14.3800 0.980145 -0.79470 19.24613
6.11394 14.3800 0.980145 -0.77694 19.20696
6.11394 14.3800 0.980145 -0.75918 19.15173
6.11394 14.3800 0.980145 -0.74142 19.08094
6.11394 14.3800 0.980145 -0.72366 18.99043
6.11394 14.3800 0.980145 -0.70590 18.87843
6.11394 14.3800 0.980145 -0.68814 18.90534
6.11394 14.3800 0.980145 -0.67038 18.98704
6.11394 14.3800 0.980145 -0.65262 19.05783
6.11394 14.3800 0.980145 -0.63486 19.11771
6.11394 14.3800 0.980145 -0.61710 19.16895
6.11394 14.3800 0.980145 -0.59934 19.21357
6.11394 14.3800 0.980145 -0.58158 19.24945
6.11394 14.3800 0.980145 -0.56382 19.28165
6.11394 14.3800 0.980145 -0.54605 19.30652
6.11394 14.3800 0.980145 -0.52829 19.32828
6.11394 14.3800 0.980145 -0.51053 19.34618
6.11394 14.3800 0.980145 -0.49277 19.35994
6.11394 14.3800 0.980145 -0.47501 19.37211
6.11394 14.3800 0.980145 -0.45725 19.37956
6.11394 14.3800 0.980145 -0.43949 19.38559
6.11394 14.3800 0.980145 -0.42173 19.38872
6.11394 14.3800 0.980145 -0.40397 19.38920
6.11394 14.3800 0.980145 -0.38621 19.38820
6.11394 14.3800 0.980145 -0.36845 19.38344
6.11394 14.3800 0.980145 -0.35069 19.37738
6.11394 14.3800 0.980145 -0.33293 19.36842
6.11394 14.3800 0.980145 -0.31517 19.35722
6.11394 14.3800 0.980145 -0.29741 19.34395
6.11394 14.3800 0.980145 -0.27965 19.32761
6.11394 14.3800 0.980145 -0.26189 19.30932
6.11394 14.3800 0.980145 -0.24413 19.28809
6.11394 14.3800 0.980145 -0.22637 19.26448
6.11394 14.3800 0.980145 -0.20861 19.23809
6.11394 14.3800 0.980145 -0.19085 19.20915
6.11394 14.3800 0.980145 -0.17309 19.17709
6.11394 14.3800 0.980145 -0.15533 19.14264
6.11394 14.3800 0.980145 -0.13757 19.10501
6.11394 14.3800 0.980145 -0.11980 19.06417
6.11394 14.3800 0.980145 -0.10204 19.02108
6.11394 14.3800 0.980145 -0.08428 18.97307
6.11394 14.3800 0.980145 -0.06652 18.92445
6.11394 14.3800 0.980145 -0.04876 18.87072
6.11394 14.3800 0.980145 -0.03100 18.81415
6.11394 14.3800 0.980145 -0.01324 18.75504
6.11394 14.3800 0.980145 0.00452 18.68896
6.11394 14.3800 0.980145 0.02228 18.62503
6.11394 14.3800 0.980145 0.04004 18.55275
6.11394 14.3800 0.980145 0.05780 18.47951
6.11394 14.3800 0.980145 0.07556 18.40220
6.11394 14.3800 0.980145 0.09332 18.31698
6.11394 14.3800 0.980145 0.11108 18.23565
6.11394 14.3800 0.980145 0.12884 18.14204
6.11394 14.3800 0.980145 0.14660 18.05170
6.11394 14.3800 0.980145 0.16436 17.95369
6.11394 14.3800 0.980145 0.18212 17.84849
6.11394 14.3800 0.980145 0.19988 17.74774
6.11394 14.3800 0.980145 0.21764 17.62977
6.11394 14.3800 0.980145 0.23540 17.52257
6.11394 14.3800 0.980145 0.25316 17.40115
6.11394 14.3800 0.980145 0.27092 17.27601
6.11394 14.3800 0.980145 0.28869 17.15362
6.11394 14.3800 0.980145 0.30645 17.00838
6.11394 14.3800 0.980145 0.32421 16.88553
6.11394 14.3800 0.980145 0.34197 16.73827
6.11394 14.3800 0.980145 0.35973 16.59468
6.11394 14.3800 0.980145 0.37749 16.44893
6.11394 14.3800 0.980145 0.39525 16.27795
6.11394 14.3800 0.980145 0.41301 16.13931
6.11394 14.3800 0.980145 0.43077 15.96583
6.11394 14.3800 0.980145 0.44853 15.80834
6.11394 14.3800 0.980145 0.46629 15.64055
6.11394 14.3800 0.980145 0.48405 15.45497
6.11394 14.3800 0.980145 0.50181 15.30044
6.11394 14.3800 0.980145 0.51957 15.10827
6.11394 14.3800 0.980145 0.53733 14.94809
6.11394 14.3800 0.980145 0.55509 14.76920
6.11394 14.3800 0.980145 0.57285 14.58722
6.11394 14.3800 0.980145 0.59061 14.42904
6.11394 14.3800 0.980145 0.60837 14.23909
6.11394 14.3800 0.980145 0.62613 14.09094
6.11394 14.3800 0.980145 0.64389 13.91879
6.11394 14.3800 0.980145 0.66165 13.75411
6.11394 14.3800 0.980145 0.67941 13.59992
6.11394 14.3800 0.980145 0.69718 13.41753
6.11394 14.3800 0.980145 0.71494 13.27495
6.11394 14.3800 0.980145 0.73270 13.09952
6.11394 14.3800 0.980145 0.75046 12.93285
6.11394 14.3800 0.980145 0.76822 12.76293
6.11394 14.3800 0.980145 0.78598 12.55923
6.11394 14.3800 0.980145 0.80374 12.39770
6.11394 14.3800 0.980145 0.82150 12.18541
6.11394 14.3800 0.980145 0.83926 11.99207
6.11394 14.3800 0.980145 0.85702 11.77803
6.11394 14.3800 0.980145 0.87478 11.52938
6.11394 14.3800 0.980145 0.89254 11.32390
6.11394 14.3800 0.980145 0.91030 11.04132
6.11394 14.3800 0.980145 0.92806 10.80965
6.11394 14.3800 0.980145 0.94582 10.52169
6.11394 14.3800 0.980145 0.96358 10.21171
6.11394 14.3800 0.980145 0.98134 9.93752
6.11394 14.3800 0.980145 0.99910 9.54423
6.11394 14.3800 0.980145 1.01686 9.27113
6.11394 14.3800 0.980145 1.03462 8.86632
6.11394 14.3800 0.980145 1.05238 8.48803
6.11394 14.3800 0.980145 1.07014 8.10201
6.11394 14.3800 0.980145 1.08790 7.53788
6.11394 14.3800 0.980145 1.10567 6.57281
6.11394 14.3800 0.980145 1.12343 4.56205
6.11394 14.3800 0.980145 1.14119 2.46514
6.11394 14.3800 0.980145 1.15895 0.27848
6.11394 14.3800 0.980145 1.17671 -2.00168
6.11394 14.3800 0.980145 1.19447 -4.37926
6.11394 14.3800 0.980145 1.21223 -6.85829
6.11394 14.3800 0.980145 1.22999 -9.44303
6.11394 14.3800 0.980145 1.24775 -12.13791
6.11394 14.3800 0.980145 1.26551 -14.94748
6.11394 14.3800 0.980145 1.28327 -17.87656
6.11394 14.3800 0.980145 1.30103 -20.93015
6.20412 14.3800 0.019855 -1.52288 18.45926
6.20412 14.3800 0.019855 -1.50512 18.48840
6.20412 14.3800 0.019855 -1.48736 18.51698
6.20412 14.3800 0.019855 -1.46960 18.54498
6.20412 14.3800 0.019855 -1.45184 18.57302
6.20412 14.3800 0.019855 -1.43408 18.60078
6.20412 14.3800 0.019855 -1.41632 18.62905
6.20412 14.3800 0.019855 -1.39856 18.65687
6.20412 14.3800 0.019855 -1.38080 18.68428
6.20412 14.3800 0.019855 -1.36303 18.71153
6.20412 14.3800 0.019855 -1.34527 18.73835
6.20412 14.3800 0.019855 -1.32751 18.76499
6.20412 14.3800 0.019855 -1.30975 18.79139
6.20412 14.3800 0.019855 -1.29199 18.81765
6.20412 14.3800 0.019855 -1.27423 18.84345
6.20412 14.3800 0.019855 -1.25647 18.86880
6.20412 14.3800 0.019855 -1.23871 18.89387
6.20412 14.3800 0.019855 -1.22095 18.91844
6.20412 14.3800 0.019855 -1.20319 18.94248
6.20412 14.3800 0.019855 -1.18543 18.96612
6.20412 14.3800 0.019855 -1.16767 18.98942
6.20412 14.3800 0.019855 -1.14991 19.01181
6.20412 14.3800 0.019855 -1.13215 19.03375
6.20412 14.3800 0.019855 -1.11439 19.05497
6.20412 14.3800 0.019855 -1.09663 19.07534
6.20412 14.3800 0.019855 -1.07887 19.09508
6.20412 14.3800 0.019855 -1.06111 19.11342
6.20412 14.3800 0.019855 -1.04335 19.13119
6.20412 14.3800 0.019855 -1.02559 19.14741
6.20412 14.3800 0.019855 -1.00783 19.16247
6.20412 14.3800 0.019855 -0.99007 19.17639
6.20412 14.3800 0.019855 -0.97231 19.18801
6.20412 14.3800 0.019855 -0.95454 19.19877
6.20412 14.3800 0.019855 -0.93678 19.20639
6.20412 14.3800 0.019855 -0.91902 19.21229
6.20412 14.3800 0.019855 -0.90126 19.21568
6.20412 14.3800 0.019855 -0.88350 19.21523
6.20412 14.3800 0.019855 -0.86574 19.21302
6.20412 14.3800 0.019855 -0.84798 19.20446
6.20412 14.3800 0.019855 -0.83022 19.19290
6.20412 14.3800 0.019855 -0.81246 19.17549
6.20412 14.3800 0.019855 -0.79470 19.15124
6.20412 14.3800 0.019855 -0.77694 19.12132
6.20412 14.3800 0.019855 -0.75918 19.07999
6.20412 14.3800 0.019855 -0.74142 19.02658
6.20412 14.3800 0.019855 -0.72366 18.95265
6.20412 14.3800 0.019855 -0.70590 18.78774
6.20412 14.3800 0.019855 -0.68814 18.87127
6.20412 14.3800 0.019855 -0.67038 18.96856
6.20412 14.3800 0.019855 -0.65262 19.03864
6.20412 14.3800 0.019855 -0.63486 19.09831
6.20412 14.3800 0.019855 -0.61710 19.15172
6.20412 14.3800 0.019855 -0.59934 19.20023
6.20412 14.3800 0.019855 -0.58158 19.24368
6.20412 14.3800 0.019855 -0.56382 19.28395
6.20412 14.3800 0.019855 -0.54605 19.31950
6.20412 14.3800 0.019855 -0.52829 19.35198
6.20412 14.3800 0.019855 -0.51053 19.38122
6.20412 14.3800 0.019855 -0.49277 19.40651
6.20412 14.3800 0.019855 -0.47501 19.43003
6.20412 14.3800 0.019855 -0.45725 19.44879
6.20412 14.3800 0.019855 -0.43949 19.46582
6.20412 14.3800 0.019855 -0.42173 19.47976
6.20412 14.3800 0.019855 -0.40397 19.49063
6.20412 14.3800 0.019855 -0.38621 19.49999
6.20412 14.3800 0.019855 -0.36845 19.50494
6.20412 14.3800 0.019855 -0.35069 19.50860
6.20412 14.3800 0.019855 -0.33293 19.50898
6.20412 14.3800 0.019855 -0.31517 19.50686
6.20412 14.3800 0.019855 -0.29741 19.50276
6.20412 14.3800 0.019855 -0.27965 19.49490
6.20412 14.3800 0.019855 -0.26189 19.48541
6.20412 14.3800 0.019855 -0.24413 19.47245
6.20412 14.3800 0.019855 -0.22637 19.45714
6.20412 14.3800 0.019855 -0.20861 19.43913
6.20412 14.3800 0.019855 -0.19085 19.41797
6.20412 14.3800 0.019855 -0.17309 19.39428
6.20412 14.3800 0.019855 -0.15533 19.36738
6.20412 14.3800 0.019855 -0.13757 19.33766
6.20412 14.3800 0.019855 -0.11980 19.30468
6.20412 14.3800 0.019855 -0.10204 19.26899
6.20412 14.3800 0.019855 -0.08428 19.22920
6.20412 14.3800 0.019855 -0.06652 19.18755
6.20412 14.3800 0.019855 -0.04876 19.14159
6.20412 14.3800 0.019855 -0.03100 19.09247
6.20412 14.3800 0.019855 -0.01324 19.04063
6.20412 14.3800 0.019855 0.00452 18.98276
6.20412 14.3800 0.019855 0.02228 18.92555
6.20412 14.3800 0.019855 0.04004 18.86130
6.20412 14.3800 0.019855 0.05780 18.79549
6.20412 14.3800 0.019855 0.07556 18.72598
6.20412 14.3800 0.019855 0.09332 18.64954
6.20412 14.3800 0.019855 0.11108 18.57596
6.20412 14.3800 0.019855 0.12884 18.49219
6.20412 14.3800 0.019855 0.14660 18.41104
6.20412 14.3800 0.019855 0.16436 18.32398
6.20412 14.3800 0.019855 0.18212 18.23150
6.20412 14.3800 0.019855 0.19988 18.14371
6.20412 14.3800 0.019855 0.21764 18.04351
6.20412 14.3800 0.019855 0.23540 17.95376
6.20412 14.3800 0.019855 0.25316 17.85572
6.20412 14.3800 0.019855 0.27092 17.75833
6.20412 14.3800 0.019855 0.28869 17.66696
6.20412 14.3800 0.019855 0.30645 17.56576
6.20412 14.3800 0.019855 0.32421 17.48369
6.20412 14.3800 0.019855 0.34197 17.39378
6.20412 14.3800 0.019855 0.35973 17.31213
6.20412 14.3800 0.019855 0.37749 17.23542
6.20412 14.3800 0.019855 0.39525 17.15562
6.20412 14.3800 0.019855 0.41301 17.09080
6.20412 14.3800 0.019855 0.43077 17.02010
6.20412 14.3800 0.019855 0.44853 16.95561
6.20412 14.3800 0.019855 0.46629 16.89062
6.20412 14.3800 0.019855 0.48405 16.82265
6.20412 14.3800 0.019855 0.50181 16.75899
6.20412 14.3800 0.019855 0.51957 16.68790
6.20412 14.3800 0.019855 0.53733 16.61831
6.20412 14.3800 0.019855 0.55509 16.54334
6.20412 14.3800 0.019855 0.57285 16.46245
6.20412 14.3800 0.019855 0.59061 16.38220
6.20412 14.3800 0.019855 0.60837 16.28952
6.20412 14.3800 0.019855 0.62613 16.20011
6.20412 14.3800 0.019855 0.64389 16.09954
6.20412 14.3800 0.019855 0.66165 15.99244
6.20412 14.3800 0.019855 0.67941 15.88462
6.20412 14.3800 0.019855 0.69718 15.75607
6.20412 14.3800 0.019855 0.71494 15.64038
6.20412 14.3800 0.019855 0.73270 15.50197
6.20412 14.3800 0.019855 0.75046 15.36109
6.20412 14.3800 0.019855 0.76822 15.21502
6.20412 14.3800 0.019855 0.78598 15.03805
6.20412 14.3800 0.019855 0.80374 14.88942
6.20412 14.3800 0.019855 0.82150 14.69751
6.20412 14.3800 0.019855 0.83926 14.51662
6.20412 14.3800 0.019855 0.85702 14.31686
6.20412 14.3800 0.019855 0.87478 14.08253
6.20412 14.3800 0.019855 0.89254 13.88520
6.20412 14.3800 0.019855 0.91030 13.61570
6.20412 14.3800 0.019855 0.92806 13.39023
6.20412 14.3800 0.019855 0.94582 13.11188
6.20412 14.3800 0.019855 0.96358 12.80962
6.20412 14.3800 0.019855 0.98134 12.54122
6.20412 14.3800 0.019855 0.99910 12.15683
6.20412 14.3800 0.019855 1.01686 11.88670
6.20412 14.3800 0.019855 1.03462 11.48903
6.20412 14.3800 0.019855 1.05238 11.11495
6.20412 14.3800 0.019855 1.07014 10.73410
6.20412 14.3800 0.019855 1.08790 10.17770
6.20412 14.3800 0.019855 1.10567 9.87048
6.20412 14.3800 0.019855 1.12343 9.28832
6.20412 14.3800 0.019855 1.14119 8.85427
6.20412 14.3800 0.019855 1.15895 8.28651
6.20412 14.3800 0.019855 1.17671 7.52401
6.20412 14.3800 0.019855 1.19447 6.99588
6.20412 14.3800 0.019855 1.21223 4.99167
6.20412 14.3800 0.019855 1.22999 2.90158
6.20412 14.3800 0.019855 1.24775 0.72200
6.20412 14.3800 0.019855 1.26551 -1.55077
6.20412 14.3800 0.019855 1.28327 -3.92063
6.20412 14.3800 0.019855 1.30103 -6.39166
6.20412 14.3800 0.101667 -1.52288 18.56372
6.20412 14.3800 0.101667 -1.50512 18.59267
6.20412 14.3800 0.101667 -1.48736 18.62093
6.20412 14.3800 0.101667 -1.46960 18.64855
6.20412 14.3800 0.101667 -1.45184 18.67975
6.20412 14.3800 0.101667 -1.43408 18.70995
6.20412 14.3800 0.101667 -1.41632 18.73657
6.20412 14.3800 0.101667 -1.39856 18.76405
6.20412 14.3800 0.101667 -1.38080 18.79230
6.20412 14.3800 0.101667 -1.36303 18.81833
6.20412 14.3800 0.101667 -1.34527 18.84388
6.20412 14.3800 0.101667 -1.32751 18.87201
6.20412 14.3800 0.101667 -1.30975 18.89935
6.20412 14.3800 0.101667 -1.29199 18.92593
6.20412 14.3800 0.101667 -1.27423 18.95266
6.20412 14.3800 0.101667 -1.25647 18.97908
6.20412 14.3800 0.101667 -1.23871 19.00412
6.20412 14.3800 0.101667 -1.22095 19.02926
6.20412 14.3800 0.101667 -1.20319 19.05493
6.20412 14.3800 0.101667 -1.18543 19.07984
6.20412 14.3800 0.101667 -1.16767 19.10417
6.20412 14.3800 0.101667 -1.14991 19.12757
6.20412 14.3800 0.101667 -1.13215 19.15066
6.20412 14.3800 0.101667 -1.11439 19.17349
6.20412 14.3800 0.101667 -1.09663 19.19595
6.20412 14.3800 0.101667 -1.07887 19.21810
6.20412 14.3800 0.101667 -1.06111 19.23886
6.20412 14.3800 0.101667 -1.04335 19.25913
6.20412 14.3800 0.101667 -1.02559 19.27842
6.20412 14.3800 0.101667 -1.00783 19.29686
6.20412 14.3800 0.101667 -0.99007 19.31448
6.20412 14.3800 0.101667 -0.97231 19.33016
6.20412 14.3800 0.101667 -0.95454 19.34513
6.20412 14.3800 0.101667 -0.93678 19.35762
6.20412 14.3800 0.101667 -0.91902 19.36868
6.20412 14.3800 0.101667 -0.90126 19.37774
6.20412 14.3800 0.101667 -0.88350 19.38312
6.20412 14.3800 0.101667 -0.86574 19.38692
6.20412 14.3800 0.101667 -0.84798 19.38379
6.20412 14.3800 0.101667 -0.83022 19.37711
6.20412 14.3800 0.101667 -0.81246 19.36321
6.20412 14.3800 0.101667 -0.79470 19.33926
6.20412 14.3800 0.101667 -0.77694 19.30750
6.20412 14.3800 0.101667 -0.75918 19.25654
6.20412 14.3800 0.101667 -0.74142 19.18551
6.20412 14.3800 0.101667 -0.72366 19.08142
6.20412 14.3800 0.101667 -0.70590 18.90306
6.20412 14.3800 0.101667 -0.68814 18.98095
6.20412 14.3800 0.101667 -0.67038 19.12654
6.20412 14.3800 0.101667 -0.65262 19.23664
6.20412 14.3800 0.101667 -0.63486 19.32564
6.20412 14.3800 0.101667 -0.61710 19.39938
6.20412 14.3800 0.101667 -0.59934 19.46235
6.20412 14.3800 0.101667 -0.58158 19.51428
6.20412 14.3800 0.101667 -0.56382 19.56066
6.20412 14.3800 0.101667 -0.54605 19.59921
6.20412 14.3800 0.101667 -0.52829 19.63386
6.20412 14.3800 0.101667 -0.51053 19.66442
6.20412 14.3800 0.101667 -0.49277 19.69087
6.20412 14.3800 0.101667 -0.47501 19.71550
6.20412 14.3800 0.101667 -0.45725 19.73586
6.20412 14.3800 0.101667 -0.43949 19.75473
6.20412 14.3800 0.101667 -0.42173 19.77100
6.20412 14.3800 0.101667 -0.40397 19.78492
6.20412 14.3800 0.101667 -0.38621 19.79769
6.20412 14.3800 0.101667 -0.36845 19.80708
6.20412 14.3800 0.101667 -0.35069 19.81554
6.20412 14.3800 0.101667 -0.33293 19.82151
6.20412 14.3800 0.101667 -0.31517 19.82564
6.20412 14.3800 0.101667 -0.29741 19.82842
6.20412 14.3800 0.101667 -0.27965 19.82827
6.20412 14.3800 0.101667 -0.26189 19.82710
6.20412 14.3800 0.101667 -0.24413 19.82323
6.20412 14.3800 0.101667 -0.22637 19.81765
6.20412 14.3800 0.101667 -0.20861 19.81023
6.20412 14.3800 0.101667 -0.19085 19.80022
6.20412 14.3800 0.101667 -0.17309 19.78876
6.20412 14.3800 0.101667 -0.15533 19.77447
6.20412 14.3800 0.101667 -0.13757 19.75838
6.20412 14.3800 0.101667 -0.11980 19.73996
6.20412 14.3800 0.101667 -0.10204 19.71917
6.20412 14.3800 0.101667 -0.08428 19.69611
6.20412 14.3800 0.101667 -0.06652 19.67062
6.20412 14.3800 0.101667 -0.04876 19.64267
6.20412 14.3800 0.101667 -0.03100 19.61214
6.20412 14.3800 0.101667 -0.01324 19.57931
6.20412 14.3800 0.101667 0.00452 19.54308
6.20412 14.3800 0.101667 0.02228 19.50547
6.20412 14.3800 0.101667 0.04004 19.46404
6.20412 14.3800 0.101667 0.05780 19.42042
6.20412 14.3800 0.101667 0.07556 19.37405
6.20412 14.3800 0.101667 0.09332 19.32334
6.20412 14.3800 0.101667 0.11108 19.27231
6.20412 14.3800 0.101667 0.12884 19.21545
6.20412 14.3800 0.101667 0.14660 19.15796
6.20412 14.3800 0.101667 0.16436 19.09630
6.20412 14.3800 0.101667 0.18212 19.03001
6.20412 14.3800 0.101667 0.19988 18.96409
6.20412 14.3800 0.101667 0.21764 18.88968
6.20412 14.3800 0.101667 0.23540 18.81786
6.20412 14.3800 0.101667 0.25316 18.73896
6.20412 14.3800 0.101667 0.27092 18.65640
6.20412 14.3800 0.101667 0.28869 18.57395
6.20412 14.3800 0.101667 0.30645 18.47965
6.20412 14.3800 0.101667 0.32421 18.39362
6.20412 14.3800 0.101667 0.34197 18.29547
6.20412 14.3800 0.101667 0.35973 18.19669
6.20412 14.3800 0.101667 0.37749 18.09619
6.20412 14.3800 0.101667 0.39525 17.98152
6.20412 14.3800 0.101667 0.41301 17.88093
6.20412 14.3800 0.101667 0.43077 17.76219
6.20412 14.3800 0.101667 0.44853 17.64873
6.20412 14.3800 0.101667 0.46629 17.52968
6.20412 14.3800 0.101667 0.48405 17.39849
6.20412 14.3800 0.101667 0.50181 17.28244
6.20412 14.3800 0.101667 0.51957 17.14430
6.20412 14.3800 0.101667 0.53733 17.02046
6.20412 14.3800 0.101667 0.55509 16.88526
6.20412 14.3800 0.101667 0.57285 16.74376
6.20412 14.3800 0.101667 0.59061 16.61540
6.20412 14.3800 0.101667 0.60837 16.46318
6.20412 14.3800 0.101667 0.62613 16.33514
6.20412 14.3800 0.101667 0.64389 16.18882
6.20412 14.3800 0.101667 0.66165 16.04364
6.20412 14.3800 0.101667 0.67941 15.90553
6.20412 14.3800 0.101667 0.69718 15.74220
6.20412 14.3800 0.101667 0.71494 15.61005
6.20412 14.3800 0.101667 0.73270 15.45007
6.20412 14.3800 0.101667 0.75046 15.29631
6.20412 14.3800 0.101667 0.76822 15.14001
6.20412 14.3800 0.101667 0.78598 14.95436
6.20412 14.3800 0.101667 0.80374 14.80416
6.20412 14.3800 0.101667 0.82150 14.61077
6.20412 14.3800 0.101667 0.83926 14.43194
6.20412 14.3800 0.101667 0.85702 14.23562
6.20412 14.3800 0.101667 0.87478 14.00780
6.20412 14.3800 0.101667 0.89254 13.81587
6.20412 14.3800 0.101667 0.91030 13.55651
6.20412 14.3800 0.101667 0.92806 13.33789
6.20412 14.3800 0.101667 0.94582 13.07035
6.20412 14.3800 0.101667 0.96358 12.77894
6.20412 14.3800 0.101667 0.98134 12.51927
6.20412 14.3800 0.101667 0.99910 12.14981
6.20412 14.3800 0.101667 1.01686 11.88539
6.20412 14.3800 0.101667 1.03462 11.50107
6.20412 14.3800 0.101667 1.05238 11.13524
6.20412 14.3800 0.101667 1.07014 10.76419
6.20412 14.3800 0.101667 1.08790 10.22164
6.20412 14.3800 0.101667 1.10567 9.91711
6.20412 14.3800 0.101667 1.12343 9.34644
6.20412 14.3800 0.101667 1.14119 8.91595
6.20412 14.3800 0.101667 1.15895 8.35661
6.20412 14.3800 0.101667 1.17671 7.60202
6.20412 14.3800 0.101667 1.19447 6.99588
6.20412 14.3800 0.101667 1.21223 4.99167
6.20412 14.3800 0.101667 1.22999 2.90158
6.20412 14.3800 0.101667 1.24775 0.72200
6.20412 14.3800 0.101667 1.26551 -1.55077
6.20412 14.3800 0.101667 1.28327 -3.92063
6.20412 14.3800 0.101667 1.30103 -6.39166
6.20412 14.3800 0.237234 -1.52288 18.62310
6.20412 14.3800 0.237234 -1.50512 18.66100
6.20412 14.3800 0.237234 -1.48736 18.69000
6.20412 14.3800 0.237234 -1.46960 18.71293
6.20412 14.3800 0.237234 -1.45184 18.74103
6.20412 14.3800 0.237234 -1.43408 18.76957
6.20412 14.3800 0.237234 -1.41632 18.79895
6.20412 14.3800 0.237234 -1.39856 18.82702
6.20412 14.3800 0.237234 -1.38080 18.85390
6.20412 14.3800 0.237234 -1.36303 18.88083
6.20412 14.3800 0.237234 -1.34527 18.90715
6.20412 14.3800 0.237234 -1.32751 18.93138
6.20412 14.3800 0.237234 -1.30975 18.95713
6.20412 14.3800 0.237234 -1.29199 18.98495
6.20412 14.3800 0.237234 -1.27423 19.01206
6.20412 14.3800 0.237234 -1.25647 19.03861
6.20412 14.3800 0.237234 -1.23871 19.06533
6.20412 14.3800 0.237234 -1.22095 19.09097
6.20412 14.3800 0.237234 -1.20319 19.11511
6.20412 14.3800 0.237234 -1.18543 19.13946
6.20412 14.3800 0.237234 -1.16767 19.16376
6.20412 14.3800 0.237234 -1.14991 19.18717
6.20412 14.3800 0.237234 -1.13215 19.21065
6.20412 14.3800 0.237234 -1.11439 19.23488
6.20412 14.3800 0.237234 -1.09663 19.25849
6.20412 14.3800 0.237234 -1.07887 19.28161
6.20412 14.3800 0.237234 -1.06111 19.30246
6.20412 14.3800 0.237234 -1.04335 19.32289
6.20412 14.3800 0.237234 -1.02559 19.34318
6.20412 14.3800 0.237234 -1.00783 19.36198
6.20412 14.3800 0.237234 -0.99007 19.37936
6.20412 14.3800 0.237234 -0.97231 19.39672
6.20412 14.3800 0.237234 -0.95454 19.41367
6.20412 14.3800 0.237234 -0.93678 19.42744
6.20412 14.3800 0.237234 -0.91902 19.44006
6.20412 14.3800 0.237234 -0.90126 19.45107
6.20412 14.3800 0.237234 -0.88350 19.45906
6.20412 14.3800 0.237234 -0.86574 19.46582
6.20412 14.3800 0.237234 -0.84798 19.46670
6.20412 14.3800 0.237234 -0.83022 19.46446
6.20412 14.3800 0.237234 -0.81246 19.45585
6.20412 14.3800 0.237234 -0.79470 19.43708
6.20412 14.3800 0.237234 -0.77694 19.41099
6.20412 14.3800 0.237234 -0.75918 19.36270
6.20412 14.3800 0.237234 -0.74142 19.28927
6.20412 14.3800 0.237234 -0.72366 19.17103
6.20412 14.3800 0.237234 -0.70590 18.96484
6.20412 14.3800 0.237234 -0.68814 19.05664
6.20412 14.3800 0.237234 -0.67038 19.23335
6.20412 14.3800 0.237234 -0.65262 19.35972
6.20412 14.3800 0.237234 -0.63486 19.45306
6.20412 14.3800 0.237234 -0.61710 19.52705
6.20412 14.3800 0.237234 -0.59934 19.58796
6.20412 14.3800 0.237234 -0.58158 19.63715
6.20412 14.3800 0.237234 -0.56382 19.68102
6.20412 14.3800 0.237234 -0.54605 19.71779
6.20412 14.3800 0.237234 -0.52829 19.75123
6.20412 14.3800 0.237234 -0.51053 19.78118
6.20412 14.3800 0.237234 -0.49277 19.80792
6.20412 14.3800 0.237234 -0.47501 19.83316
6.20412 14.3800 0.237234 -0.45725 19.85489
6.20412 14.3800 0.237234 -0.43949 19.87542
6.20412 14.3800 0.237234 -0.42173 19.89398
6.20412 14.3800 0.237234 -0.40397 19.91043
6.20412 14.3800 0.237234 -0.38621 19.92585
6.20412 14.3800 0.237234 -0.36845 19.93869
6.20412 14.3800 0.237234 -0.35069 19.95070
6.20412 14.3800 0.237234 -0.33293 19.96053
6.20412 14.3800 0.237234 -0.31517 19.96881
6.20412 14.3800 0.237234 -0.29741 19.97601
6.20412 14.3800 0.237234 -0.27965 19.98071
6.20412 14.3800 0.237234 -0.26189 19.98463
6.20412 14.3800 0.237234 -0.24413 19.98619
6.20412 14.3800 0.237234 -0.22637 19.98631
6.20412 14.3800 0.237234 -0.20861 19.98491
6.20412 14.3800 0.237234 -0.19085 19.98120
6.20412 14.3800 0.237234 -0.17309 19.97646
6.20412 14.3800 0.237234 -0.15533 19.96911
6.20412 14.3800 0.237234 -0.13757 19.96034
6.20412 14.3800 0.237234 -0.11980 19.94962
6.20412 14.3800 0.237234 -0.10204 19.93675
6.20412 14.3800 0.237234 -0.08428 19.92231
6.20412 14.3800 0.237234 -0.06652 19.90532
6.20412 14.3800 0.237234 -0.04876 19.88658
6.20412 14.3800 0.237234 -0.03100 19.86558
6.20412 14.3800 0.237234 -0.01324 19.84248
6.20412 14.3800 0.237234 0.00452 19.81699
6.20412 14.3800 0.237234 0.02228 19.78951
6.20412 14.3800 0.237234 0.04004 19.75943
6.20412 14.3800 0.237234 0.05780 19.72715
6.20412 14.3800 0.237234 0.07556 19.69256
6.20412 14.3800 0.237234 0.09332 19.65476
6.20412 14.3800 0.237234 0.11108 19.61573
6.20412 14.3800 0.237234 0.12884 19.57272
6.20412 14.3800 0.237234 0.14660 19.52828
6.20412 14.3800 0.237234 0.16436 19.48066
6.20412 14.3800 0.237234 0.18212 19.42938
6.20412 14.3800 0.237234 0.19988 19.37741
6.20412 14.3800 0.237234 0.21764 19.31951
6.20412 14.3800 0.237234 0.23540 19.26209
6.20412 14.3800 0.237234 0.25316 19.19957
6.20412 14.3800 0.237234 0.27092 19.13369
6.20412 14.3800 0.237234 0.28869 19.06702
6.20412 14.3800 0.237234 0.30645 18.99178
6.20412 14.3800 0.237234 0.32421 18.92075
6.20412 14.3800 0.237234 0.34197 18.84099
6.20412 14.3800 0.237234 0.35973 18.75944
6.20412 14.3800 0.237234 0.37749 18.67585
6.20412 14.3800 0.237234 0.39525 18.58127
6.20412 14.3800 0.237234 0.41301 18.49503
6.20412 14.3800 0.237234 0.43077 18.39498
6.20412 14.3800 0.237234 0.44853 18.29679
6.20412 14.3800 0.237234 0.46629 18.19338
6.20412 14.3800 0.237234 0.48405 18.07875
6.20412 14.3800 0.237234 0.50181 17.97378
6.20412 14.3800 0.237234 0.51957 17.84958
6.20412 14.3800 0.237234 0.53733 17.73390
6.20412 14.3800 0.237234 0.55509 17.60684
6.20412 14.3800 0.237234 0.57285 17.47060
6.20412 14.3800 0.237234 0.59061 17.34336
6.20412 14.3800 0.237234 0.60837 17.19001
6.20412 14.3800 0.237234 0.62613 17.05628
6.20412 14.3800 0.237234 0.64389 16.90062
6.20412 14.3800 0.237234 0.66165 16.74149
6.20412 14.3800 0.237234 0.67941 16.58728
6.20412 14.3800 0.237234 0.69718 16.39839
6.20412 14.3800 0.237234 0.71494 16.24638
6.20412 14.3800 0.237234 0.73270 16.05553
6.20412 14.3800 0.237234 0.75046 15.87257
6.20412 14.3800 0.237234 0.76822 15.68491
6.20412 14.3800 0.237234 0.78598 15.45679
6.20412 14.3800 0.237234 0.80374 15.28192
6.20412 14.3800 0.237234 0.82150 15.04682
6.20412 14.3800 0.237234 0.83926 14.83910
6.20412 14.3800 0.237234 0.85702 14.60805
6.20412 14.3800 0.237234 0.87478 14.34291
6.20412 14.3800 0.237234 0.89254 14.12900
6.20412 14.3800 0.237234 0.91030 13.83379
6.20412 14.3800 0.237234 0.92806 13.59822
6.20412 14.3800 0.237234 0.94582 13.30483
6.20412 14.3800 0.237234 0.96358 12.99382
6.20412 14.3800 0.237234 0.98134 12.72029
6.20412 14.3800 0.237234 0.99910 12.33165
6.20412 14.3800 0.237234 1.01686 12.06220
6.20412 14.3800 0.237234 1.03462 11.66654
6.20412 14.3800 0.237234 1.05238 11.29626
6.20412 14.3800 0.237234 1.07014 10.92053
6.20412 14.3800 0.237234 1.08790 10.37454
6.20412 14.3800 0.237234 1.10567 10.06999
6.20412 14.3800 0.237234 1.12343 9.49933
6.20412 14.3800 0.237234 1.14119 9.06956
6.20412 14.3800 0.237234 1.15895 8.51198
6.20412 14.3800 0.237234 1.17671 7.76024
6.20412 14.3800 0.237234 1.19447 6.99588
6.20412 14.3800 0.237234 1.21223 4.99167
6.20412 14.3800 0.237234 1.22999 2.90158
6.20412 14.3800 0.237234 1.24775 0.72200
6.20412 14.3800 0.237234 1.26551 -1.55077
6.20412 14.3800 0.237234 1.28327 -3.92063
6.20412 14.3800 0.237234 1.30103 -6.39166
6.20412 14.3800 0.408283 -1.52288 18.66511
6.20412 14.3800 0.408283 -1.50512 18.69872
6.20412 14.3800 0.408283 -1.48736 18.73062
6.20412 14.3800 0.408283 -1.46960 18.76114
6.20412 14.3800 0.408283 -1.45184 18.78979
6.20412 14.3800 0.408283 -1.43408 18.81780
6.20412 14.3800 0.408283 -1.41632 18.84596
6.20412 14.3800 0.408283 -1.39856 18.87027
6.20412 14.3800 0.408283 -1.38080 18.89098
6.20412 14.3800 0.408283 -1.36303 18.91984
6.20412 14.3800 0.408283 -1.34527 18.94973
6.20412 14.3800 0.408283 -1.32751 18.97706
6.20412 14.3800 0.408283 -1.30975 19.00458
6.20412 14.3800 0.408283 -1.29199 19.03253
6.20412 14.3800 0.408283 -1.27423 19.05914
6.20412 14.3800 0.408283 -1.25647 19.08493
6.20412 14.3800 0.408283 -1.23871 19.10946
6.20412 14.3800 0.408283 -1.22095 19.13343
6.20412 14.3800 0.408283 -1.20319 19.15672
6.20412 14.3800 0.408283 -1.18543 19.18192
6.20412 14.3800 0.408283 -1.16767 19.20785
6.20412 14.3800 0.408283 -1.14991 19.23084
6.20412 14.3800 0.408283 -1.13215 19.25379
6.20412 14.3800 0.408283 -1.11439 19.27743
6.20412 14.3800 0.408283 -1.09663 19.30001
6.20412 14.3800 0.408283 -1.07887 19.32179
6.20412 14.3800 0.408283 -1.06111 19.34339
6.20412 14.3800 0.408283 -1.04335 19.36473
6.20412 14.3800 0.408283 -1.02559 19.38555
6.20412 14.3800 0.408283 -1.00783 19.40459
6.20412 14.3800 0.408283 -0.99007 19.42194
6.20412 14.3800 0.408283 -0.97231 19.43900
6.20412 14.3800 0.408283 -0.95454 19.45571
6.20412 14.3800 0.408283 -0.93678 19.47004
6.20412 14.3800 0.408283 -0.91902 19.48333
6.20412 14.3800 0.408283 -0.90126 19.49516
6.20412 14.3800 0.408283 -0.88350 19.50400
6.20412 14.3800 0.408283 -0.86574 19.51164
6.20412 14.3800 0.408283 -0.84798 19.51431
6.20412 14.3800 0.408283 -0.83022 19.51411
6.20412 14.3800 0.408283 -0.81246 19.50804
6.20412 14.3800 0.408283 -0.79470 19.49266
6.20412 14.3800 0.408283 -0.77694 19.47085
6.20412 14.3800 0.408283 -0.75918 19.42689
6.20412 14.3800 0.408283 -0.74142 19.35627
6.20412 14.3800 0.408283 -0.72366 19.23358
6.20412 14.3800 0.408283 -0.70590 19.01042
6.20412 14.3800 0.408283 -0.68814 19.11217
6.20412 14.3800 0.408283 -0.67038 19.30446
6.20412 14.3800 0.408283 -0.65262 19.43440
6.20412 14.3800 0.408283 -0.63486 19.52507
6.20412 14.3800 0.408283 -0.61710 19.59614
6.20412 14.3800 0.408283 -0.59934 19.65402
6.20412 14.3800 0.408283 -0.58158 19.70109
6.20412 14.3800 0.408283 -0.56382 19.74332
6.20412 14.3800 0.408283 -0.54605 19.77921
6.20412 14.3800 0.408283 -0.52829 19.81222
6.20412 14.3800 0.408283 -0.51053 19.84222
6.20412 14.3800 0.408283 -0.49277 19.86937
6.20412 14.3800 0.408283 -0.47501 19.89513
6.20412 14.3800 0.408283 -0.45725 19.91811
6.20412 14.3800 0.408283 -0.43949 19.93983
6.20412 14.3800 0.408283 -0.42173 19.95954
6.20412 14.3800 0.408283 -0.40397 19.97745
6.20412 14.3800 0.408283 -0.38621 19.99448
6.20412 14.3800 0.408283 -0.36845 20.00903
6.20412 14.3800 0.408283 -0.35069 20.02286
6.20412 14.3800 0.408283 -0.33293 20.03488
6.20412 14.3800 0.408283 -0.31517 20.04544
6.20412 14.3800 0.408283 -0.29741 20.05500
6.20412 14.3800 0.408283 -0.27965 20.06220
6.20412 14.3800 0.408283 -0.26189 20.06870
6.20412 14.3800 0.408283 -0.24413 20.07309
6.20412 14.3800 0.408283 -0.22637 20.07616
6.20412 14.3800 0.408283 -0.20861 20.07785
6.20412 14.3800 0.408283 -0.19085 20.07741
6.20412 14.3800 0.408283 -0.17309 20.07612
6.20412 14.3800 0.408283 -0.15533 20.07230
6.20412 14.3800 0.408283 -0.13757 20.06725
6.20412 14.3800 0.408283 -0.11980 20.06047
6.20412 14.3800 0.408283 -0.10204 20.05159
6.20412 14.3800 0.408283 -0.08428 20.04141
6.20412 14.3800 0.408283 -0.06652 20.02866
6.20412 14.3800 0.408283 -0.04876 20.01447
6.20412 14.3800 0.408283 -0.03100 19.99820
6.20412 14.3800 0.408283 -0.01324 19.97995
6.20412 14.3800 0.408283 0.00452 19.95974
6.20412 14.3800 0.408283 0.02228 19.93736
6.20412 14.3800 0.408283 0.04004 19.91288
6.20412 14.3800 0.408283 0.05780 19.88619
6.20412 14.3800 0.408283 0.07556 19.85738
6.20412 14.3800 0.408283 0.09332 19.82587
6.20412 14.3800 0.408283 0.11108 19.79278
6.20412 14.3800 0.408283 0.12884 19.75647
6.20412 14.3800 0.408283 0.14660 19.71847
6.20412 14.3800 0.408283 0.16436 19.67771
6.20412 14.3800 0.408283 0.18212 19.63373
6.20412 14.3800 0.408283 0.19988 19.58863
6.20412 14.3800 0.408283 0.21764 19.53868
6.20412 14.3800 0.408283 0.23540 19.48847
6.20412 14.3800 0.408283 0.25316 19.43398
6.20412 14.3800 0.408283 0.27092 19.37633
6.20412 14.3800 0.408283 0.28869 19.31758
6.20412 14.3800 0.408283 0.30645 19.25175
6.20412 14.3800 0.408283 0.32421 19.18851
6.20412 14.3800 0.408283 0.34197 19.11805
6.20412 14.3800 0.408283 0.35973 19.04555
6.20412 14.3800 0.408283 0.37749 18.97098
6.20412 14.3800 0.408283 0.39525 18.88711
6.20412 14.3800 0.408283 0.41301 18.80926
6.20412 14.3800 0.408283 0.43077 18.71990
6.20412 14.3800 0.408283 0.44853 18.63130
6.20412 14.3800 0.408283 0.46629 18.53806
6.20412 14.3800 0.408283 0.48405 18.43497
6.20412 14.3800 0.408283 0.50181 18.33918
6.20412 14.3800 0.408283 0.51957 18.22705
6.20412 14.3800 0.408283 0.53733 18.12106
6.20412 14.3800 0.408283 0.55509 18.00523
6.20412 14.3800 0.408283 0.57285 17.88073
6.20412 14.3800 0.408283 0.59061 17.76323
6.20412 14.3800 0.408283 0.60837 17.62290
6.20412 14.3800 0.408283 0.62613 17.49814
6.20412 14.3800 0.408283 0.64389 17.35415
6.20412 14.3800 0.408283 0.66165 17.20575
6.20412 14.3800 0.408283 0.67941 17.06106
6.20412 14.3800 0.408283 0.69718 16.88473
6.20412 14.3800 0.408283 0.71494 16.73957
6.20412 14.3800 0.408283 0.73270 16.55907
6.20412 14.3800 0.408283 0.75046 16.38367
6.20412 14.3800 0.408283 0.76822 16.20330
6.20412 14.3800 0.408283 0.78598 15.98345
6.20412 14.3800 0.408283 0.80374 15.81178
6.20412 14.3800 0.408283 0.82150 15.58182
6.20412 14.3800 0.408283 0.83926 15.37575
6.20412 14.3800 0.408283 0.85702 15.14599
6.20412 14.3800 0.408283 0.87478 14.87983
6.20412 14.3800 0.408283 0.89254 14.66374
6.20412 14.3800 0.408283 0.91030 14.36309
6.20412 14.3800 0.408283 0.92806 14.12254
6.20412 14.3800 0.408283 0.94582 13.82032
6.20412 14.3800 0.408283 0.96358 13.49883
6.20412 14.3800 0.408283 0.98134 13.21595
6.20412 14.3800 0.408283 0.99910 12.80952
6.20412 14.3800 0.408283 1.01686 12.53254
6.20412 14.3800 0.408283 1.03462 12.11836
6.20412 14.3800 0.408283 1.05238 11.73564
6.20412 14.3800 0.408283 1.07014 11.34450
6.20412 14.3800 0.408283 1.08790 10.77512
6.20412 14.3800 0.408283 1.10567 10.46570
6.20412 14.3800 0.408283 1.12343 9.87392
6.20412 14.3800 0.408283 1.14119 9.43715
6.20412 14.3800 0.408283 1.15895 8.86283
6.20412 14.3800 0.408283 1.17671 8.09433
6.20412 14.3800 0.408283 1.19447 6.99588
6.20412 14.3800 0.408283 1.21223 4.99167
6.20412 14.3800 0.408283 1.22999 2.90158
6.20412 14.3800 0.408283 1.24775 0.72200
6.20412 14.3800 0.408283 1.26551 -1.55077
6.20412 14.3800 0.408283 1.28327 -3.92063
6.20412 14.3800 0.408283 1.30103 -6.39166
6.20412 14.3800 0.591717 -1.52288 18.71015
6.20412 14.3800 0.591717 -1.50512 18.71237
6.20412 14.3800 0.591717 -1.48736 18.73727
6.20412 14.3800 0.591717 -1.46960 18.77769
6.20412 14.3800 0.591717 -1.45184 18.81622
6.20412 14.3800 0.591717 -1.43408 18.85147
6.20412 14.3800 0.591717 -1.41632 18.87865
6.20412 14.3800 0.591717 -1.39856 18.90291
6.20412 14.3800 0.591717 -1.38080 18.92444
6.20412 14.3800 0.591717 -1.36303 18.95152
6.20412 14.3800 0.591717 -1.34527 18.97940
6.20412 14.3800 0.591717 -1.32751 19.00668
6.20412 14.3800 0.591717 -1.30975 19.03262
6.20412 14.3800 0.591717 -1.29199 19.05705
6.20412 14.3800 0.591717 -1.27423 19.08717
6.20412 14.3800 0.591717 -1.25647 19.11846
6.20412 14.3800 0.591717 -1.23871 19.14264
6.20412 14.3800 0.591717 -1.22095 19.16635
6.20412 14.3800 0.591717 -1.20319 19.18952
6.20412 14.3800 0.591717 -1.18543 19.21248
6.20412 14.3800 0.591717 -1.16767 19.23520
6.20412 14.3800 0.591717 -1.14991 19.25872
6.20412 14.3800 0.591717 -1.13215 19.28222
6.20412 14.3800 0.591717 -1.11439 19.30605
6.20412 14.3800 0.591717 -1.09663 19.32908
6.20412 14.3800 0.591717 -1.07887 19.35150
6.20412 14.3800 0.591717 -1.06111 19.37157
6.20412 14.3800 0.591717 -1.04335 19.39139
6.20412 14.3800 0.591717 -1.02559 19.41171
6.20412 14.3800 0.591717 -1.00783 19.43162
6.20412 14.3800 0.591717 -0.99007 19.45117
6.20412 14.3800 0.591717 -0.97231 19.46694
6.20412 14.3800 0.591717 -0.95454 19.48187
6.20412 14.3800 0.591717 -0.93678 19.49681
6.20412 14.3800 0.591717 -0.91902 19.51036
6.20412 14.3800 0.591717 -0.90126 19.52197
6.20412 14.3800 0.591717 -0.88350 19.53105
6.20412 14.3800 0.591717 -0.86574 19.53912
6.20412 14.3800 0.591717 -0.84798 19.54203
6.20412 14.3800 0.591717 -0.83022 19.54236
6.20412 14.3800 0.591717 -0.81246 19.53739
6.20412 14.3800 0.591717 -0.79470 19.52357
6.20412 14.3800 0.591717 -0.77694 19.50375
6.20412 14.3800 0.591717 -0.75918 19.46251
6.20412 14.3800 0.591717 -0.74142 19.39471
6.20412 14.3800 0.591717 -0.72366 19.27261
6.20412 14.3800 0.591717 -0.70590 19.04582
6.20412 14.3800 0.591717 -0.68814 19.15026
6.20412 14.3800 0.591717 -0.67038 19.34506
6.20412 14.3800 0.591717 -0.65262 19.47301
6.20412 14.3800 0.591717 -0.63486 19.56023
6.20412 14.3800 0.591717 -0.61710 19.62866
6.20412 14.3800 0.591717 -0.59934 19.68438
6.20412 14.3800 0.591717 -0.58158 19.72985
6.20412 14.3800 0.591717 -0.56382 19.77081
6.20412 14.3800 0.591717 -0.54605 19.80594
6.20412 14.3800 0.591717 -0.52829 19.83835
6.20412 14.3800 0.591717 -0.51053 19.86789
6.20412 14.3800 0.591717 -0.49277 19.89478
6.20412 14.3800 0.591717 -0.47501 19.92036
6.20412 14.3800 0.591717 -0.45725 19.94315
6.20412 14.3800 0.591717 -0.43949 19.96476
6.20412 14.3800 0.591717 -0.42173 19.98447
6.20412 14.3800 0.591717 -0.40397 20.00259
6.20412 14.3800 0.591717 -0.38621 20.01992
6.20412 14.3800 0.591717 -0.36845 20.03480
6.20412 14.3800 0.591717 -0.35069 20.04896
6.20412 14.3800 0.591717 -0.33293 20.06132
6.20412 14.3800 0.591717 -0.31517 20.07224
6.20412 14.3800 0.591717 -0.29741 20.08217
6.20412 14.3800 0.591717 -0.27965 20.09000
6.20412 14.3800 0.591717 -0.26189 20.09716
6.20412 14.3800 0.591717 -0.24413 20.10217
6.20412 14.3800 0.591717 -0.22637 20.10590
6.20412 14.3800 0.591717 -0.20861 20.10833
6.20412 14.3800 0.591717 -0.19085 20.10864
6.20412 14.3800 0.591717 -0.17309 20.10814
6.20412 14.3800 0.591717 -0.15533 20.10528
6.20412 14.3800 0.591717 -0.13757 20.10117
6.20412 14.3800 0.591717 -0.11980 20.09532
6.20412 14.3800 0.591717 -0.10204 20.08747
6.20412 14.3800 0.591717 -0.08428 20.07842
6.20412 14.3800 0.591717 -0.06652 20.06688
6.20412 14.3800 0.591717 -0.04876 20.05395
6.20412 14.3800 0.591717 -0.03100 20.03891
6.20412 14.3800 0.591717 -0.01324 20.02194
6.20412 14.3800 0.591717 0.00452 20.00311
6.20412 14.3800 0.591717 0.02228 19.98208
6.20412 14.3800 0.591717 0.04004 19.95906
6.20412 14.3800 0.591717 0.05780 19.93387
6.20412 14.3800 0.591717 0.07556 19.90663
6.20412 14.3800 0.591717 0.09332 19.87681
6.20412 14.3800 0.591717 0.11108 19.84536
6.20412 14.3800 0.591717 0.12884 19.81088
6.20412 14.3800 0.591717 0.14660 19.77463
6.20412 14.3800 0.591717 0.16436 19.73572
6.20412 14.3800 0.591717 0.18212 19.69373
6.20412 14.3800 0.591717 0.19988 19.65052
6.20412 14.3800 0.591717 0.21764 19.60275
6.20412 14.3800 0.591717 0.23540 19.55453
6.20412 14.3800 0.591717 0.25316 19.50223
6.20412 14.3800 0.591717 0.27092 19.44684
6.20412 14.3800 0.591717 0.28869 19.39026
6.20412 14.3800 0.591717 0.30645 19.32698
6.20412 14.3800 0.591717 0.32421 19.26591
6.20412 14.3800 0.591717 0.34197 19.19802
6.20412 14.3800 0.591717 0.35973 19.12801
6.20412 14.3800 0.591717 0.37749 19.05594
6.20412 14.3800 0.591717 0.39525 18.97504
6.20412 14.3800 0.591717 0.41301 18.89955
6.20412 14.3800 0.591717 0.43077 18.81317
6.20412 14.3800 0.591717 0.44853 18.72727
6.20412 14.3800 0.591717 0.46629 18.63690
6.20412 14.3800 0.591717 0.48405 18.53706
6.20412 14.3800 0.591717 0.50181 18.44391
6.20412 14.3800 0.591717 0.51957 18.33523
6.20412 14.3800 0.591717 0.53733 18.23208
6.20412 14.3800 0.591717 0.55509 18.11952
6.20412 14.3800 0.591717 0.57285 17.99850
6.20412 14.3800 0.591717 0.59061 17.88395
6.20412 14.3800 0.591717 0.60837 17.74756
6.20412 14.3800 0.591717 0.62613 17.62566
6.20412 14.3800 0.591717 0.64389 17.48539
6.20412 14.3800 0.591717 0.66165 17.34056
6.20412 14.3800 0.591717 0.67941 17.19915
6.20412 14.3800 0.591717 0.69718 17.02726
6.20412 14.3800 0.591717 0.71494 16.88481
6.20412 14.3800 0.591717 0.73270 16.70843
6.20412 14.3800 0.591717 0.75046 16.53645
6.20412 14.3800 0.591717 0.76822 16.35963
6.20412 14.3800 0.591717 0.78598 16.14437
6.20412 14.3800 0.591717 0.80374 15.97518
6.20412 14.3800 0.591717 0.82150 15.74953
6.20412 14.3800 0.591717 0.83926 15.54635
6.20412 14.3800 0.591717 0.85702 15.32015
6.20412 14.3800 0.591717 0.87478 15.05784
6.20412 14.3800 0.591717 0.89254 14.84404
6.20412 14.3800 0.591717 0.91030 14.54726
6.20412 14.3800 0.591717 0.92806 14.30851
6.20412 14.3800 0.591717 0.94582 14.00920
6.20412 14.3800 0.591717 0.96358 13.68988
6.20412 14.3800 0.591717 0.98134 13.40855
6.20412 14.3800 0.591717 0.99910 13.00419
6.20412 14.3800 0.591717 1.01686 12.72758
6.20412 14.3800 0.591717 1.03462 12.31424
6.20412 14.3800 0.591717 1.05238 11.93142
6.20412 14.3800 0.591717 1.07014 11.53995
6.20412 14.3800 0.591717 1.08790 10.96894
6.20412 14.3800 0.591717 1.10567 10.65887
6.20412 14.3800 0.591717 1.12343 10.06413
6.20412 14.3800 0.591717 1.14119 9.62587
6.20412 14.3800 0.591717 1.15895 9.04778
6.20412 14.3800 0.591717 1.17671 8.27409
6.20412 14.3800 0.591717 1.19447 6.99588
6.20412 14.3800 0.591717 1.21223 4.99167
6.20412 14.3800 0.591717 1.22999 2.90158
6.20412 14.3800 0.591717 1.24775 0.72200
6.20412 14.3800 0.591717 1.26551 -1.55077
6.20412 14.3800 0.591717 1.28327 -3.92063
6.20412 14.3800 0.591717 1.30103 -6.39166
6.20412 14.3800 0.762766 -1.52288 18.73621
6.20412 14.3800 0.762766 -1.50512 18.75281
6.20412 14.3800 0.762766 -1.48736 18.77956
6.20412 14.3800 0.762766 -1.46960 18.81303
6.20412 14.3800 0.762766 -1.45184 18.83789
6.20412 14.3800 0.762766 -1.43408 18.86264
6.20412 14.3800 0.762766 -1.41632 18.89265
6.20412 14.3800 0.762766 -1.39856 18.92334
6.20412 14.3800 0.762766 -1.38080 18.95462
6.20412 14.3800 0.762766 -1.36303 18.98980
6.20412 14.3800 0.762766 -1.34527 19.02334
6.20412 14.3800 0.762766 -1.32751 19.04422
6.20412 14.3800 0.762766 -1.30975 19.06332
6.20412 14.3800 0.762766 -1.29199 19.08011
6.20412 14.3800 0.762766 -1.27423 19.10990
6.20412 14.3800 0.762766 -1.25647 19.14306
6.20412 14.3800 0.762766 -1.23871 19.16028
6.20412 14.3800 0.762766 -1.22095 19.17993
6.20412 14.3800 0.762766 -1.20319 19.20406
6.20412 14.3800 0.762766 -1.18543 19.23200
6.20412 14.3800 0.762766 -1.16767 19.26146
6.20412 14.3800 0.762766 -1.14991 19.28106
6.20412 14.3800 0.762766 -1.13215 19.30180
6.20412 14.3800 0.762766 -1.11439 19.32684
6.20412 14.3800 0.762766 -1.09663 19.34888
6.20412 14.3800 0.762766 -1.07887 19.36879
6.20412 14.3800 0.762766 -1.06111 19.38839
6.20412 14.3800 0.762766 -1.04335 19.40826
6.20412 14.3800 0.762766 -1.02559 19.42962
6.20412 14.3800 0.762766 -1.00783 19.44804
6.20412 14.3800 0.762766 -0.99007 19.46365
6.20412 14.3800 0.762766 -0.97231 19.47967
6.20412 14.3800 0.762766 -0.95454 19.49558
6.20412 14.3800 0.762766 -0.93678 19.50957
6.20412 14.3800 0.762766 -0.91902 19.52268
6.20412 14.3800 0.762766 -0.90126 19.53454
6.20412 14.3800 0.762766 -0.88350 19.54299
6.20412 14.3800 0.762766 -0.86574 19.55010
6.20412 14.3800 0.762766 -0.84798 19.55284
6.20412 14.3800 0.762766 -0.83022 19.55294
6.20412 14.3800 0.762766 -0.81246 19.54763
6.20412 14.3800 0.762766 -0.79470 19.53361
6.20412 14.3800 0.762766 -0.77694 19.51364
6.20412 14.3800 0.762766 -0.75918 19.47267
6.20412 14.3800 0.762766 -0.74142 19.40599
6.20412 14.3800 0.762766 -0.72366 19.28763
6.20412 14.3800 0.762766 -0.70590 19.07393
6.20412 14.3800 0.762766 -0.68814 19.17134
6.20412 14.3800 0.762766 -0.67038 19.35480
6.20412 14.3800 0.762766 -0.65262 19.47739
6.20412 14.3800 0.762766 -0.63486 19.56166
6.20412 14.3800 0.762766 -0.61710 19.62796
6.20412 14.3800 0.762766 -0.59934 19.68196
6.20412 14.3800 0.762766 -0.58158 19.72586
6.20412 14.3800 0.762766 -0.56382 19.76538
6.20412 14.3800 0.762766 -0.54605 19.79888
6.20412 14.3800 0.762766 -0.52829 19.82988
6.20412 14.3800 0.762766 -0.51053 19.85819
6.20412 14.3800 0.762766 -0.49277 19.88354
6.20412 14.3800 0.762766 -0.47501 19.90755
6.20412 14.3800 0.762766 -0.45725 19.92895
6.20412 14.3800 0.762766 -0.43949 19.94917
6.20412 14.3800 0.762766 -0.42173 19.96744
6.20412 14.3800 0.762766 -0.40397 19.98406
6.20412 14.3800 0.762766 -0.38621 19.99988
6.20412 14.3800 0.762766 -0.36845 20.01340
6.20412 14.3800 0.762766 -0.35069 20.02619
6.20412 14.3800 0.762766 -0.33293 20.03705
6.20412 14.3800 0.762766 -0.31517 20.04650
6.20412 14.3800 0.762766 -0.29741 20.05499
6.20412 14.3800 0.762766 -0.27965 20.06120
6.20412 14.3800 0.762766 -0.26189 20.06671
6.20412 14.3800 0.762766 -0.24413 20.07011
6.20412 14.3800 0.762766 -0.22637 20.07223
6.20412 14.3800 0.762766 -0.20861 20.07302
6.20412 14.3800 0.762766 -0.19085 20.07162
6.20412 14.3800 0.762766 -0.17309 20.06934
6.20412 14.3800 0.762766 -0.15533 20.06466
6.20412 14.3800 0.762766 -0.13757 20.05868
6.20412 14.3800 0.762766 -0.11980 20.05088
6.20412 14.3800 0.762766 -0.10204 20.04107
6.20412 14.3800 0.762766 -0.08428 20.02996
6.20412 14.3800 0.762766 -0.06652 20.01632
6.20412 14.3800 0.762766 -0.04876 20.00118
6.20412 14.3800 0.762766 -0.03100 19.98391
6.20412 14.3800 0.762766 -0.01324 19.96466
6.20412 14.3800 0.762766 0.00452 19.94336
6.20412 14.3800 0.762766 0.02228 19.91998
6.20412 14.3800 0.762766 0.04004 19.89441
6.20412 14.3800 0.762766 0.05780 19.86667
6.20412 14.3800 0.762766 0.07556 19.83678
6.20412 14.3800 0.762766 0.09332 19.80411
6.20412 14.3800 0.762766 0.11108 19.76993
6.20412 14.3800 0.762766 0.12884 19.73239
6.20412 14.3800 0.762766 0.14660 19.69322
6.20412 14.3800 0.762766 0.16436 19.65123
6.20412 14.3800 0.762766 0.18212 19.60597
6.20412 14.3800 0.762766 0.19988 19.55967
6.20412 14.3800 0.762766 0.21764 19.50836
6.20412 14.3800 0.762766 0.23540 19.45690
6.20412 14.3800 0.762766 0.25316 19.40101
6.20412 14.3800 0.762766 0.27092 19.34194
6.20412 14.3800 0.762766 0.28869 19.28181
6.20412 14.3800 0.762766 0.30645 19.21438
6.20412 14.3800 0.762766 0.32421 19.14978
6.20412 14.3800 0.762766 0.34197 19.07773
6.20412 14.3800 0.762766 0.35973 19.00366
6.20412 14.3800 0.762766 0.37749 18.92752
6.20412 14.3800 0.762766 0.39525 18.84180
6.20412 14.3800 0.762766 0.41301 18.76245
6.20412 14.3800 0.762766 0.43077 18.67120
6.20412 14.3800 0.762766 0.44853 18.58087
6.20412 14.3800 0.762766 0.46629 18.48578
6.20412 14.3800 0.762766 0.48405 18.38057
6.20412 14.3800 0.762766 0.50181 18.28302
6.20412 14.3800 0.762766 0.51957 18.16859
6.20412 14.3800 0.762766 0.53733 18.06065
6.20412 14.3800 0.762766 0.55509 17.94254
6.20412 14.3800 0.762766 0.57285 17.81556
6.20412 14.3800 0.762766 0.59061 17.69590
6.20412 14.3800 0.762766 0.60837 17.55262
6.20412 14.3800 0.762766 0.62613 17.42563
6.20412 14.3800 0.762766 0.64389 17.27869
6.20412 14.3800 0.762766 0.66165 17.12733
6.20412 14.3800 0.762766 0.67941 16.97980
6.20412 14.3800 0.762766 0.69718 16.79948
6.20412 14.3800 0.762766 0.71494 16.65169
6.20412 14.3800 0.762766 0.73270 16.46710
6.20412 14.3800 0.762766 0.75046 16.28804
6.20412 14.3800 0.762766 0.76822 16.10368
6.20412 14.3800 0.762766 0.78598 15.87830
6.20412 14.3800 0.762766 0.80374 15.70330
6.20412 14.3800 0.762766 0.82150 15.46733
6.20412 14.3800 0.762766 0.83926 15.25674
6.20412 14.3800 0.762766 0.85702 15.02102
6.20412 14.3800 0.762766 0.87478 14.74760
6.20412 14.3800 0.762766 0.89254 14.52661
6.20412 14.3800 0.762766 0.91030 14.21684
6.20412 14.3800 0.762766 0.92806 13.97102
6.20412 14.3800 0.762766 0.94582 13.65972
6.20412 14.3800 0.762766 0.96358 13.32944
6.20412 14.3800 0.762766 0.98134 13.03914
6.20412 14.3800 0.762766 0.99910 12.61945
6.20412 14.3800 0.762766 1.01686 12.33741
6.20412 14.3800 0.762766 1.03462 11.91025
6.20412 14.3800 0.762766 1.05238 11.51925
6.20412 14.3800 0.762766 1.07014 11.11752
6.20412 14.3800 0.762766 1.08790 10.53219
6.20412 14.3800 0.762766 1.10567 10.21961
6.20412 14.3800 0.762766 1.12343 9.61343
6.20412 14.3800 0.762766 1.14119 9.17218
6.20412 14.3800 0.762766 1.15895 8.58676
6.20412 14.3800 0.762766 1.17671 7.80823
6.20412 14.3800 0.762766 1.19447 6.99588
6.20412 14.3800 0.762766 1.21223 4.99167
6.20412 14.3800 0.762766 1.22999 2.90158
6.20412 14.3800 0.762766 1.24775 0.72200
6.20412 14.3800 0.762766 1.26551 -1.55077
6.20412 14.3800 0.762766 1.28327 -3.92063
6.20412 14.3800 0.762766 1.30103 -6.39166
6.20412 14.3800 0.898333 -1.52288 18.72396
6.20412 14.3800 0.898333 -1.50512 18.76382
6.20412 14.3800 0.898333 -1.48736 18.79883
6.20412 14.3800 0.898333 -1.46960 18.83039
6.20412 14.3800 0.898333 -1.45184 18.86326
6.20412 14.3800 0.898333 -1.43408 18.89191
6.20412 14.3800 0.898333 -1.41632 18.90492
6.20412 14.3800 0.898333 -1.39856 18.92970
6.20412 14.3800 0.898333 -1.38080 18.96541
6.20412 14.3800 0.898333 -1.36303 19.00112
6.20412 14.3800 0.898333 -1.34527 19.03408
6.20412 14.3800 0.898333 -1.32751 19.05233
6.20412 14.3800 0.898333 -1.30975 19.07286
6.20412 14.3800 0.898333 -1.29199 19.09639
6.20412 14.3800 0.898333 -1.27423 19.12499
6.20412 14.3800 0.898333 -1.25647 19.15476
6.20412 14.3800 0.898333 -1.23871 19.18097
6.20412 14.3800 0.898333 -1.22095 19.20406
6.20412 14.3800 0.898333 -1.20319 19.22188
6.20412 14.3800 0.898333 -1.18543 19.24379
6.20412 14.3800 0.898333 -1.16767 19.26765
6.20412 14.3800 0.898333 -1.14991 19.28636
6.20412 14.3800 0.898333 -1.13215 19.30709
6.20412 14.3800 0.898333 -1.11439 19.33387
6.20412 14.3800 0.898333 -1.09663 19.35584
6.20412 14.3800 0.898333 -1.07887 19.37446
6.20412 14.3800 0.898333 -1.06111 19.39278
6.20412 14.3800 0.898333 -1.04335 19.41114
6.20412 14.3800 0.898333 -1.02559 19.42983
6.20412 14.3800 0.898333 -1.00783 19.44637
6.20412 14.3800 0.898333 -0.99007 19.46082
6.20412 14.3800 0.898333 -0.97231 19.47633
6.20412 14.3800 0.898333 -0.95454 19.49173
6.20412 14.3800 0.898333 -0.93678 19.50398
6.20412 14.3800 0.898333 -0.91902 19.51532
6.20412 14.3800 0.898333 -0.90126 19.52537
6.20412 14.3800 0.898333 -0.88350 19.53249
6.20412 14.3800 0.898333 -0.86574 19.53842
6.20412 14.3800 0.898333 -0.84798 19.53954
6.20412 14.3800 0.898333 -0.83022 19.53793
6.20412 14.3800 0.898333 -0.81246 19.53073
6.20412 14.3800 0.898333 -0.79470 19.51440
6.20412 14.3800 0.898333 -0.77694 19.49165
6.20412 14.3800 0.898333 -0.75918 19.44836
6.20412 14.3800 0.898333 -0.74142 19.38179
6.20412 14.3800 0.898333 -0.72366 19.27445
6.20412 14.3800 0.898333 -0.70590 19.09888
6.20412 14.3800 0.898333 -0.68814 19.17549
6.20412 14.3800 0.898333 -0.67038 19.32634
6.20412 14.3800 0.898333 -0.65262 19.43566
6.20412 14.3800 0.898333 -0.63486 19.51553
6.20412 14.3800 0.898333 -0.61710 19.57928
6.20412 14.3800 0.898333 -0.59934 19.63177
6.20412 14.3800 0.898333 -0.58158 19.67395
6.20412 14.3800 0.898333 -0.56382 19.71179
6.20412 14.3800 0.898333 -0.54605 19.74315
6.20412 14.3800 0.898333 -0.52829 19.77174
6.20412 14.3800 0.898333 -0.51053 19.79723
6.20412 14.3800 0.898333 -0.49277 19.81981
6.20412 14.3800 0.898333 -0.47501 19.84111
6.20412 14.3800 0.898333 -0.45725 19.85908
6.20412 14.3800 0.898333 -0.43949 19.87601
6.20412 14.3800 0.898333 -0.42173 19.89105
6.20412 14.3800 0.898333 -0.40397 19.90422
6.20412 14.3800 0.898333 -0.38621 19.91649
6.20412 14.3800 0.898333 -0.36845 19.92613
6.20412 14.3800 0.898333 -0.35069 19.93505
6.20412 14.3800 0.898333 -0.33293 19.94197
6.20412 14.3800 0.898333 -0.31517 19.94738
6.20412 14.3800 0.898333 -0.29741 19.95170
6.20412 14.3800 0.898333 -0.27965 19.95357
6.20412 14.3800 0.898333 -0.26189 19.95462
6.20412 14.3800 0.898333 -0.24413 19.95335
6.20412 14.3800 0.898333 -0.22637 19.95066
6.20412 14.3800 0.898333 -0.20861 19.94645
6.20412 14.3800 0.898333 -0.19085 19.93991
6.20412 14.3800 0.898333 -0.17309 19.93221
6.20412 14.3800 0.898333 -0.15533 19.92194
6.20412 14.3800 0.898333 -0.13757 19.91016
6.20412 14.3800 0.898333 -0.11980 19.89637
6.20412 14.3800 0.898333 -0.10204 19.88040
6.20412 14.3800 0.898333 -0.08428 19.86264
6.20412 14.3800 0.898333 -0.06652 19.84243
6.20412 14.3800 0.898333 -0.04876 19.82026
6.20412 14.3800 0.898333 -0.03100 19.79575
6.20412 14.3800 0.898333 -0.01324 19.76911
6.20412 14.3800 0.898333 0.00452 19.73977
6.20412 14.3800 0.898333 0.02228 19.70869
6.20412 14.3800 0.898333 0.04004 19.67462
6.20412 14.3800 0.898333 0.05780 19.63836
6.20412 14.3800 0.898333 0.07556 19.59967
6.20412 14.3800 0.898333 0.09332 19.55743
6.20412 14.3800 0.898333 0.11108 19.51428
6.20412 14.3800 0.898333 0.12884 19.46656
6.20412 14.3800 0.898333 0.14660 19.41765
6.20412 14.3800 0.898333 0.16436 19.36526
6.20412 14.3800 0.898333 0.18212 19.30890
6.20412 14.3800 0.898333 0.19988 19.25218
6.20412 14.3800 0.898333 0.21764 19.18870
6.20412 14.3800 0.898333 0.23540 19.12636
6.20412 14.3800 0.898333 0.25316 19.05825
6.20412 14.3800 0.898333 0.27092 18.98663
6.20412 14.3800 0.898333 0.28869 18.91447
6.20412 14.3800 0.898333 0.30645 18.83262
6.20412 14.3800 0.898333 0.32421 18.75616
6.20412 14.3800 0.898333 0.34197 18.66978
6.20412 14.3800 0.898333 0.35973 18.58183
6.20412 14.3800 0.898333 0.37749 18.49179
6.20412 14.3800 0.898333 0.39525 18.38940
6.20412 14.3800 0.898333 0.41301 18.29710
6.20412 14.3800 0.898333 0.43077 18.18909
6.20412 14.3800 0.898333 0.44853 18.08374
6.20412 14.3800 0.898333 0.46629 17.97256
6.20412 14.3800 0.898333 0.48405 17.84894
6.20412 14.3800 0.898333 0.50181 17.73671
6.20412 14.3800 0.898333 0.51957 17.60264
6.20412 14.3800 0.898333 0.53733 17.47888
6.20412 14.3800 0.898333 0.55509 17.34209
6.20412 14.3800 0.898333 0.57285 17.19528
6.20412 14.3800 0.898333 0.59061 17.05892
6.20412 14.3800 0.898333 0.60837 16.89275
6.20412 14.3800 0.898333 0.62613 16.74970
6.20412 14.3800 0.898333 0.64389 16.58120
6.20412 14.3800 0.898333 0.66165 16.40937
6.20412 14.3800 0.898333 0.67941 16.24301
6.20412 14.3800 0.898333 0.69718 16.03668
6.20412 14.3800 0.898333 0.71494 15.87380
6.20412 14.3800 0.898333 0.73270 15.66527
6.20412 14.3800 0.898333 0.75046 15.46710
6.20412 14.3800 0.898333 0.76822 15.26274
6.20412 14.3800 0.898333 0.78598 15.01171
6.20412 14.3800 0.898333 0.80374 14.82404
6.20412 14.3800 0.898333 0.82150 14.56533
6.20412 14.3800 0.898333 0.83926 14.34131
6.20412 14.3800 0.898333 0.85702 14.08904
6.20412 14.3800 0.898333 0.87478 13.80014
6.20412 14.3800 0.898333 0.89254 13.57170
6.20412 14.3800 0.898333 0.91030 13.25120
6.20412 14.3800 0.898333 0.92806 13.00365
6.20412 14.3800 0.898333 0.94582 12.69069
6.20412 14.3800 0.898333 0.96358 12.36484
6.20412 14.3800 0.898333 0.98134 12.08060
6.20412 14.3800 0.898333 0.99910 11.67745
6.20412 14.3800 0.898333 1.01686 11.40481
6.20412 14.3800 0.898333 1.03462 11.00196
6.20412 14.3800 0.898333 1.05238 10.63032
6.20412 14.3800 0.898333 1.07014 10.25382
6.20412 14.3800 0.898333 1.08790 9.71152
6.20412 14.3800 0.898333 1.10567 9.40907
6.20412 14.3800 0.898333 1.12343 8.84741
6.20412 14.3800 0.898333 1.14119 8.42279
6.20412 14.3800 0.898333 1.15895 7.87755
6.20412 14.3800 0.898333 1.17671 7.14429
6.20412 14.3800 0.898333 1.19447 6.77654
6.20412 14.3800 0.898333 1.21223 4.99167
6.20412 14.3800 0.898333 1.22999 2.90158
6.20412 14.3800 0.898333 1.24775 0.72200
6.20412 14.3800 0.898333 1.26551 -1.55077
6.20412 14.3800 0.898333 1.28327 -3.92063
6.20412 14.3800 0.898333 1.30103 -6.39166
6.20412 14.3800 0.980145 -1.52288 18.73962
6.20412 14.3800 0.980145 -1.50512 18.80098
6.20412 14.3800 0.980145 -1.48736 18.83900
6.20412 14.3800 0.980145 -1.46960 18.86212
6.20412 14.3800 0.980145 -1.45184 18.88625
6.20412 14.3800 0.980145 -1.43408 18.90806
6.20412 14.3800 0.980145 -1.41632 18.92018
6.20412 14.3800 0.980145 -1.39856 18.94195
6.20412 14.3800 0.980145 -1.38080 18.97285
6.20412 14.3800 0.980145 -1.36303 19.00426
6.20412 14.3800 0.980145 -1.34527 19.03390
6.20412 14.3800 0.980145 -1.32751 19.05345
6.20412 14.3800 0.980145 -1.30975 19.07485
6.20412 14.3800 0.980145 -1.29199 19.09870
6.20412 14.3800 0.980145 -1.27423 19.12415
6.20412 14.3800 0.980145 -1.25647 19.14963
6.20412 14.3800 0.980145 -1.23871 19.16761
6.20412 14.3800 0.980145 -1.22095 19.18712
6.20412 14.3800 0.980145 -1.20319 19.20945
6.20412 14.3800 0.980145 -1.18543 19.22962
6.20412 14.3800 0.980145 -1.16767 19.24866
6.20412 14.3800 0.980145 -1.14991 19.26504
6.20412 14.3800 0.980145 -1.13215 19.28206
6.20412 14.3800 0.980145 -1.11439 19.30106
6.20412 14.3800 0.980145 -1.09663 19.31800
6.20412 14.3800 0.980145 -1.07887 19.33347
6.20412 14.3800 0.980145 -1.06111 19.35028
6.20412 14.3800 0.980145 -1.04335 19.36688
6.20412 14.3800 0.980145 -1.02559 19.38170
6.20412 14.3800 0.980145 -1.00783 19.39668
6.20412 14.3800 0.980145 -0.99007 19.41180
6.20412 14.3800 0.980145 -0.97231 19.42497
6.20412 14.3800 0.980145 -0.95454 19.43747
6.20412 14.3800 0.980145 -0.93678 19.44759
6.20412 14.3800 0.980145 -0.91902 19.45648
6.20412 14.3800 0.980145 -0.90126 19.46360
6.20412 14.3800 0.980145 -0.88350 19.46748
6.20412 14.3800 0.980145 -0.86574 19.46996
6.20412 14.3800 0.980145 -0.84798 19.46599
6.20412 14.3800 0.980145 -0.83022 19.45886
6.20412 14.3800 0.980145 -0.81246 19.44534
6.20412 14.3800 0.980145 -0.79470 19.42367
6.20412 14.3800 0.980145 -0.77694 19.39571
6.20412 14.3800 0.980145 -0.75918 19.35448
6.20412 14.3800 0.980145 -0.74142 19.30118
6.20412 14.3800 0.980145 -0.72366 19.23132
6.20412 14.3800 0.980145 -0.70590 19.13923
6.20412 14.3800 0.980145 -0.68814 19.17281
6.20412 14.3800 0.980145 -0.67038 19.25102
6.20412 14.3800 0.980145 -0.65262 19.31687
6.20412 14.3800 0.980145 -0.63486 19.37301
6.20412 14.3800 0.980145 -0.61710 19.42199
6.20412 14.3800 0.980145 -0.59934 19.46541
6.20412 14.3800 0.980145 -0.58158 19.50187
6.20412 14.3800 0.980145 -0.56382 19.53517
6.20412 14.3800 0.980145 -0.54605 19.56262
6.20412 14.3800 0.980145 -0.52829 19.58735
6.20412 14.3800 0.980145 -0.51053 19.60889
6.20412 14.3800 0.980145 -0.49277 19.62693
6.20412 14.3800 0.980145 -0.47501 19.64359
6.20412 14.3800 0.980145 -0.45725 19.65624
6.20412 14.3800 0.980145 -0.43949 19.66765
6.20412 14.3800 0.980145 -0.42173 19.67661
6.20412 14.3800 0.980145 -0.40397 19.68328
6.20412 14.3800 0.980145 -0.38621 19.68881
6.20412 14.3800 0.980145 -0.36845 19.69099
6.20412 14.3800 0.980145 -0.35069 19.69219
6.20412 14.3800 0.980145 -0.33293 19.69090
6.20412 14.3800 0.980145 -0.31517 19.68767
6.20412 14.3800 0.980145 -0.29741 19.68288
6.20412 14.3800 0.980145 -0.27965 19.67517
6.20412 14.3800 0.980145 -0.26189 19.66613
6.20412 14.3800 0.980145 -0.24413 19.65435
6.20412 14.3800 0.980145 -0.22637 19.64063
6.20412 14.3800 0.980145 -0.20861 19.62471
6.20412 14.3800 0.980145 -0.19085 19.60617
6.20412 14.3800 0.980145 -0.17309 19.58556
6.20412 14.3800 0.980145 -0.15533 19.56221
6.20412 14.3800 0.980145 -0.13757 19.53651
6.20412 14.3800 0.980145 -0.11980 19.50806
6.20412 14.3800 0.980145 -0.10204 19.47720
6.20412 14.3800 0.980145 -0.08428 19.44300
6.20412 14.3800 0.980145 -0.06652 19.40691
6.20412 14.3800 0.980145 -0.04876 19.36729
6.20412 14.3800 0.980145 -0.03100 19.32484
6.20412 14.3800 0.980145 -0.01324 19.27990
6.20412 14.3800 0.980145 0.00452 19.23002
6.20412 14.3800 0.980145 0.02228 19.17998
6.20412 14.3800 0.980145 0.04004 19.12422
6.20412 14.3800 0.980145 0.05780 19.06659
6.20412 14.3800 0.980145 0.07556 19.00556
6.20412 14.3800 0.980145 0.09332 18.93854
6.20412 14.3800 0.980145 0.11108 18.87282
6.20412 14.3800 0.980145 0.12884 18.79844
6.20412 14.3800 0.980145 0.14660 18.72487
6.20412 14.3800 0.980145 0.16436 18.64556
6.20412 14.3800 0.980145 0.18212 18.56030
6.20412 14.3800 0.980145 0.19988 18.47708
6.20412 14.3800 0.980145 0.21764 18.38139
6.20412 14.3800 0.980145 0.23540 18.29171
6.20412 14.3800 0.980145 0.25316 18.19171
6.20412 14.3800 0.980145 0.27092 18.08776
6.20412 14.3800 0.980145 0.28869 17.98509
6.20412 14.3800 0.980145 0.30645 17.86534
6.20412 14.3800 0.980145 0.32421 17.76013
6.20412 14.3800 0.980145 0.34197 17.63708
6.20412 14.3800 0.980145 0.35973 17.51504
6.20412 14.3800 0.980145 0.37749 17.39108
6.20412 14.3800 0.980145 0.39525 17.24735
6.20412 14.3800 0.980145 0.41301 17.12618
6.20412 14.3800 0.980145 0.43077 16.97861
6.20412 14.3800 0.980145 0.44853 16.84098
6.20412 14.3800 0.980145 0.46629 16.69530
6.20412 14.3800 0.980145 0.48405 16.53381
6.20412 14.3800 0.980145 0.50181 16.39530
6.20412 14.3800 0.980145 0.51957 16.22577
6.20412 14.3800 0.980145 0.53733 16.07927
6.20412 14.3800 0.980145 0.55509 15.91682
6.20412 14.3800 0.980145 0.57285 15.74868
6.20412 14.3800 0.980145 0.59061 15.59994
6.20412 14.3800 0.980145 0.60837 15.42138
6.20412 14.3800 0.980145 0.62613 15.27879
6.20412 14.3800 0.980145 0.64389 15.11428
6.20412 14.3800 0.980145 0.66165 14.95628
6.20412 14.3800 0.980145 0.67941 14.80921
6.20412 14.3800 0.980145 0.69718 14.63743
6.20412 14.3800 0.980145 0.71494 14.50399
6.20412 14.3800 0.980145 0.73270 14.34307
6.20412 14.3800 0.980145 0.75046 14.19191
6.20412 14.3800 0.980145 0.76822 14.03969
6.20412 14.3800 0.980145 0.78598 13.86153
6.20412 14.3800 0.980145 0.80374 13.71753
6.20412 14.3800 0.980145 0.82150 13.53449
6.20412 14.3800 0.980145 0.83926 13.36488
6.20412 14.3800 0.980145 0.85702 13.17996
6.20412 14.3800 0.980145 0.87478 12.96660
6.20412 14.3800 0.980145 0.89254 12.78510
6.20412 14.3800 0.980145 0.91030 12.54380
6.20412 14.3800 0.980145 0.92806 12.33723
6.20412 14.3800 0.980145 0.94582 12.08826
6.20412 14.3800 0.980145 0.96358 11.81635
6.20412 14.3800 0.980145 0.98134 11.57297
6.20412 14.3800 0.980145 0.99910 11.23261
6.20412 14.3800 0.980145 1.01686 10.98166
6.20412 14.3800 0.980145 1.03462 10.62765
6.20412 14.3800 0.980145 1.05238 10.28465
6.20412 14.3800 0.980145 1.07014 9.94082
6.20412 14.3800 0.980145 1.08790 9.44376
6.20412 14.3800 0.980145 1.10567 9.15125
6.20412 14.3800 0.980145 1.12343 8.62851
6.20412 14.3800 0.980145 1.14119 8.21843
6.20412 14.3800 0.980145 1.15895 7.70492
6.20412 14.3800 0.980145 1.17671 7.00736
6.20412 14.3800 0.980145 1.19447 6.64908
6.20412 14.3800 0.980145 1.21223 4.99167
6.20412 14.3800 0.980145 1.22999 2.90158
6.20412 14.3800 0.980145 1.24775 0.72200
6.20412 14.3800 0.980145 1.26551 -1.55077
6.20412 14.3800 0.980145 1.28327 -3.92063
6.20412 14.3800 0.980145 1.30103 -6.39166
6.30103 14.3800 0.019855 -1.52288 18.55806
6.30103 14.3800 0.019855 -1.50512 18.58792
6.30103 14.3800 0.019855 -1.48736 18.61734
6.30103 14.3800 0.019855 -1.46960 18.64625
6.30103 14.3800 0.019855 -1.45184 18.67469
6.30103 14.3800 0.019855 -1.43408 18.70284
6.30103 14.3800 0.019855 -1.41632 18.73186
6.30103 14.3800 0.019855 -1.39856 18.76061
6.30103 14.3800 0.019855 -1.38080 18.78911
6.30103 14.3800 0.019855 -1.36303 18.81723
6.30103 14.3800 0.019855 -1.34527 18.84482
6.30103 14.3800 0.019855 -1.32751 18.87222
6.30103 14.3800 0.019855 -1.30975 18.89945
6.30103 14.3800 0.019855 -1.29199 18.92667
6.30103 14.3800 0.019855 -1.27423 18.95360
6.30103 14.3800 0.019855 -1.25647 18.98010
6.30103 14.3800 0.019855 -1.23871 19.00617
6.30103 14.3800 0.019855 -1.22095 19.03191
6.30103 14.3800 0.019855 -1.20319 19.05747
6.30103 14.3800 0.019855 -1.18543 19.08235
6.30103 14.3800 0.019855 -1.16767 19.10671
6.30103 14.3800 0.019855 -1.14991 19.13073
6.30103 14.3800 0.019855 -1.13215 19.15424
6.30103 14.3800 0.019855 -1.11439 19.17701
6.30103 14.3800 0.019855 -1.09663 19.19914
6.30103 14.3800 0.019855 -1.07887 19.22077
6.30103 14.3800 0.019855 -1.06111 19.24112
6.30103 14.3800 0.019855 -1.04335 19.26092
6.30103 14.3800 0.019855 -1.02559 19.27942
6.30103 14.3800 0.019855 -1.00783 19.29687
6.30103 14.3800 0.019855 -0.99007 19.31332
6.30103 14.3800 0.019855 -0.97231 19.32786
6.30103 14.3800 0.019855 -0.95454 19.34167
6.30103 14.3800 0.019855 -0.93678 19.35275
6.30103 14.3800 0.019855 -0.91902 19.36238
6.30103 14.3800 0.019855 -0.90126 19.36991
6.30103 14.3800 0.019855 -0.88350 19.37418
6.30103 14.3800 0.019855 -0.86574 19.37707
6.30103 14.3800 0.019855 -0.84798 19.37452
6.30103 14.3800 0.019855 -0.83022 19.36955
6.30103 14.3800 0.019855 -0.81246 19.35973
6.30103 14.3800 0.019855 -0.79470 19.34399
6.30103 14.3800 0.019855 -0.77694 19.32393
6.30103 14.3800 0.019855 -0.75918 19.29368
6.30103 14.3800 0.019855 -0.74142 19.25309
6.30103 14.3800 0.019855 -0.72366 19.19298
6.30103 14.3800 0.019855 -0.70590 19.02931
6.30103 14.3800 0.019855 -0.68814 19.12951
6.30103 14.3800 0.019855 -0.67038 19.23058
6.30103 14.3800 0.019855 -0.65262 19.30006
6.30103 14.3800 0.019855 -0.63486 19.35910
6.30103 14.3800 0.019855 -0.61710 19.41218
6.30103 14.3800 0.019855 -0.59934 19.46059
6.30103 14.3800 0.019855 -0.58158 19.50459
6.30103 14.3800 0.019855 -0.56382 19.54561
6.30103 14.3800 0.019855 -0.54605 19.58285
6.30103 14.3800 0.019855 -0.52829 19.61744
6.30103 14.3800 0.019855 -0.51053 19.64936
6.30103 14.3800 0.019855 -0.49277 19.67814
6.30103 14.3800 0.019855 -0.47501 19.70533
6.30103 14.3800 0.019855 -0.45725 19.72885
6.30103 14.3800 0.019855 -0.43949 19.75083
6.30103 14.3800 0.019855 -0.42173 19.77033
6.30103 14.3800 0.019855 -0.40397 19.78733
6.30103 14.3800 0.019855 -0.38621 19.80310
6.30103 14.3800 0.019855 -0.36845 19.81523
6.30103 14.3800 0.019855 -0.35069 19.82632
6.30103 14.3800 0.019855 -0.33293 19.83469
6.30103 14.3800 0.019855 -0.31517 19.84096
6.30103 14.3800 0.019855 -0.29741 19.84571
6.30103 14.3800 0.019855 -0.27965 19.84711
6.30103 14.3800 0.019855 -0.26189 19.84738
6.30103 14.3800 0.019855 -0.24413 19.84457
6.30103 14.3800 0.019855 -0.22637 19.83983
6.30103 14.3800 0.019855 -0.20861 19.83300
6.30103 14.3800 0.019855 -0.19085 19.82313
6.30103 14.3800 0.019855 -0.17309 19.81163
6.30103 14.3800 0.019855 -0.15533 19.79682
6.30103 14.3800 0.019855 -0.13757 19.77993
6.30103 14.3800 0.019855 -0.11980 19.76033
6.30103 14.3800 0.019855 -0.10204 19.73797
6.30103 14.3800 0.019855 -0.08428 19.71298
6.30103 14.3800 0.019855 -0.06652 19.68509
6.30103 14.3800 0.019855 -0.04876 19.65435
6.30103 14.3800 0.019855 -0.03100 19.62057
6.30103 14.3800 0.019855 -0.01324 19.58411
6.30103 14.3800 0.019855 0.00452 19.54358
6.30103 14.3800 0.019855 0.02228 19.50153
6.30103 14.3800 0.019855 0.04004 19.45491
6.30103 14.3800 0.019855 0.05780 19.40585
6.30103 14.3800 0.019855 0.07556 19.35360
6.30103 14.3800 0.019855 0.09332 19.29619
6.30103 14.3800 0.019855 0.11108 19.23891
6.30103 14.3800 0.019855 0.12884 19.17465
6.30103 14.3800 0.019855 0.14660 19.11033
6.30103 14.3800 0.019855 0.16436 19.04139
6.30103 14.3800 0.019855 0.18212 18.96755
6.30103 14.3800 0.019855 0.19988 18.89540
6.30103 14.3800 0.019855 0.21764 18.81385
6.30103 14.3800 0.019855 0.23540 18.73752
6.30103 14.3800 0.019855 0.25316 18.65439
6.30103 14.3800 0.019855 0.27092 18.56969
6.30103 14.3800 0.019855 0.28869 18.48806
6.30103 14.3800 0.019855 0.30645 18.39697
6.30103 14.3800 0.019855 0.32421 18.31922
6.30103 14.3800 0.019855 0.34197 18.23374
6.30103 14.3800 0.019855 0.35973 18.15365
6.30103 14.3800 0.019855 0.37749 18.07753
6.30103 14.3800 0.019855 0.39525 17.99749
6.30103 14.3800 0.019855 0.41301 17.93292
6.30103 14.3800 0.019855 0.43077 17.86308
6.30103 14.3800 0.019855 0.44853 17.80135
6.30103 14.3800 0.019855 0.46629 17.74101
6.30103 14.3800 0.019855 0.48405 17.68011
6.30103 14.3800 0.019855 0.50181 17.62556
6.30103 14.3800 0.019855 0.51957 17.56633
6.30103 14.3800 0.019855 0.53733 17.51001
6.30103 14.3800 0.019855 0.55509 17.45040
6.30103 14.3800 0.019855 0.57285 17.38731
6.30103 14.3800 0.019855 0.59061 17.32422
6.30103 14.3800 0.019855 0.60837 17.25295
6.30103 14.3800 0.019855 0.62613 17.18232
6.30103 14.3800 0.019855 0.64389 17.10388
6.30103 14.3800 0.019855 0.66165 17.01966
6.30103 14.3800 0.019855 0.67941 16.93337
6.30103 14.3800 0.019855 0.69718 16.83244
6.30103 14.3800 0.019855 0.71494 16.73709
6.30103 14.3800 0.019855 0.73270 16.62572
6.30103 14.3800 0.019855 0.75046 16.50980
6.30103 14.3800 0.019855 0.76822 16.38887
6.30103 14.3800 0.019855 0.78598 16.24433
6.30103 14.3800 0.019855 0.80374 16.11662
6.30103 14.3800 0.019855 0.82150 15.95710
6.30103 14.3800 0.019855 0.83926 15.80165
6.30103 14.3800 0.019855 0.85702 15.63168
6.30103 14.3800 0.019855 0.87478 15.43257
6.30103 14.3800 0.019855 0.89254 15.25888
6.30103 14.3800 0.019855 0.91030 15.02905
6.30103 14.3800 0.019855 0.92806 14.82791
6.30103 14.3800 0.019855 0.94582 14.58644
6.30103 14.3800 0.019855 0.96358 14.32037
6.30103 14.3800 0.019855 0.98134 14.08109
6.30103 14.3800 0.019855 0.99910 13.74661
6.30103 14.3800 0.019855 1.01686 13.49775
6.30103 14.3800 0.019855 1.03462 13.14814
6.30103 14.3800 0.019855 1.05238 12.80796
6.30103 14.3800 0.019855 1.07014 12.46730
6.30103 14.3800 0.019855 1.08790 11.97521
6.30103 14.3800 0.019855 1.10567 11.68415
6.30103 14.3800 0.019855 1.12343 11.16688
6.30103 14.3800 0.019855 1.14119 10.75961
6.30103 14.3800 0.019855 1.15895 10.25214
6.30103 14.3800 0.019855 1.17671 9.56370
6.30103 14.3800 0.019855 1.19447 9.20828
6.30103 14.3800 0.019855 1.21223 8.43742
6.30103 14.3800 0.019855 1.22999 7.99135
6.30103 14.3800 0.019855 1.24775 7.21619
6.30103 14.3800 0.019855 1.26551 6.44465
6.30103 14.3800 0.019855 1.28327 5.84119
6.30103 14.3800 0.019855 1.30103 4.72090
6.30103 14.3800 0.101667 -1.52288 18.65851
6.30103 14.3800 0.101667 -1.50512 18.68854
6.30103 14.3800 0.101667 -1.48736 18.71789
6.30103 14.3800 0.101667 -1.46960 18.74658
6.30103 14.3800 0.101667 -1.45184 18.77667
6.30103 14.3800 0.101667 -1.43408 18.80587
6.30103 14.3800 0.101667 -1.41632 18.83281
6.30103 14.3800 0.101667 -1.39856 18.86083
6.30103 14.3800 0.101667 -1.38080 18.88982
6.30103 14.3800 0.101667 -1.36303 18.91783
6.30103 14.3800 0.101667 -1.34527 18.94542
6.30103 14.3800 0.101667 -1.32751 18.97461
6.30103 14.3800 0.101667 -1.30975 19.00253
6.30103 14.3800 0.101667 -1.29199 19.02909
6.30103 14.3800 0.101667 -1.27423 19.05606
6.30103 14.3800 0.101667 -1.25647 19.08283
6.30103 14.3800 0.101667 -1.23871 19.10940
6.30103 14.3800 0.101667 -1.22095 19.13546
6.30103 14.3800 0.101667 -1.20319 19.16107
6.30103 14.3800 0.101667 -1.18543 19.18720
6.30103 14.3800 0.101667 -1.16767 19.21335
6.30103 14.3800 0.101667 -1.14991 19.23852
6.30103 14.3800 0.101667 -1.13215 19.26331
6.30103 14.3800 0.101667 -1.11439 19.28782
6.30103 14.3800 0.101667 -1.09663 19.31170
6.30103 14.3800 0.101667 -1.07887 19.33506
6.30103 14.3800 0.101667 -1.06111 19.35775
6.30103 14.3800 0.101667 -1.04335 19.37995
6.30103 14.3800 0.101667 -1.02559 19.40118
6.30103 14.3800 0.101667 -1.00783 19.42170
6.30103 14.3800 0.101667 -0.99007 19.44155
6.30103 14.3800 0.101667 -0.97231 19.45982
6.30103 14.3800 0.101667 -0.95454 19.47742
6.30103 14.3800 0.101667 -0.93678 19.49282
6.30103 14.3800 0.101667 -0.91902 19.50694
6.30103 14.3800 0.101667 -0.90126 19.51928
6.30103 14.3800 0.101667 -0.88350 19.52839
6.30103 14.3800 0.101667 -0.86574 19.53618
6.30103 14.3800 0.101667 -0.84798 19.53779
6.30103 14.3800 0.101667 -0.83022 19.53637
6.30103 14.3800 0.101667 -0.81246 19.52873
6.30103 14.3800 0.101667 -0.79470 19.51232
6.30103 14.3800 0.101667 -0.77694 19.48973
6.30103 14.3800 0.101667 -0.75918 19.45073
6.30103 14.3800 0.101667 -0.74142 19.39519
6.30103 14.3800 0.101667 -0.72366 19.31086
6.30103 14.3800 0.101667 -0.70590 19.15302
6.30103 14.3800 0.101667 -0.68814 19.23598
6.30103 14.3800 0.101667 -0.67038 19.37125
6.30103 14.3800 0.101667 -0.65262 19.47260
6.30103 14.3800 0.101667 -0.63486 19.55537
6.30103 14.3800 0.101667 -0.61710 19.62540
6.30103 14.3800 0.101667 -0.59934 19.68623
6.30103 14.3800 0.101667 -0.58158 19.73809
6.30103 14.3800 0.101667 -0.56382 19.78496
6.30103 14.3800 0.101667 -0.54605 19.82540
6.30103 14.3800 0.101667 -0.52829 19.86229
6.30103 14.3800 0.101667 -0.51053 19.89561
6.30103 14.3800 0.101667 -0.49277 19.92544
6.30103 14.3800 0.101667 -0.47501 19.95351
6.30103 14.3800 0.101667 -0.45725 19.97802
6.30103 14.3800 0.101667 -0.43949 20.00112
6.30103 14.3800 0.101667 -0.42173 20.02203
6.30103 14.3800 0.101667 -0.40397 20.04087
6.30103 14.3800 0.101667 -0.38621 20.05868
6.30103 14.3800 0.101667 -0.36845 20.07358
6.30103 14.3800 0.101667 -0.35069 20.08765
6.30103 14.3800 0.101667 -0.33293 20.09966
6.30103 14.3800 0.101667 -0.31517 20.11009
6.30103 14.3800 0.101667 -0.29741 20.11941
6.30103 14.3800 0.101667 -0.27965 20.12614
6.30103 14.3800 0.101667 -0.26189 20.13208
6.30103 14.3800 0.101667 -0.24413 20.13571
6.30103 14.3800 0.101667 -0.22637 20.13790
6.30103 14.3800 0.101667 -0.20861 20.13859
6.30103 14.3800 0.101667 -0.19085 20.13688
6.30103 14.3800 0.101667 -0.17309 20.13418
6.30103 14.3800 0.101667 -0.15533 20.12883
6.30103 14.3800 0.101667 -0.13757 20.12208
6.30103 14.3800 0.101667 -0.11980 20.11336
6.30103 14.3800 0.101667 -0.10204 20.10240
6.30103 14.3800 0.101667 -0.08428 20.08995
6.30103 14.3800 0.101667 -0.06652 20.07474
6.30103 14.3800 0.101667 -0.04876 20.05786
6.30103 14.3800 0.101667 -0.03100 20.03865
6.30103 14.3800 0.101667 -0.01324 20.01727
6.30103 14.3800 0.101667 0.00452 19.99357
6.30103 14.3800 0.101667 0.02228 19.96762
6.30103 14.3800 0.101667 0.04004 19.93916
6.30103 14.3800 0.101667 0.05780 19.90835
6.30103 14.3800 0.101667 0.07556 19.87517
6.30103 14.3800 0.101667 0.09332 19.83881
6.30103 14.3800 0.101667 0.11108 19.80097
6.30103 14.3800 0.101667 0.12884 19.75925
6.30103 14.3800 0.101667 0.14660 19.71590
6.30103 14.3800 0.101667 0.16436 19.66937
6.30103 14.3800 0.101667 0.18212 19.61916
6.30103 14.3800 0.101667 0.19988 19.56809
6.30103 14.3800 0.101667 0.21764 19.51120
6.30103 14.3800 0.101667 0.23540 19.45464
6.30103 14.3800 0.101667 0.25316 19.39305
6.30103 14.3800 0.101667 0.27092 19.32809
6.30103 14.3800 0.101667 0.28869 19.26234
6.30103 14.3800 0.101667 0.30645 19.18823
6.30103 14.3800 0.101667 0.32421 19.11823
6.30103 14.3800 0.101667 0.34197 19.03977
6.30103 14.3800 0.101667 0.35973 18.95970
6.30103 14.3800 0.101667 0.37749 18.87783
6.30103 14.3800 0.101667 0.39525 18.78554
6.30103 14.3800 0.101667 0.41301 18.70165
6.30103 14.3800 0.101667 0.43077 18.60486
6.30103 14.3800 0.101667 0.44853 18.51037
6.30103 14.3800 0.101667 0.46629 18.41154
6.30103 14.3800 0.101667 0.48405 18.30302
6.30103 14.3800 0.101667 0.50181 18.20434
6.30103 14.3800 0.101667 0.51957 18.08926
6.30103 14.3800 0.101667 0.53733 17.98310
6.30103 14.3800 0.101667 0.55509 17.86841
6.30103 14.3800 0.101667 0.57285 17.74770
6.30103 14.3800 0.101667 0.59061 17.63628
6.30103 14.3800 0.101667 0.60837 17.50616
6.30103 14.3800 0.101667 0.62613 17.39334
6.30103 14.3800 0.101667 0.64389 17.26650
6.30103 14.3800 0.101667 0.66165 17.13951
6.30103 14.3800 0.101667 0.67941 17.01821
6.30103 14.3800 0.101667 0.69718 16.87690
6.30103 14.3800 0.101667 0.71494 16.75965
6.30103 14.3800 0.101667 0.73270 16.62106
6.30103 14.3800 0.101667 0.75046 16.48679
6.30103 14.3800 0.101667 0.76822 16.35096
6.30103 14.3800 0.101667 0.78598 16.19235
6.30103 14.3800 0.101667 0.80374 16.06013
6.30103 14.3800 0.101667 0.82150 15.89516
6.30103 14.3800 0.101667 0.83926 15.73941
6.30103 14.3800 0.101667 0.85702 15.57050
6.30103 14.3800 0.101667 0.87478 15.37564
6.30103 14.3800 0.101667 0.89254 15.20648
6.30103 14.3800 0.101667 0.91030 14.98498
6.30103 14.3800 0.101667 0.92806 14.79045
6.30103 14.3800 0.101667 0.94582 14.55865
6.30103 14.3800 0.101667 0.96358 14.30294
6.30103 14.3800 0.101667 0.98134 14.07188
6.30103 14.3800 0.101667 0.99910 13.75119
6.30103 14.3800 0.101667 1.01686 13.50828
6.30103 14.3800 0.101667 1.03462 13.17089
6.30103 14.3800 0.101667 1.05238 12.83891
6.30103 14.3800 0.101667 1.07014 12.50707
6.30103 14.3800 0.101667 1.08790 12.02753
6.30103 14.3800 0.101667 1.10567 11.73930
6.30103 14.3800 0.101667 1.12343 11.23217
6.30103 14.3800 0.101667 1.14119 10.82850
6.30103 14.3800 0.101667 1.15895 10.32821
6.30103 14.3800 0.101667 1.17671 9.64681
6.30103 14.3800 0.101667 1.19447 9.29307
6.30103 14.3800 0.101667 1.21223 8.52831
6.30103 14.3800 0.101667 1.22999 8.08317
6.30103 14.3800 0.101667 1.24775 7.31248
6.30103 14.3800 0.101667 1.26551 6.54284
6.30103 14.3800 0.101667 1.28327 5.94182
6.30103 14.3800 0.101667 1.30103 4.82504
6.30103 14.3800 0.237234 -1.52288 18.72515
6.30103 14.3800 0.237234 -1.50512 18.74385
6.30103 14.3800 0.237234 -1.48736 18.77322
6.30103 14.3800 0.237234 -1.46960 18.80947
6.30103 14.3800 0.237234 -1.45184 18.83465
6.30103 14.3800 0.237234 -1.43408 18.85909
6.30103 14.3800 0.237234 -1.41632 18.88745
6.30103 14.3800 0.237234 -1.39856 18.91793
6.30103 14.3800 0.237234 -1.38080 18.95028
6.30103 14.3800 0.237234 -1.36303 18.97865
6.30103 14.3800 0.237234 -1.34527 19.00579
6.30103 14.3800 0.237234 -1.32751 19.03343
6.30103 14.3800 0.237234 -1.30975 19.06044
6.30103 14.3800 0.237234 -1.29199 19.08688
6.30103 14.3800 0.237234 -1.27423 19.11340
6.30103 14.3800 0.237234 -1.25647 19.13962
6.30103 14.3800 0.237234 -1.23871 19.16572
6.30103 14.3800 0.237234 -1.22095 19.19201
6.30103 14.3800 0.237234 -1.20319 19.21906
6.30103 14.3800 0.237234 -1.18543 19.24521
6.30103 14.3800 0.237234 -1.16767 19.27071
6.30103 14.3800 0.237234 -1.14991 19.29574
6.30103 14.3800 0.237234 -1.13215 19.32046
6.30103 14.3800 0.237234 -1.11439 19.34503
6.30103 14.3800 0.237234 -1.09663 19.36862
6.30103 14.3800 0.237234 -1.07887 19.39146
6.30103 14.3800 0.237234 -1.06111 19.41499
6.30103 14.3800 0.237234 -1.04335 19.43821
6.30103 14.3800 0.237234 -1.02559 19.46054
6.30103 14.3800 0.237234 -1.00783 19.48157
6.30103 14.3800 0.237234 -0.99007 19.50138
6.30103 14.3800 0.237234 -0.97231 19.52083
6.30103 14.3800 0.237234 -0.95454 19.53987
6.30103 14.3800 0.237234 -0.93678 19.55668
6.30103 14.3800 0.237234 -0.91902 19.57241
6.30103 14.3800 0.237234 -0.90126 19.58670
6.30103 14.3800 0.237234 -0.88350 19.59823
6.30103 14.3800 0.237234 -0.86574 19.60866
6.30103 14.3800 0.237234 -0.84798 19.61389
6.30103 14.3800 0.237234 -0.83022 19.61637
6.30103 14.3800 0.237234 -0.81246 19.61327
6.30103 14.3800 0.237234 -0.79470 19.60108
6.30103 14.3800 0.237234 -0.77694 19.58287
6.30103 14.3800 0.237234 -0.75918 19.54533
6.30103 14.3800 0.237234 -0.74142 19.48694
6.30103 14.3800 0.237234 -0.72366 19.39063
6.30103 14.3800 0.237234 -0.70590 19.21315
6.30103 14.3800 0.237234 -0.68814 19.30457
6.30103 14.3800 0.237234 -0.67038 19.46469
6.30103 14.3800 0.237234 -0.65262 19.57958
6.30103 14.3800 0.237234 -0.63486 19.66685
6.30103 14.3800 0.237234 -0.61710 19.73781
6.30103 14.3800 0.237234 -0.59934 19.79745
6.30103 14.3800 0.237234 -0.58158 19.84699
6.30103 14.3800 0.237234 -0.56382 19.89162
6.30103 14.3800 0.237234 -0.54605 19.93006
6.30103 14.3800 0.237234 -0.52829 19.96542
6.30103 14.3800 0.237234 -0.51053 19.99769
6.30103 14.3800 0.237234 -0.49277 20.02713
6.30103 14.3800 0.237234 -0.47501 20.05509
6.30103 14.3800 0.237234 -0.45725 20.08026
6.30103 14.3800 0.237234 -0.43949 20.10423
6.30103 14.3800 0.237234 -0.42173 20.12641
6.30103 14.3800 0.237234 -0.40397 20.14684
6.30103 14.3800 0.237234 -0.38621 20.16635
6.30103 14.3800 0.237234 -0.36845 20.18367
6.30103 14.3800 0.237234 -0.35069 20.20027
6.30103 14.3800 0.237234 -0.33293 20.21517
6.30103 14.3800 0.237234 -0.31517 20.22865
6.30103 14.3800 0.237234 -0.29741 20.24117
6.30103 14.3800 0.237234 -0.27965 20.25168
6.30103 14.3800 0.237234 -0.26189 20.26153
6.30103 14.3800 0.237234 -0.24413 20.26925
6.30103 14.3800 0.237234 -0.22637 20.27582
6.30103 14.3800 0.237234 -0.20861 20.28124
6.30103 14.3800 0.237234 -0.19085 20.28456
6.30103 14.3800 0.237234 -0.17309 20.28714
6.30103 14.3800 0.237234 -0.15533 20.28738
6.30103 14.3800 0.237234 -0.13757 20.28649
6.30103 14.3800 0.237234 -0.11980 20.28399
6.30103 14.3800 0.237234 -0.10204 20.27946
6.30103 14.3800 0.237234 -0.08428 20.27389
6.30103 14.3800 0.237234 -0.06652 20.26575
6.30103 14.3800 0.237234 -0.04876 20.25638
6.30103 14.3800 0.237234 -0.03100 20.24501
6.30103 14.3800 0.237234 -0.01324 20.23170
6.30103 14.3800 0.237234 0.00452 20.21675
6.30103 14.3800 0.237234 0.02228 20.19941
6.30103 14.3800 0.237234 0.04004 20.18037
6.30103 14.3800 0.237234 0.05780 20.15912
6.30103 14.3800 0.237234 0.07556 20.13587
6.30103 14.3800 0.237234 0.09332 20.11027
6.30103 14.3800 0.237234 0.11108 20.08279
6.30103 14.3800 0.237234 0.12884 20.05267
6.30103 14.3800 0.237234 0.14660 20.02059
6.30103 14.3800 0.237234 0.16436 19.98604
6.30103 14.3800 0.237234 0.18212 19.94862
6.30103 14.3800 0.237234 0.19988 19.90974
6.30103 14.3800 0.237234 0.21764 19.86687
6.30103 14.3800 0.237234 0.23540 19.82309
6.30103 14.3800 0.237234 0.25316 19.77566
6.30103 14.3800 0.237234 0.27092 19.72527
6.30103 14.3800 0.237234 0.28869 19.67350
6.30103 14.3800 0.237234 0.30645 19.61583
6.30103 14.3800 0.237234 0.32421 19.55954
6.30103 14.3800 0.237234 0.34197 19.49723
6.30103 14.3800 0.237234 0.35973 19.43274
6.30103 14.3800 0.237234 0.37749 19.36620
6.30103 14.3800 0.237234 0.39525 19.29181
6.30103 14.3800 0.237234 0.41301 19.22167
6.30103 14.3800 0.237234 0.43077 19.14197
6.30103 14.3800 0.237234 0.44853 19.06227
6.30103 14.3800 0.237234 0.46629 18.97850
6.30103 14.3800 0.237234 0.48405 18.88622
6.30103 14.3800 0.237234 0.50181 18.79943
6.30103 14.3800 0.237234 0.51957 18.69901
6.30103 14.3800 0.237234 0.53733 18.60301
6.30103 14.3800 0.237234 0.55509 18.49876
6.30103 14.3800 0.237234 0.57285 18.38684
6.30103 14.3800 0.237234 0.59061 18.28035
6.30103 14.3800 0.237234 0.60837 18.15481
6.30103 14.3800 0.237234 0.62613 18.04144
6.30103 14.3800 0.237234 0.64389 17.91228
6.30103 14.3800 0.237234 0.66165 17.77884
6.30103 14.3800 0.237234 0.67941 17.64845
6.30103 14.3800 0.237234 0.69718 17.49196
6.30103 14.3800 0.237234 0.71494 17.36028
6.30103 14.3800 0.237234 0.73270 17.20019
6.30103 14.3800 0.237234 0.75046 17.04336
6.30103 14.3800 0.237234 0.76822 16.88304
6.30103 14.3800 0.237234 0.78598 16.69076
6.30103 14.3800 0.237234 0.80374 16.53645
6.30103 14.3800 0.237234 0.82150 16.33659
6.30103 14.3800 0.237234 0.83926 16.15416
6.30103 14.3800 0.237234 0.85702 15.95453
6.30103 14.3800 0.237234 0.87478 15.72543
6.30103 14.3800 0.237234 0.89254 15.53499
6.30103 14.3800 0.237234 0.91030 15.28021
6.30103 14.3800 0.237234 0.92806 15.06794
6.30103 14.3800 0.237234 0.94582 14.81136
6.30103 14.3800 0.237234 0.96358 14.53534
6.30103 14.3800 0.237234 0.98134 14.29023
6.30103 14.3800 0.237234 0.99910 13.94981
6.30103 14.3800 0.237234 1.01686 13.70077
6.30103 14.3800 0.237234 1.03462 13.35120
6.30103 14.3800 0.237234 1.05238 13.01351
6.30103 14.3800 0.237234 1.07014 12.67617
6.30103 14.3800 0.237234 1.08790 12.19157
6.30103 14.3800 0.237234 1.10567 11.90289
6.30103 14.3800 0.237234 1.12343 11.39427
6.30103 14.3800 0.237234 1.14119 10.99081
6.30103 14.3800 0.237234 1.15895 10.49103
6.30103 14.3800 0.237234 1.17671 9.81120
6.30103 14.3800 0.237234 1.19447 9.45792
6.30103 14.3800 0.237234 1.21223 8.69516
6.30103 14.3800 0.237234 1.22999 8.25033
6.30103 14.3800 0.237234 1.24775 7.48114
6.30103 14.3800 0.237234 1.26551 6.71189
6.30103 14.3800 0.237234 1.28327 6.11134
6.30103 14.3800 0.237234 1.30103 4.99428
6.30103 14.3800 0.408283 -1.52288 18.76683
6.30103 14.3800 0.408283 -1.50512 18.79366
6.30103 14.3800 0.408283 -1.48736 18.81580
6.30103 14.3800 0.408283 -1.46960 18.83463
6.30103 14.3800 0.408283 -1.45184 18.87715
6.30103 14.3800 0.408283 -1.43408 18.91868
6.30103 14.3800 0.408283 -1.41632 18.95062
6.30103 14.3800 0.408283 -1.39856 18.97520
6.30103 14.3800 0.408283 -1.38080 18.99294
6.30103 14.3800 0.408283 -1.36303 19.02101
6.30103 14.3800 0.408283 -1.34527 19.05007
6.30103 14.3800 0.408283 -1.32751 19.07196
6.30103 14.3800 0.408283 -1.30975 19.09708
6.30103 14.3800 0.408283 -1.29199 19.12639
6.30103 14.3800 0.408283 -1.27423 19.15633
6.30103 14.3800 0.408283 -1.25647 19.18576
6.30103 14.3800 0.408283 -1.23871 19.20786
6.30103 14.3800 0.408283 -1.22095 19.23145
6.30103 14.3800 0.408283 -1.20319 19.25791
6.30103 14.3800 0.408283 -1.18543 19.28359
6.30103 14.3800 0.408283 -1.16767 19.30869
6.30103 14.3800 0.408283 -1.14991 19.33319
6.30103 14.3800 0.408283 -1.13215 19.35763
6.30103 14.3800 0.408283 -1.11439 19.38258
6.30103 14.3800 0.408283 -1.09663 19.40703
6.30103 14.3800 0.408283 -1.07887 19.43105
6.30103 14.3800 0.408283 -1.06111 19.45372
6.30103 14.3800 0.408283 -1.04335 19.47609
6.30103 14.3800 0.408283 -1.02559 19.49853
6.30103 14.3800 0.408283 -1.00783 19.51972
6.30103 14.3800 0.408283 -0.99007 19.53976
6.30103 14.3800 0.408283 -0.97231 19.55920
6.30103 14.3800 0.408283 -0.95454 19.57822
6.30103 14.3800 0.408283 -0.93678 19.59525
6.30103 14.3800 0.408283 -0.91902 19.61135
6.30103 14.3800 0.408283 -0.90126 19.62621
6.30103 14.3800 0.408283 -0.88350 19.63885
6.30103 14.3800 0.408283 -0.86574 19.65060
6.30103 14.3800 0.408283 -0.84798 19.65743
6.30103 14.3800 0.408283 -0.83022 19.66179
6.30103 14.3800 0.408283 -0.81246 19.66109
6.30103 14.3800 0.408283 -0.79470 19.65195
6.30103 14.3800 0.408283 -0.77694 19.63742
6.30103 14.3800 0.408283 -0.75918 19.60330
6.30103 14.3800 0.408283 -0.74142 19.54663
6.30103 14.3800 0.408283 -0.72366 19.44614
6.30103 14.3800 0.408283 -0.70590 19.25553
6.30103 14.3800 0.408283 -0.68814 19.35423
6.30103 14.3800 0.408283 -0.67038 19.52706
6.30103 14.3800 0.408283 -0.65262 19.64553
6.30103 14.3800 0.408283 -0.63486 19.73108
6.30103 14.3800 0.408283 -0.61710 19.79972
6.30103 14.3800 0.408283 -0.59934 19.85674
6.30103 14.3800 0.408283 -0.58158 19.90408
6.30103 14.3800 0.408283 -0.56382 19.94688
6.30103 14.3800 0.408283 -0.54605 19.98420
6.30103 14.3800 0.408283 -0.52829 20.01886
6.30103 14.3800 0.408283 -0.51053 20.05085
6.30103 14.3800 0.408283 -0.49277 20.08040
6.30103 14.3800 0.408283 -0.47501 20.10858
6.30103 14.3800 0.408283 -0.45725 20.13425
6.30103 14.3800 0.408283 -0.43949 20.15884
6.30103 14.3800 0.408283 -0.42173 20.18192
6.30103 14.3800 0.408283 -0.40397 20.20351
6.30103 14.3800 0.408283 -0.38621 20.22430
6.30103 14.3800 0.408283 -0.36845 20.24290
6.30103 14.3800 0.408283 -0.35069 20.26085
6.30103 14.3800 0.408283 -0.33293 20.27733
6.30103 14.3800 0.408283 -0.31517 20.29257
6.30103 14.3800 0.408283 -0.29741 20.30698
6.30103 14.3800 0.408283 -0.27965 20.31942
6.30103 14.3800 0.408283 -0.26189 20.33127
6.30103 14.3800 0.408283 -0.24413 20.34124
6.30103 14.3800 0.408283 -0.22637 20.35015
6.30103 14.3800 0.408283 -0.20861 20.35799
6.30103 14.3800 0.408283 -0.19085 20.36393
6.30103 14.3800 0.408283 -0.17309 20.36924
6.30103 14.3800 0.408283 -0.15533 20.37240
6.30103 14.3800 0.408283 -0.13757 20.37452
6.30103 14.3800 0.408283 -0.11980 20.37513
6.30103 14.3800 0.408283 -0.10204 20.37396
6.30103 14.3800 0.408283 -0.08428 20.37195
6.30103 14.3800 0.408283 -0.06652 20.36736
6.30103 14.3800 0.408283 -0.04876 20.36174
6.30103 14.3800 0.408283 -0.03100 20.35432
6.30103 14.3800 0.408283 -0.01324 20.34510
6.30103 14.3800 0.408283 0.00452 20.33456
6.30103 14.3800 0.408283 0.02228 20.32157
6.30103 14.3800 0.408283 0.04004 20.30719
6.30103 14.3800 0.408283 0.05780 20.29072
6.30103 14.3800 0.408283 0.07556 20.27241
6.30103 14.3800 0.408283 0.09332 20.25211
6.30103 14.3800 0.408283 0.11108 20.22980
6.30103 14.3800 0.408283 0.12884 20.20537
6.30103 14.3800 0.408283 0.14660 20.17888
6.30103 14.3800 0.408283 0.16436 20.15023
6.30103 14.3800 0.408283 0.18212 20.11906
6.30103 14.3800 0.408283 0.19988 20.08622
6.30103 14.3800 0.408283 0.21764 20.05015
6.30103 14.3800 0.408283 0.23540 20.01273
6.30103 14.3800 0.408283 0.25316 19.97226
6.30103 14.3800 0.408283 0.27092 19.92905
6.30103 14.3800 0.408283 0.28869 19.88427
6.30103 14.3800 0.408283 0.30645 19.83466
6.30103 14.3800 0.408283 0.32421 19.78540
6.30103 14.3800 0.408283 0.34197 19.73119
6.30103 14.3800 0.408283 0.35973 19.67471
6.30103 14.3800 0.408283 0.37749 19.61617
6.30103 14.3800 0.408283 0.39525 19.55106
6.30103 14.3800 0.408283 0.41301 19.48858
6.30103 14.3800 0.408283 0.43077 19.41822
6.30103 14.3800 0.408283 0.44853 19.34716
6.30103 14.3800 0.408283 0.46629 19.27242
6.30103 14.3800 0.408283 0.48405 19.19028
6.30103 14.3800 0.408283 0.50181 19.11190
6.30103 14.3800 0.408283 0.51957 19.02204
6.30103 14.3800 0.408283 0.53733 18.93495
6.30103 14.3800 0.408283 0.55509 18.84070
6.30103 14.3800 0.408283 0.57285 18.73931
6.30103 14.3800 0.408283 0.59061 18.64177
6.30103 14.3800 0.408283 0.60837 18.52774
6.30103 14.3800 0.408283 0.62613 18.42287
6.30103 14.3800 0.408283 0.64389 18.30421
6.30103 14.3800 0.408283 0.66165 18.18075
6.30103 14.3800 0.408283 0.67941 18.05923
6.30103 14.3800 0.408283 0.69718 17.91415
6.30103 14.3800 0.408283 0.71494 17.78938
6.30103 14.3800 0.408283 0.73270 17.63897
6.30103 14.3800 0.408283 0.75046 17.48978
6.30103 14.3800 0.408283 0.76822 17.33669
6.30103 14.3800 0.408283 0.78598 17.15283
6.30103 14.3800 0.408283 0.80374 17.00241
6.30103 14.3800 0.408283 0.82150 16.80843
6.30103 14.3800 0.408283 0.83926 16.62882
6.30103 14.3800 0.408283 0.85702 16.43181
6.30103 14.3800 0.408283 0.87478 16.20382
6.30103 14.3800 0.408283 0.89254 16.01272
6.30103 14.3800 0.408283 0.91030 15.75564
6.30103 14.3800 0.408283 0.92806 15.54017
6.30103 14.3800 0.408283 0.94582 15.27817
6.30103 14.3800 0.408283 0.96358 14.99484
6.30103 14.3800 0.408283 0.98134 14.74308
6.30103 14.3800 0.408283 0.99910 14.38999
6.30103 14.3800 0.408283 1.01686 14.13465
6.30103 14.3800 0.408283 1.03462 13.77137
6.30103 14.3800 0.408283 1.05238 13.42337
6.30103 14.3800 0.408283 1.07014 13.07432
6.30103 14.3800 0.408283 1.08790 12.57140
6.30103 14.3800 0.408283 1.10567 12.27816
6.30103 14.3800 0.408283 1.12343 11.75282
6.30103 14.3800 0.408283 1.14119 11.34284
6.30103 14.3800 0.408283 1.15895 10.82979
6.30103 14.3800 0.408283 1.17671 10.13566
6.30103 14.3800 0.408283 1.19447 9.77877
6.30103 14.3800 0.408283 1.21223 9.00211
6.30103 14.3800 0.408283 1.22999 8.55490
6.30103 14.3800 0.408283 1.24775 7.77412
6.30103 14.3800 0.408283 1.26551 6.99930
6.30103 14.3800 0.408283 1.28327 6.39145
6.30103 14.3800 0.408283 1.30103 5.26253
6.30103 14.3800 0.591717 -1.52288 18.79136
6.30103 14.3800 0.591717 -1.50512 18.82027
6.30103 14.3800 0.591717 -1.48736 18.85902
6.30103 14.3800 0.591717 -1.46960 18.90340
6.30103 14.3800 0.591717 -1.45184 18.91233
6.30103 14.3800 0.591717 -1.43408 18.92358
6.30103 14.3800 0.591717 -1.41632 18.96480
6.30103 14.3800 0.591717 -1.39856 18.99620
6.30103 14.3800 0.591717 -1.38080 19.01891
6.30103 14.3800 0.591717 -1.36303 19.05058
6.30103 14.3800 0.591717 -1.34527 19.08214
6.30103 14.3800 0.591717 -1.32751 19.10210
6.30103 14.3800 0.591717 -1.30975 19.12516
6.30103 14.3800 0.591717 -1.29199 19.15227
6.30103 14.3800 0.591717 -1.27423 19.18084
6.30103 14.3800 0.591717 -1.25647 19.20950
6.30103 14.3800 0.591717 -1.23871 19.23824
6.30103 14.3800 0.591717 -1.22095 19.26421
6.30103 14.3800 0.591717 -1.20319 19.28579
6.30103 14.3800 0.591717 -1.18543 19.30971
6.30103 14.3800 0.591717 -1.16767 19.33462
6.30103 14.3800 0.591717 -1.14991 19.36137
6.30103 14.3800 0.591717 -1.13215 19.38735
6.30103 14.3800 0.591717 -1.11439 19.41193
6.30103 14.3800 0.591717 -1.09663 19.43592
6.30103 14.3800 0.591717 -1.07887 19.45942
6.30103 14.3800 0.591717 -1.06111 19.48183
6.30103 14.3800 0.591717 -1.04335 19.50379
6.30103 14.3800 0.591717 -1.02559 19.52507
6.30103 14.3800 0.591717 -1.00783 19.54579
6.30103 14.3800 0.591717 -0.99007 19.56600
6.30103 14.3800 0.591717 -0.97231 19.58540
6.30103 14.3800 0.591717 -0.95454 19.60431
6.30103 14.3800 0.591717 -0.93678 19.62130
6.30103 14.3800 0.591717 -0.91902 19.63702
6.30103 14.3800 0.591717 -0.90126 19.65105
6.30103 14.3800 0.591717 -0.88350 19.66359
6.30103 14.3800 0.591717 -0.86574 19.67551
6.30103 14.3800 0.591717 -0.84798 19.68285
6.30103 14.3800 0.591717 -0.83022 19.68790
6.30103 14.3800 0.591717 -0.81246 19.68831
6.30103 14.3800 0.591717 -0.79470 19.68060
6.30103 14.3800 0.591717 -0.77694 19.66780
6.30103 14.3800 0.591717 -0.75918 19.63601
6.30103 14.3800 0.591717 -0.74142 19.58156
6.30103 14.3800 0.591717 -0.72366 19.48124
6.30103 14.3800 0.591717 -0.70590 19.28786
6.30103 14.3800 0.591717 -0.68814 19.38861
6.30103 14.3800 0.591717 -0.67038 19.56355
6.30103 14.3800 0.591717 -0.65262 19.68067
6.30103 14.3800 0.591717 -0.63486 19.76346
6.30103 14.3800 0.591717 -0.61710 19.82974
6.30103 14.3800 0.591717 -0.59934 19.88463
6.30103 14.3800 0.591717 -0.58158 19.93047
6.30103 14.3800 0.591717 -0.56382 19.97210
6.30103 14.3800 0.591717 -0.54605 20.00865
6.30103 14.3800 0.591717 -0.52829 20.04263
6.30103 14.3800 0.591717 -0.51053 20.07401
6.30103 14.3800 0.591717 -0.49277 20.10311
6.30103 14.3800 0.591717 -0.47501 20.13095
6.30103 14.3800 0.591717 -0.45725 20.15666
6.30103 14.3800 0.591717 -0.43949 20.18122
6.30103 14.3800 0.591717 -0.42173 20.20412
6.30103 14.3800 0.591717 -0.40397 20.22568
6.30103 14.3800 0.591717 -0.38621 20.24650
6.30103 14.3800 0.591717 -0.36845 20.26523
6.30103 14.3800 0.591717 -0.35069 20.28329
6.30103 14.3800 0.591717 -0.33293 20.29991
6.30103 14.3800 0.591717 -0.31517 20.31534
6.30103 14.3800 0.591717 -0.29741 20.32997
6.30103 14.3800 0.591717 -0.27965 20.34279
6.30103 14.3800 0.591717 -0.26189 20.35504
6.30103 14.3800 0.591717 -0.24413 20.36554
6.30103 14.3800 0.591717 -0.22637 20.37500
6.30103 14.3800 0.591717 -0.20861 20.38343
6.30103 14.3800 0.591717 -0.19085 20.39001
6.30103 14.3800 0.591717 -0.17309 20.39598
6.30103 14.3800 0.591717 -0.15533 20.39985
6.30103 14.3800 0.591717 -0.13757 20.40274
6.30103 14.3800 0.591717 -0.11980 20.40420
6.30103 14.3800 0.591717 -0.10204 20.40382
6.30103 14.3800 0.591717 -0.08428 20.40261
6.30103 14.3800 0.591717 -0.06652 20.39901
6.30103 14.3800 0.591717 -0.04876 20.39443
6.30103 14.3800 0.591717 -0.03100 20.38807
6.30103 14.3800 0.591717 -0.01324 20.37993
6.30103 14.3800 0.591717 0.00452 20.37051
6.30103 14.3800 0.591717 0.02228 20.35872
6.30103 14.3800 0.591717 0.04004 20.34563
6.30103 14.3800 0.591717 0.05780 20.33046
6.30103 14.3800 0.591717 0.07556 20.31348
6.30103 14.3800 0.591717 0.09332 20.29460
6.30103 14.3800 0.591717 0.11108 20.27369
6.30103 14.3800 0.591717 0.12884 20.25080
6.30103 14.3800 0.591717 0.14660 20.22585
6.30103 14.3800 0.591717 0.16436 20.19881
6.30103 14.3800 0.591717 0.18212 20.16934
6.30103 14.3800 0.591717 0.19988 20.13816
6.30103 14.3800 0.591717 0.21764 20.10395
6.30103 14.3800 0.591717 0.23540 20.06829
6.30103 14.3800 0.591717 0.25316 20.02972
6.30103 14.3800 0.591717 0.27092 19.98849
6.30103 14.3800 0.591717 0.28869 19.94563
6.30103 14.3800 0.591717 0.30645 19.89821
6.30103 14.3800 0.591717 0.32421 19.85091
6.30103 14.3800 0.591717 0.34197 19.79895
6.30103 14.3800 0.591717 0.35973 19.74468
6.30103 14.3800 0.591717 0.37749 19.68835
6.30103 14.3800 0.591717 0.39525 19.62579
6.30103 14.3800 0.591717 0.41301 19.56546
6.30103 14.3800 0.591717 0.43077 19.49768
6.30103 14.3800 0.591717 0.44853 19.42904
6.30103 14.3800 0.591717 0.46629 19.35684
6.30103 14.3800 0.591717 0.48405 19.27754
6.30103 14.3800 0.591717 0.50181 19.20156
6.30103 14.3800 0.591717 0.51957 19.11468
6.30103 14.3800 0.591717 0.53733 19.03017
6.30103 14.3800 0.591717 0.55509 18.93879
6.30103 14.3800 0.591717 0.57285 18.84046
6.30103 14.3800 0.591717 0.59061 18.74559
6.30103 14.3800 0.591717 0.60837 18.63497
6.30103 14.3800 0.591717 0.62613 18.53273
6.30103 14.3800 0.591717 0.64389 18.41731
6.30103 14.3800 0.591717 0.66165 18.29703
6.30103 14.3800 0.591717 0.67941 18.17843
6.30103 14.3800 0.591717 0.69718 18.03718
6.30103 14.3800 0.591717 0.71494 17.91494
6.30103 14.3800 0.591717 0.73270 17.76810
6.30103 14.3800 0.591717 0.75046 17.62200
6.30103 14.3800 0.591717 0.76822 17.47203
6.30103 14.3800 0.591717 0.78598 17.29213
6.30103 14.3800 0.591717 0.80374 17.14403
6.30103 14.3800 0.591717 0.82150 16.95376
6.30103 14.3800 0.591717 0.83926 16.77679
6.30103 14.3800 0.591717 0.85702 16.58287
6.30103 14.3800 0.591717 0.87478 16.35825
6.30103 14.3800 0.591717 0.89254 16.16922
6.30103 14.3800 0.591717 0.91030 15.91546
6.30103 14.3800 0.591717 0.92806 15.70169
6.30103 14.3800 0.591717 0.94582 15.44218
6.30103 14.3800 0.591717 0.96358 15.16083
6.30103 14.3800 0.591717 0.98134 14.91042
6.30103 14.3800 0.591717 0.99910 14.55916
6.30103 14.3800 0.591717 1.01686 14.30422
6.30103 14.3800 0.591717 1.03462 13.94174
6.30103 14.3800 0.591717 1.05238 13.59375
6.30103 14.3800 0.591717 1.07014 13.24453
6.30103 14.3800 0.591717 1.08790 12.74052
6.30103 14.3800 0.591717 1.10567 12.44673
6.30103 14.3800 0.591717 1.12343 11.91927
6.30103 14.3800 0.591717 1.14119 11.50805
6.30103 14.3800 0.591717 1.15895 10.99232
6.30103 14.3800 0.591717 1.17671 10.29429
6.30103 14.3800 0.591717 1.19447 9.93627
6.30103 14.3800 0.591717 1.21223 9.15460
6.30103 14.3800 0.591717 1.22999 8.70636
6.30103 14.3800 0.591717 1.24775 7.92039
6.30103 14.3800 0.591717 1.26551 7.14270
6.30103 14.3800 0.591717 1.28327 6.53100
6.30103 14.3800 0.591717 1.30103 5.39531
6.30103 14.3800 0.762766 -1.52288 18.82465
6.30103 14.3800 0.762766 -1.50512 18.85002
6.30103 14.3800 0.762766 -1.48736 18.86971
6.30103 14.3800 0.762766 -1.46960 18.88537
6.30103 14.3800 0.762766 -1.45184 18.92561
6.30103 14.3800 0.762766 -1.43408 18.96308
6.30103 14.3800 0.762766 -1.41632 18.98185
6.30103 14.3800 0.762766 -1.39856 19.01086
6.30103 14.3800 0.762766 -1.38080 19.04910
6.30103 14.3800 0.762766 -1.36303 19.07439
6.30103 14.3800 0.762766 -1.34527 19.09740
6.30103 14.3800 0.762766 -1.32751 19.12745
6.30103 14.3800 0.762766 -1.30975 19.15434
6.30103 14.3800 0.762766 -1.29199 19.17750
6.30103 14.3800 0.762766 -1.27423 19.20545
6.30103 14.3800 0.762766 -1.25647 19.23467
6.30103 14.3800 0.762766 -1.23871 19.26457
6.30103 14.3800 0.762766 -1.22095 19.29020
6.30103 14.3800 0.762766 -1.20319 19.30878
6.30103 14.3800 0.762766 -1.18543 19.33270
6.30103 14.3800 0.762766 -1.16767 19.35909
6.30103 14.3800 0.762766 -1.14991 19.38073
6.30103 14.3800 0.762766 -1.13215 19.40408
6.30103 14.3800 0.762766 -1.11439 19.43275
6.30103 14.3800 0.762766 -1.09663 19.45659
6.30103 14.3800 0.762766 -1.07887 19.47708
6.30103 14.3800 0.762766 -1.06111 19.49921
6.30103 14.3800 0.762766 -1.04335 19.52068
6.30103 14.3800 0.762766 -1.02559 19.53913
6.30103 14.3800 0.762766 -1.00783 19.55837
6.30103 14.3800 0.762766 -0.99007 19.57837
6.30103 14.3800 0.762766 -0.97231 19.59773
6.30103 14.3800 0.762766 -0.95454 19.61660
6.30103 14.3800 0.762766 -0.93678 19.63307
6.30103 14.3800 0.762766 -0.91902 19.64841
6.30103 14.3800 0.762766 -0.90126 19.66221
6.30103 14.3800 0.762766 -0.88350 19.67433
6.30103 14.3800 0.762766 -0.86574 19.68577
6.30103 14.3800 0.762766 -0.84798 19.69317
6.30103 14.3800 0.762766 -0.83022 19.69817
6.30103 14.3800 0.762766 -0.81246 19.69827
6.30103 14.3800 0.762766 -0.79470 19.69054
6.30103 14.3800 0.762766 -0.77694 19.67788
6.30103 14.3800 0.762766 -0.75918 19.64641
6.30103 14.3800 0.762766 -0.74142 19.59302
6.30103 14.3800 0.762766 -0.72366 19.49607
6.30103 14.3800 0.762766 -0.70590 19.31367
6.30103 14.3800 0.762766 -0.68814 19.40878
6.30103 14.3800 0.762766 -0.67038 19.57434
6.30103 14.3800 0.762766 -0.65262 19.68676
6.30103 14.3800 0.762766 -0.63486 19.76688
6.30103 14.3800 0.762766 -0.61710 19.83130
6.30103 14.3800 0.762766 -0.59934 19.88478
6.30103 14.3800 0.762766 -0.58158 19.92927
6.30103 14.3800 0.762766 -0.56382 19.96967
6.30103 14.3800 0.762766 -0.54605 20.00489
6.30103 14.3800 0.762766 -0.52829 20.03763
6.30103 14.3800 0.762766 -0.51053 20.06780
6.30103 14.3800 0.762766 -0.49277 20.09568
6.30103 14.3800 0.762766 -0.47501 20.12235
6.30103 14.3800 0.762766 -0.45725 20.14663
6.30103 14.3800 0.762766 -0.43949 20.16982
6.30103 14.3800 0.762766 -0.42173 20.19136
6.30103 14.3800 0.762766 -0.40397 20.21155
6.30103 14.3800 0.762766 -0.38621 20.23101
6.30103 14.3800 0.762766 -0.36845 20.24842
6.30103 14.3800 0.762766 -0.35069 20.26523
6.30103 14.3800 0.762766 -0.33293 20.28068
6.30103 14.3800 0.762766 -0.31517 20.29485
6.30103 14.3800 0.762766 -0.29741 20.30815
6.30103 14.3800 0.762766 -0.27965 20.31952
6.30103 14.3800 0.762766 -0.26189 20.33034
6.30103 14.3800 0.762766 -0.24413 20.33946
6.30103 14.3800 0.762766 -0.22637 20.34753
6.30103 14.3800 0.762766 -0.20861 20.35457
6.30103 14.3800 0.762766 -0.19085 20.35968
6.30103 14.3800 0.762766 -0.17309 20.36414
6.30103 14.3800 0.762766 -0.15533 20.36640
6.30103 14.3800 0.762766 -0.13757 20.36767
6.30103 14.3800 0.762766 -0.11980 20.36751
6.30103 14.3800 0.762766 -0.10204 20.36549
6.30103 14.3800 0.762766 -0.08428 20.36258
6.30103 14.3800 0.762766 -0.06652 20.35725
6.30103 14.3800 0.762766 -0.04876 20.35085
6.30103 14.3800 0.762766 -0.03100 20.34259
6.30103 14.3800 0.762766 -0.01324 20.33252
6.30103 14.3800 0.762766 0.00452 20.32108
6.30103 14.3800 0.762766 0.02228 20.30721
6.30103 14.3800 0.762766 0.04004 20.29191
6.30103 14.3800 0.762766 0.05780 20.27453
6.30103 14.3800 0.762766 0.07556 20.25528
6.30103 14.3800 0.762766 0.09332 20.23401
6.30103 14.3800 0.762766 0.11108 20.21075
6.30103 14.3800 0.762766 0.12884 20.18530
6.30103 14.3800 0.762766 0.14660 20.15780
6.30103 14.3800 0.762766 0.16436 20.12810
6.30103 14.3800 0.762766 0.18212 20.09583
6.30103 14.3800 0.762766 0.19988 20.06193
6.30103 14.3800 0.762766 0.21764 20.02468
6.30103 14.3800 0.762766 0.23540 19.98615
6.30103 14.3800 0.762766 0.25316 19.94448
6.30103 14.3800 0.762766 0.27092 19.90003
6.30103 14.3800 0.762766 0.28869 19.85405
6.30103 14.3800 0.762766 0.30645 19.80307
6.30103 14.3800 0.762766 0.32421 19.75258
6.30103 14.3800 0.762766 0.34197 19.69698
6.30103 14.3800 0.762766 0.35973 19.63912
6.30103 14.3800 0.762766 0.37749 19.57919
6.30103 14.3800 0.762766 0.39525 19.51245
6.30103 14.3800 0.762766 0.41301 19.44860
6.30103 14.3800 0.762766 0.43077 19.37657
6.30103 14.3800 0.762766 0.44853 19.30394
6.30103 14.3800 0.762766 0.46629 19.22755
6.30103 14.3800 0.762766 0.48405 19.14352
6.30103 14.3800 0.762766 0.50181 19.06351
6.30103 14.3800 0.762766 0.51957 18.97161
6.30103 14.3800 0.762766 0.53733 18.88271
6.30103 14.3800 0.762766 0.55509 18.78640
6.30103 14.3800 0.762766 0.57285 18.68276
6.30103 14.3800 0.762766 0.59061 18.58320
6.30103 14.3800 0.762766 0.60837 18.46653
6.30103 14.3800 0.762766 0.62613 18.35951
6.30103 14.3800 0.762766 0.64389 18.23815
6.30103 14.3800 0.762766 0.66165 18.11190
6.30103 14.3800 0.762766 0.67941 17.98771
6.30103 14.3800 0.762766 0.69718 17.83900
6.30103 14.3800 0.762766 0.71494 17.71161
6.30103 14.3800 0.762766 0.73270 17.55741
6.30103 14.3800 0.762766 0.75046 17.40466
6.30103 14.3800 0.762766 0.76822 17.24778
6.30103 14.3800 0.762766 0.78598 17.05874
6.30103 14.3800 0.762766 0.80374 16.90492
6.30103 14.3800 0.762766 0.82150 16.70529
6.30103 14.3800 0.762766 0.83926 16.52109
6.30103 14.3800 0.762766 0.85702 16.31838
6.30103 14.3800 0.762766 0.87478 16.08333
6.30103 14.3800 0.762766 0.89254 15.88726
6.30103 14.3800 0.762766 0.91030 15.62149
6.30103 14.3800 0.762766 0.92806 15.40043
6.30103 14.3800 0.762766 0.94582 15.12969
6.30103 14.3800 0.762766 0.96358 14.83746
6.30103 14.3800 0.762766 0.98134 14.57834
6.30103 14.3800 0.762766 0.99910 14.21241
6.30103 14.3800 0.762766 1.01686 13.95145
6.30103 14.3800 0.762766 1.03462 13.57561
6.30103 14.3800 0.762766 1.05238 13.21875
6.30103 14.3800 0.762766 1.07014 12.85944
6.30103 14.3800 0.762766 1.08790 12.34077
6.30103 14.3800 0.762766 1.10567 12.04380
6.30103 14.3800 0.762766 1.12343 11.50425
6.30103 14.3800 0.762766 1.14119 11.08906
6.30103 14.3800 0.762766 1.15895 10.56516
6.30103 14.3800 0.762766 1.17671 9.86044
6.30103 14.3800 0.762766 1.19447 9.50115
6.30103 14.3800 0.762766 1.21223 8.71648
6.30103 14.3800 0.762766 1.22999 8.26860
6.30103 14.3800 0.762766 1.24775 7.48461
6.30103 14.3800 0.762766 1.26551 6.71057
6.30103 14.3800 0.762766 1.28327 6.10406
6.30103 14.3800 0.762766 1.30103 4.98315
6.30103 14.3800 0.898333 -1.52288 18.82506
6.30103 14.3800 0.898333 -1.50512 18.86260
6.30103 14.3800 0.898333 -1.48736 18.90203
6.30103 14.3800 0.898333 -1.46960 18.94209
6.30103 14.3800 0.898333 -1.45184 18.96707
6.30103 14.3800 0.898333 -1.43408 18.98796
6.30103 14.3800 0.898333 -1.41632 19.00062
6.30103 14.3800 0.898333 -1.39856 19.02672
6.30103 14.3800 0.898333 -1.38080 19.06519
6.30103 14.3800 0.898333 -1.36303 19.09648
6.30103 14.3800 0.898333 -1.34527 19.12564
6.30103 14.3800 0.898333 -1.32751 19.15498
6.30103 14.3800 0.898333 -1.30975 19.17994
6.30103 14.3800 0.898333 -1.29199 19.19953
6.30103 14.3800 0.898333 -1.27423 19.21977
6.30103 14.3800 0.898333 -1.25647 19.24057
6.30103 14.3800 0.898333 -1.23871 19.27269
6.30103 14.3800 0.898333 -1.22095 19.30093
6.30103 14.3800 0.898333 -1.20319 19.32311
6.30103 14.3800 0.898333 -1.18543 19.34413
6.30103 14.3800 0.898333 -1.16767 19.36450
6.30103 14.3800 0.898333 -1.14991 19.39099
6.30103 14.3800 0.898333 -1.13215 19.41521
6.30103 14.3800 0.898333 -1.11439 19.43350
6.30103 14.3800 0.898333 -1.09663 19.45534
6.30103 14.3800 0.898333 -1.07887 19.47955
6.30103 14.3800 0.898333 -1.06111 19.49867
6.30103 14.3800 0.898333 -1.04335 19.51741
6.30103 14.3800 0.898333 -1.02559 19.53752
6.30103 14.3800 0.898333 -1.00783 19.55743
6.30103 14.3800 0.898333 -0.99007 19.57715
6.30103 14.3800 0.898333 -0.97231 19.59447
6.30103 14.3800 0.898333 -0.95454 19.61118
6.30103 14.3800 0.898333 -0.93678 19.62739
6.30103 14.3800 0.898333 -0.91902 19.64258
6.30103 14.3800 0.898333 -0.90126 19.65638
6.30103 14.3800 0.898333 -0.88350 19.66745
6.30103 14.3800 0.898333 -0.86574 19.67746
6.30103 14.3800 0.898333 -0.84798 19.68324
6.30103 14.3800 0.898333 -0.83022 19.68658
6.30103 14.3800 0.898333 -0.81246 19.68492
6.30103 14.3800 0.898333 -0.79470 19.67523
6.30103 14.3800 0.898333 -0.77694 19.66037
6.30103 14.3800 0.898333 -0.75918 19.62725
6.30103 14.3800 0.898333 -0.74142 19.57489
6.30103 14.3800 0.898333 -0.72366 19.48821
6.30103 14.3800 0.898333 -0.70590 19.33798
6.30103 14.3800 0.898333 -0.68814 19.41629
6.30103 14.3800 0.898333 -0.67038 19.55478
6.30103 14.3800 0.898333 -0.65262 19.65530
6.30103 14.3800 0.898333 -0.63486 19.73102
6.30103 14.3800 0.898333 -0.61710 19.79295
6.30103 14.3800 0.898333 -0.59934 19.84507
6.30103 14.3800 0.898333 -0.58158 19.88821
6.30103 14.3800 0.898333 -0.56382 19.92731
6.30103 14.3800 0.898333 -0.54605 19.96080
6.30103 14.3800 0.898333 -0.52829 19.99171
6.30103 14.3800 0.898333 -0.51053 20.01985
6.30103 14.3800 0.898333 -0.49277 20.04536
6.30103 14.3800 0.898333 -0.47501 20.06962
6.30103 14.3800 0.898333 -0.45725 20.09106
6.30103 14.3800 0.898333 -0.43949 20.11153
6.30103 14.3800 0.898333 -0.42173 20.13040
6.30103 14.3800 0.898333 -0.40397 20.14763
6.30103 14.3800 0.898333 -0.38621 20.16407
6.30103 14.3800 0.898333 -0.36845 20.17835
6.30103 14.3800 0.898333 -0.35069 20.19199
6.30103 14.3800 0.898333 -0.33293 20.20396
6.30103 14.3800 0.898333 -0.31517 20.21466
6.30103 14.3800 0.898333 -0.29741 20.22448
6.30103 14.3800 0.898333 -0.27965 20.23223
6.30103 14.3800 0.898333 -0.26189 20.23937
6.30103 14.3800 0.898333 -0.24413 20.24460
6.30103 14.3800 0.898333 -0.22637 20.24860
6.30103 14.3800 0.898333 -0.20861 20.25135
6.30103 14.3800 0.898333 -0.19085 20.25212
6.30103 14.3800 0.898333 -0.17309 20.25210
6.30103 14.3800 0.898333 -0.15533 20.24977
6.30103 14.3800 0.898333 -0.13757 20.24626
6.30103 14.3800 0.898333 -0.11980 20.24107
6.30103 14.3800 0.898333 -0.10204 20.23390
6.30103 14.3800 0.898333 -0.08428 20.22557
6.30103 14.3800 0.898333 -0.06652 20.21465
6.30103 14.3800 0.898333 -0.04876 20.20238
6.30103 14.3800 0.898333 -0.03100 20.18807
6.30103 14.3800 0.898333 -0.01324 20.17176
6.30103 14.3800 0.898333 0.00452 20.15361
6.30103 14.3800 0.898333 0.02228 20.13320
6.30103 14.3800 0.898333 0.04004 20.11083
6.30103 14.3800 0.898333 0.05780 20.08621
6.30103 14.3800 0.898333 0.07556 20.05949
6.30103 14.3800 0.898333 0.09332 20.03017
6.30103 14.3800 0.898333 0.11108 19.99910
6.30103 14.3800 0.898333 0.12884 19.96501
6.30103 14.3800 0.898333 0.14660 19.92908
6.30103 14.3800 0.898333 0.16436 19.89047
6.30103 14.3800 0.898333 0.18212 19.84872
6.30103 14.3800 0.898333 0.19988 19.80569
6.30103 14.3800 0.898333 0.21764 19.75809
6.30103 14.3800 0.898333 0.23540 19.70993
6.30103 14.3800 0.898333 0.25316 19.65768
6.30103 14.3800 0.898333 0.27092 19.60231
6.30103 14.3800 0.898333 0.28869 19.54569
6.30103 14.3800 0.898333 0.30645 19.48235
6.30103 14.3800 0.898333 0.32421 19.42117
6.30103 14.3800 0.898333 0.34197 19.35312
6.30103 14.3800 0.898333 0.35973 19.28295
6.30103 14.3800 0.898333 0.37749 19.21068
6.30103 14.3800 0.898333 0.39525 19.12953
6.30103 14.3800 0.898333 0.41301 19.05382
6.30103 14.3800 0.898333 0.43077 18.96715
6.30103 14.3800 0.898333 0.44853 18.88096
6.30103 14.3800 0.898333 0.46629 18.79026
6.30103 14.3800 0.898333 0.48405 18.69003
6.30103 14.3800 0.898333 0.50181 18.59654
6.30103 14.3800 0.898333 0.51957 18.48741
6.30103 14.3800 0.898333 0.53733 18.38389
6.30103 14.3800 0.898333 0.55509 18.27091
6.30103 14.3800 0.898333 0.57285 18.14943
6.30103 14.3800 0.898333 0.59061 18.03446
6.30103 14.3800 0.898333 0.60837 17.89751
6.30103 14.3800 0.898333 0.62613 17.77519
6.30103 14.3800 0.898333 0.64389 17.63439
6.30103 14.3800 0.898333 0.66165 17.48910
6.30103 14.3800 0.898333 0.67941 17.34732
6.30103 14.3800 0.898333 0.69718 17.17502
6.30103 14.3800 0.898333 0.71494 17.03249
6.30103 14.3800 0.898333 0.73270 16.85607
6.30103 14.3800 0.898333 0.75046 16.68436
6.30103 14.3800 0.898333 0.76822 16.50810
6.30103 14.3800 0.898333 0.78598 16.29413
6.30103 14.3800 0.898333 0.80374 16.12644
6.30103 14.3800 0.898333 0.82150 15.90377
6.30103 14.3800 0.898333 0.83926 15.70410
6.30103 14.3800 0.898333 0.85702 15.48316
6.30103 14.3800 0.898333 0.87478 15.22922
6.30103 14.3800 0.898333 0.89254 15.02275
6.30103 14.3800 0.898333 0.91030 14.74090
6.30103 14.3800 0.898333 0.92806 14.51389
6.30103 14.3800 0.898333 0.94582 14.23505
6.30103 14.3800 0.898333 0.96358 13.94025
6.30103 14.3800 0.898333 0.98134 13.68159
6.30103 14.3800 0.898333 0.99910 13.32175
6.30103 14.3800 0.898333 1.01686 13.06708
6.30103 14.3800 0.898333 1.03462 12.70607
6.30103 14.3800 0.898333 1.05238 12.36426
6.30103 14.3800 0.898333 1.07014 12.02353
6.30103 14.3800 0.898333 1.08790 11.53929
6.30103 14.3800 0.898333 1.10567 11.25254
6.30103 14.3800 0.898333 1.12343 10.75109
6.30103 14.3800 0.898333 1.14119 10.35320
6.30103 14.3800 0.898333 1.15895 9.86507
6.30103 14.3800 0.898333 1.17671 9.20450
6.30103 14.3800 0.898333 1.19447 8.85726
6.30103 14.3800 0.898333 1.21223 8.12210
6.30103 14.3800 0.898333 1.22999 7.68415
6.30103 14.3800 0.898333 1.24775 6.94701
6.30103 14.3800 0.898333 1.26551 6.19850
6.30103 14.3800 0.898333 1.28327 5.62399
6.30103 14.3800 0.898333 1.30103 4.55765
6.30103 14.3800 0.980145 -1.52288 18.84480
6.30103 14.3800 0.980145 -1.50512 18.86071
6.30103 14.3800 0.980145 -1.48736 18.88310
6.30103 14.3800 0.980145 -1.46960 18.90992
6.30103 14.3800 0.980145 -1.45184 18.95628
6.30103 14.3800 0.980145 -1.43408 18.99987
6.30103 14.3800 0.980145 -1.41632 19.03040
6.30103 14.3800 0.980145 -1.39856 19.05080
6.30103 14.3800 0.980145 -1.38080 19.06152
6.30103 14.3800 0.980145 -1.36303 19.08666
6.30103 14.3800 0.980145 -1.34527 19.11493
6.30103 14.3800 0.980145 -1.32751 19.14378
6.30103 14.3800 0.980145 -1.30975 19.17139
6.30103 14.3800 0.980145 -1.29199 19.19765
6.30103 14.3800 0.980145 -1.27423 19.21762
6.30103 14.3800 0.980145 -1.25647 19.23544
6.30103 14.3800 0.980145 -1.23871 19.25688
6.30103 14.3800 0.980145 -1.22095 19.27811
6.30103 14.3800 0.980145 -1.20319 19.29909
6.30103 14.3800 0.980145 -1.18543 19.32301
6.30103 14.3800 0.980145 -1.16767 19.34823
6.30103 14.3800 0.980145 -1.14991 19.36704
6.30103 14.3800 0.980145 -1.13215 19.38510
6.30103 14.3800 0.980145 -1.11439 19.40197
6.30103 14.3800 0.980145 -1.09663 19.42015
6.30103 14.3800 0.980145 -1.07887 19.43926
6.30103 14.3800 0.980145 -1.06111 19.45937
6.30103 14.3800 0.980145 -1.04335 19.47930
6.30103 14.3800 0.980145 -1.02559 19.49829
6.30103 14.3800 0.980145 -1.00783 19.51621
6.30103 14.3800 0.980145 -0.99007 19.53309
6.30103 14.3800 0.980145 -0.97231 19.54971
6.30103 14.3800 0.980145 -0.95454 19.56600
6.30103 14.3800 0.980145 -0.93678 19.58004
6.30103 14.3800 0.980145 -0.91902 19.59289
6.30103 14.3800 0.980145 -0.90126 19.60407
6.30103 14.3800 0.980145 -0.88350 19.61243
6.30103 14.3800 0.980145 -0.86574 19.61962
6.30103 14.3800 0.980145 -0.84798 19.62121
6.30103 14.3800 0.980145 -0.83022 19.62018
6.30103 14.3800 0.980145 -0.81246 19.61379
6.30103 14.3800 0.980145 -0.79470 19.60046
6.30103 14.3800 0.980145 -0.77694 19.58236
6.30103 14.3800 0.980145 -0.75918 19.55310
6.30103 14.3800 0.980145 -0.74142 19.51405
6.30103 14.3800 0.980145 -0.72366 19.46031
6.30103 14.3800 0.980145 -0.70590 19.38310
6.30103 14.3800 0.980145 -0.68814 19.42416
6.30103 14.3800 0.980145 -0.67038 19.50167
6.30103 14.3800 0.980145 -0.65262 19.56576
6.30103 14.3800 0.980145 -0.63486 19.62042
6.30103 14.3800 0.980145 -0.61710 19.66869
6.30103 14.3800 0.980145 -0.59934 19.71196
6.30103 14.3800 0.980145 -0.58158 19.74948
6.30103 14.3800 0.980145 -0.56382 19.78415
6.30103 14.3800 0.980145 -0.54605 19.81408
6.30103 14.3800 0.980145 -0.52829 19.84162
6.30103 14.3800 0.980145 -0.51053 19.86645
6.30103 14.3800 0.980145 -0.49277 19.88835
6.30103 14.3800 0.980145 -0.47501 19.90899
6.30103 14.3800 0.980145 -0.45725 19.92631
6.30103 14.3800 0.980145 -0.43949 19.94252
6.30103 14.3800 0.980145 -0.42173 19.95670
6.30103 14.3800 0.980145 -0.40397 19.96893
6.30103 14.3800 0.980145 -0.38621 19.98022
6.30103 14.3800 0.980145 -0.36845 19.98865
6.30103 14.3800 0.980145 -0.35069 19.99631
6.30103 14.3800 0.980145 -0.33293 20.00189
6.30103 14.3800 0.980145 -0.31517 20.00585
6.30103 14.3800 0.980145 -0.29741 20.00863
6.30103 14.3800 0.980145 -0.27965 20.00881
6.30103 14.3800 0.980145 -0.26189 20.00809
6.30103 14.3800 0.980145 -0.24413 20.00493
6.30103 14.3800 0.980145 -0.22637 20.00023
6.30103 14.3800 0.980145 -0.20861 19.99385
6.30103 14.3800 0.980145 -0.19085 19.98501
6.30103 14.3800 0.980145 -0.17309 19.97483
6.30103 14.3800 0.980145 -0.15533 19.96192
6.30103 14.3800 0.980145 -0.13757 19.94728
6.30103 14.3800 0.980145 -0.11980 19.93039
6.30103 14.3800 0.980145 -0.10204 19.91113
6.30103 14.3800 0.980145 -0.08428 19.88973
6.30103 14.3800 0.980145 -0.06652 19.86575
6.30103 14.3800 0.980145 -0.04876 19.83940
6.30103 14.3800 0.980145 -0.03100 19.81042
6.30103 14.3800 0.980145 -0.01324 19.77906
6.30103 14.3800 0.980145 0.00452 19.74439
6.30103 14.3800 0.980145 0.02228 19.70802
6.30103 14.3800 0.980145 0.04004 19.66792
6.30103 14.3800 0.980145 0.05780 19.62545
6.30103 14.3800 0.980145 0.07556 19.58012
6.30103 14.3800 0.980145 0.09332 19.53042
6.30103 14.3800 0.980145 0.11108 19.48010
6.30103 14.3800 0.980145 0.12884 19.42399
6.30103 14.3800 0.980145 0.14660 19.36694
6.30103 14.3800 0.980145 0.16436 19.30563
6.30103 14.3800 0.980145 0.18212 19.23953
6.30103 14.3800 0.980145 0.19988 19.17358
6.30103 14.3800 0.980145 0.21764 19.09900
6.30103 14.3800 0.980145 0.23540 19.02679
6.30103 14.3800 0.980145 0.25316 18.94732
6.30103 14.3800 0.980145 0.27092 18.86397
6.30103 14.3800 0.980145 0.28869 18.78059
6.30103 14.3800 0.980145 0.30645 18.68498
6.30103 14.3800 0.980145 0.32421 18.59765
6.30103 14.3800 0.980145 0.34197 18.49777
6.30103 14.3800 0.980145 0.35973 18.39707
6.30103 14.3800 0.980145 0.37749 18.29445
6.30103 14.3800 0.980145 0.39525 18.17696
6.30103 14.3800 0.980145 0.41301 18.07393
6.30103 14.3800 0.980145 0.43077 17.95175
6.30103 14.3800 0.980145 0.44853 17.83486
6.30103 14.3800 0.980145 0.46629 17.71178
6.30103 14.3800 0.980145 0.48405 17.57550
6.30103 14.3800 0.980145 0.50181 17.45498
6.30103 14.3800 0.980145 0.51957 17.31039
6.30103 14.3800 0.980145 0.53733 17.18093
6.30103 14.3800 0.980145 0.55509 17.03872
6.30103 14.3800 0.980145 0.57285 16.88946
6.30103 14.3800 0.980145 0.59061 16.75450
6.30103 14.3800 0.980145 0.60837 16.59332
6.30103 14.3800 0.980145 0.62613 16.45974
6.30103 14.3800 0.980145 0.64389 16.30671
6.30103 14.3800 0.980145 0.66165 16.15709
6.30103 14.3800 0.980145 0.67941 16.01707
6.30103 14.3800 0.980145 0.69718 15.85377
6.30103 14.3800 0.980145 0.71494 15.72613
6.30103 14.3800 0.980145 0.73270 15.57416
6.30103 14.3800 0.980145 0.75046 15.43257
6.30103 14.3800 0.980145 0.76822 15.29177
6.30103 14.3800 0.980145 0.78598 15.13044
6.30103 14.3800 0.980145 0.80374 14.99988
6.30103 14.3800 0.980145 0.82150 14.83837
6.30103 14.3800 0.980145 0.83926 14.68836
6.30103 14.3800 0.980145 0.85702 14.52711
6.30103 14.3800 0.980145 0.87478 14.34352
6.30103 14.3800 0.980145 0.89254 14.18375
6.30103 14.3800 0.980145 0.91030 13.97809
6.30103 14.3800 0.980145 0.92806 13.79575
6.30103 14.3800 0.980145 0.94582 13.58153
6.30103 14.3800 0.980145 0.96358 13.34548
6.30103 14.3800 0.980145 0.98134 13.13095
6.30103 14.3800 0.980145 0.99910 12.83902
6.30103 14.3800 0.980145 1.01686 12.61128
6.30103 14.3800 0.980145 1.03462 12.30415
6.30103 14.3800 0.980145 1.05238 11.99707
6.30103 14.3800 0.980145 1.07014 11.69266
6.30103 14.3800 0.980145 1.08790 11.25922
6.30103 14.3800 0.980145 1.10567 10.98530
6.30103 14.3800 0.980145 1.12343 10.52644
6.30103 14.3800 0.980145 1.14119 10.14643
6.30103 14.3800 0.980145 1.15895 9.69159
6.30103 14.3800 0.980145 1.17671 9.06955
6.30103 14.3800 0.980145 1.19447 8.73249
6.30103 14.3800 0.980145 1.21223 8.03699
6.30103 14.3800 0.980145 1.22999 7.60733
6.30103 14.3800 0.980145 1.24775 6.90528
6.30103 14.3800 0.980145 1.26551 6.17605
6.30103 14.3800 0.980145 1.28327 5.62339
6.30103 14.3800 0.980145 1.30103 4.59308
6.39794 14.3800 0.019855 -1.52288 18.65690
6.39794 14.3800 0.019855 -1.50512 18.68665
6.39794 14.3800 0.019855 -1.48736 18.71662
6.39794 14.3800 0.019855 -1.46960 18.74651
6.39794 14.3800 0.019855 -1.45184 18.77659
6.39794 14.3800 0.019855 -1.43408 18.80609
6.39794 14.3800 0.019855 -1.41632 18.83529
6.39794 14.3800 0.019855 -1.39856 18.86440
6.39794 14.3800 0.019855 -1.38080 18.89344
6.39794 14.3800 0.019855 -1.36303 18.92236
6.39794 14.3800 0.019855 -1.34527 18.95080
6.39794 14.3800 0.019855 -1.32751 18.97921
6.39794 14.3800 0.019855 -1.30975 19.00742
6.39794 14.3800 0.019855 -1.29199 19.03559
6.39794 14.3800 0.019855 -1.27423 19.06329
6.39794 14.3800 0.019855 -1.25647 19.09048
6.39794 14.3800 0.019855 -1.23871 19.11773
6.39794 14.3800 0.019855 -1.22095 19.14460
6.39794 14.3800 0.019855 -1.20319 19.17125
6.39794 14.3800 0.019855 -1.18543 19.19742
6.39794 14.3800 0.019855 -1.16767 19.22313
6.39794 14.3800 0.019855 -1.14991 19.24840
6.39794 14.3800 0.019855 -1.13215 19.27318
6.39794 14.3800 0.019855 -1.11439 19.29737
6.39794 14.3800 0.019855 -1.09663 19.32093
6.39794 14.3800 0.019855 -1.07887 19.34397
6.39794 14.3800 0.019855 -1.06111 19.36609
6.39794 14.3800 0.019855 -1.04335 19.38770
6.39794 14.3800 0.019855 -1.02559 19.40820
6.39794 14.3800 0.019855 -1.00783 19.42775
6.39794 14.3800 0.019855 -0.99007 19.44642
6.39794 14.3800 0.019855 -0.97231 19.46338
6.39794 14.3800 0.019855 -0.95454 19.47967
6.39794 14.3800 0.019855 -0.93678 19.49365
6.39794 14.3800 0.019855 -0.91902 19.50638
6.39794 14.3800 0.019855 -0.90126 19.51736
6.39794 14.3800 0.019855 -0.88350 19.52549
6.39794 14.3800 0.019855 -0.86574 19.53248
6.39794 14.3800 0.019855 -0.84798 19.53476
6.39794 14.3800 0.019855 -0.83022 19.53501
6.39794 14.3800 0.019855 -0.81246 19.53111
6.39794 14.3800 0.019855 -0.79470 19.52192
6.39794 14.3800 0.019855 -0.77694 19.50927
6.39794 14.3800 0.019855 -0.75918 19.48727
6.39794 14.3800 0.019855 -0.74142 19.45589
6.39794 14.3800 0.019855 -0.72366 19.40497
6.39794 14.3800 0.019855 -0.70590 19.23728
6.39794 14.3800 0.019855 -0.68814 19.35321
6.39794 14.3800 0.019855 -0.67038 19.46065
6.39794 14.3800 0.019855 -0.65262 19.53129
6.39794 14.3800 0.019855 -0.63486 19.59086
6.39794 14.3800 0.019855 -0.61710 19.64450
6.39794 14.3800 0.019855 -0.59934 19.69350
6.39794 14.3800 0.019855 -0.58158 19.73850
6.39794 14.3800 0.019855 -0.56382 19.78058
6.39794 14.3800 0.019855 -0.54605 19.81949
6.39794 14.3800 0.019855 -0.52829 19.85599
6.39794 14.3800 0.019855 -0.51053 19.89020
6.39794 14.3800 0.019855 -0.49277 19.92186
6.39794 14.3800 0.019855 -0.47501 19.95201
6.39794 14.3800 0.019855 -0.45725 19.97933
6.39794 14.3800 0.019855 -0.43949 20.00524
6.39794 14.3800 0.019855 -0.42173 20.02917
6.39794 14.3800 0.019855 -0.40397 20.05105
6.39794 14.3800 0.019855 -0.38621 20.07184
6.39794 14.3800 0.019855 -0.36845 20.08978
6.39794 14.3800 0.019855 -0.35069 20.10678
6.39794 14.3800 0.019855 -0.33293 20.12161
6.39794 14.3800 0.019855 -0.31517 20.13469
6.39794 14.3800 0.019855 -0.29741 20.14658
6.39794 14.3800 0.019855 -0.27965 20.15567
6.39794 14.3800 0.019855 -0.26189 20.16389
6.39794 14.3800 0.019855 -0.24413 20.16954
6.39794 14.3800 0.019855 -0.22637 20.17360
6.39794 14.3800 0.019855 -0.20861 20.17604
6.39794 14.3800 0.019855 -0.19085 20.17578
6.39794 14.3800 0.019855 -0.17309 20.17444
6.39794 14.3800 0.019855 -0.15533 20.17005
6.39794 14.3800 0.019855 -0.13757 20.16409
6.39794 14.3800 0.019855 -0.11980 20.15594
6.39794 14.3800 0.019855 -0.10204 20.14518
6.39794 14.3800 0.019855 -0.08428 20.13279
6.39794 14.3800 0.019855 -0.06652 20.11716
6.39794 14.3800 0.019855 -0.04876 20.09964
6.39794 14.3800 0.019855 -0.03100 20.07940
6.39794 14.3800 0.019855 -0.01324 20.05662
6.39794 14.3800 0.019855 0.00452 20.03119
6.39794 14.3800 0.019855 0.02228 20.00308
6.39794 14.3800 0.019855 0.04004 19.97208
6.39794 14.3800 0.019855 0.05780 19.93829
6.39794 14.3800 0.019855 0.07556 19.90176
6.39794 14.3800 0.019855 0.09332 19.86150
6.39794 14.3800 0.019855 0.11108 19.81962
6.39794 14.3800 0.019855 0.12884 19.77318
6.39794 14.3800 0.019855 0.14660 19.72504
6.39794 14.3800 0.019855 0.16436 19.67332
6.39794 14.3800 0.019855 0.18212 19.61747
6.39794 14.3800 0.019855 0.19988 19.56121
6.39794 14.3800 0.019855 0.21764 19.49832
6.39794 14.3800 0.019855 0.23540 19.43692
6.39794 14.3800 0.019855 0.25316 19.37032
6.39794 14.3800 0.019855 0.27092 19.30108
6.39794 14.3800 0.019855 0.28869 19.23262
6.39794 14.3800 0.019855 0.30645 19.15627
6.39794 14.3800 0.019855 0.32421 19.08753
6.39794 14.3800 0.019855 0.34197 19.01203
6.39794 14.3800 0.019855 0.35973 18.93868
6.39794 14.3800 0.019855 0.37749 18.86740
6.39794 14.3800 0.019855 0.39525 18.79114
6.39794 14.3800 0.019855 0.41301 18.72746
6.39794 14.3800 0.019855 0.43077 18.65842
6.39794 14.3800 0.019855 0.44853 18.59684
6.39794 14.3800 0.019855 0.46629 18.53728
6.39794 14.3800 0.019855 0.48405 18.47788
6.39794 14.3800 0.019855 0.50181 18.42680
6.39794 14.3800 0.019855 0.51957 18.37256
6.39794 14.3800 0.019855 0.53733 18.32347
6.39794 14.3800 0.019855 0.55509 18.27295
6.39794 14.3800 0.019855 0.57285 18.22132
6.39794 14.3800 0.019855 0.59061 18.17060
6.39794 14.3800 0.019855 0.60837 18.11472
6.39794 14.3800 0.019855 0.62613 18.05910
6.39794 14.3800 0.019855 0.64389 17.99800
6.39794 14.3800 0.019855 0.66165 17.93236
6.39794 14.3800 0.019855 0.67941 17.86405
6.39794 14.3800 0.019855 0.69718 17.78551
6.39794 14.3800 0.019855 0.71494 17.70807
6.39794 14.3800 0.019855 0.73270 17.61921
6.39794 14.3800 0.019855 0.75046 17.52490
6.39794 14.3800 0.019855 0.76822 17.42553
6.39794 14.3800 0.019855 0.78598 17.30822
6.39794 14.3800 0.019855 0.80374 17.19944
6.39794 14.3800 0.019855 0.82150 17.06720
6.39794 14.3800 0.019855 0.83926 16.93443
6.39794 14.3800 0.019855 0.85702 16.78994
6.39794 14.3800 0.019855 0.87478 16.62105
6.39794 14.3800 0.019855 0.89254 16.46860
6.39794 14.3800 0.019855 0.91030 16.27242
6.39794 14.3800 0.019855 0.92806 16.09379
6.39794 14.3800 0.019855 0.94582 15.88393
6.39794 14.3800 0.019855 0.96358 15.65017
6.39794 14.3800 0.019855 0.98134 15.43664
6.39794 14.3800 0.019855 0.99910 15.14517
6.39794 14.3800 0.019855 1.01686 14.91699
6.39794 14.3800 0.019855 1.03462 14.60893
6.39794 14.3800 0.019855 1.05238 14.30076
6.39794 14.3800 0.019855 1.07014 13.99522
6.39794 14.3800 0.019855 1.08790 13.56006
6.39794 14.3800 0.019855 1.10567 13.28583
6.39794 14.3800 0.019855 1.12343 12.82612
6.39794 14.3800 0.019855 1.14119 12.44633
6.39794 14.3800 0.019855 1.15895 11.99213
6.39794 14.3800 0.019855 1.17671 11.37287
6.39794 14.3800 0.019855 1.19447 11.03711
6.39794 14.3800 0.019855 1.21223 10.34820
6.39794 14.3800 0.019855 1.22999 9.92113
6.39794 14.3800 0.019855 1.24775 9.22969
6.39794 14.3800 0.019855 1.26551 8.51008
6.39794 14.3800 0.019855 1.28327 7.96830
6.39794 14.3800 0.019855 1.30103 6.96495
6.39794 14.3800 0.101667 -1.52288 18.75528
6.39794 14.3800 0.101667 -1.50512 18.78119
6.39794 14.3800 0.101667 -1.48736 18.81062
6.39794 14.3800 0.101667 -1.46960 18.84216
6.39794 14.3800 0.101667 -1.45184 18.87279
6.39794 14.3800 0.101667 -1.43408 18.90240
6.39794 14.3800 0.101667 -1.41632 18.93051
6.39794 14.3800 0.101667 -1.39856 18.95908
6.39794 14.3800 0.101667 -1.38080 18.98806
6.39794 14.3800 0.101667 -1.36303 19.01681
6.39794 14.3800 0.101667 -1.34527 19.04510
6.39794 14.3800 0.101667 -1.32751 19.07360
6.39794 14.3800 0.101667 -1.30975 19.10211
6.39794 14.3800 0.101667 -1.29199 19.13085
6.39794 14.3800 0.101667 -1.27423 19.15907
6.39794 14.3800 0.101667 -1.25647 19.18672
6.39794 14.3800 0.101667 -1.23871 19.21442
6.39794 14.3800 0.101667 -1.22095 19.24160
6.39794 14.3800 0.101667 -1.20319 19.26840
6.39794 14.3800 0.101667 -1.18543 19.29530
6.39794 14.3800 0.101667 -1.16767 19.32198
6.39794 14.3800 0.101667 -1.14991 19.34824
6.39794 14.3800 0.101667 -1.13215 19.37409
6.39794 14.3800 0.101667 -1.11439 19.39968
6.39794 14.3800 0.101667 -1.09663 19.42497
6.39794 14.3800 0.101667 -1.07887 19.44994
6.39794 14.3800 0.101667 -1.06111 19.47413
6.39794 14.3800 0.101667 -1.04335 19.49785
6.39794 14.3800 0.101667 -1.02559 19.52101
6.39794 14.3800 0.101667 -1.00783 19.54345
6.39794 14.3800 0.101667 -0.99007 19.56523
6.39794 14.3800 0.101667 -0.97231 19.58569
6.39794 14.3800 0.101667 -0.95454 19.60553
6.39794 14.3800 0.101667 -0.93678 19.62351
6.39794 14.3800 0.101667 -0.91902 19.64027
6.39794 14.3800 0.101667 -0.90126 19.65542
6.39794 14.3800 0.101667 -0.88350 19.66775
6.39794 14.3800 0.101667 -0.86574 19.67893
6.39794 14.3800 0.101667 -0.84798 19.68458
6.39794 14.3800 0.101667 -0.83022 19.68758
6.39794 14.3800 0.101667 -0.81246 19.68515
6.39794 14.3800 0.101667 -0.79470 19.67506
6.39794 14.3800 0.101667 -0.77694 19.65999
6.39794 14.3800 0.101667 -0.75918 19.63048
6.39794 14.3800 0.101667 -0.74142 19.58673
6.39794 14.3800 0.101667 -0.72366 19.51682
6.39794 14.3800 0.101667 -0.70590 19.37067
6.39794 14.3800 0.101667 -0.68814 19.46040
6.39794 14.3800 0.101667 -0.67038 19.59027
6.39794 14.3800 0.101667 -0.65262 19.68595
6.39794 14.3800 0.101667 -0.63486 19.76434
6.39794 14.3800 0.101667 -0.61710 19.83159
6.39794 14.3800 0.101667 -0.59934 19.89066
6.39794 14.3800 0.101667 -0.58158 19.94221
6.39794 14.3800 0.101667 -0.56382 19.98921
6.39794 14.3800 0.101667 -0.54605 20.03088
6.39794 14.3800 0.101667 -0.52829 20.06939
6.39794 14.3800 0.101667 -0.51053 20.10483
6.39794 14.3800 0.101667 -0.49277 20.13727
6.39794 14.3800 0.101667 -0.47501 20.16800
6.39794 14.3800 0.101667 -0.45725 20.19589
6.39794 14.3800 0.101667 -0.43949 20.22241
6.39794 14.3800 0.101667 -0.42173 20.24706
6.39794 14.3800 0.101667 -0.40397 20.26994
6.39794 14.3800 0.101667 -0.38621 20.29185
6.39794 14.3800 0.101667 -0.36845 20.31146
6.39794 14.3800 0.101667 -0.35069 20.33027
6.39794 14.3800 0.101667 -0.33293 20.34739
6.39794 14.3800 0.101667 -0.31517 20.36311
6.39794 14.3800 0.101667 -0.29741 20.37787
6.39794 14.3800 0.101667 -0.27965 20.39051
6.39794 14.3800 0.101667 -0.26189 20.40248
6.39794 14.3800 0.101667 -0.24413 20.41249
6.39794 14.3800 0.101667 -0.22637 20.42128
6.39794 14.3800 0.101667 -0.20861 20.42886
6.39794 14.3800 0.101667 -0.19085 20.43437
6.39794 14.3800 0.101667 -0.17309 20.43915
6.39794 14.3800 0.101667 -0.15533 20.44152
6.39794 14.3800 0.101667 -0.13757 20.44278
6.39794 14.3800 0.101667 -0.11980 20.44244
6.39794 14.3800 0.101667 -0.10204 20.44006
6.39794 14.3800 0.101667 -0.08428 20.43670
6.39794 14.3800 0.101667 -0.06652 20.43061
6.39794 14.3800 0.101667 -0.04876 20.42335
6.39794 14.3800 0.101667 -0.03100 20.41404
6.39794 14.3800 0.101667 -0.01324 20.40273
6.39794 14.3800 0.101667 0.00452 20.38987
6.39794 14.3800 0.101667 0.02228 20.37439
6.39794 14.3800 0.101667 0.04004 20.35728
6.39794 14.3800 0.101667 0.05780 20.33783
6.39794 14.3800 0.101667 0.07556 20.31633
6.39794 14.3800 0.101667 0.09332 20.29252
6.39794 14.3800 0.101667 0.11108 20.26658
6.39794 14.3800 0.101667 0.12884 20.23809
6.39794 14.3800 0.101667 0.14660 20.20744
6.39794 14.3800 0.101667 0.16436 20.17432
6.39794 14.3800 0.101667 0.18212 20.13830
6.39794 14.3800 0.101667 0.19988 20.10062
6.39794 14.3800 0.101667 0.21764 20.05905
6.39794 14.3800 0.101667 0.23540 20.01634
6.39794 14.3800 0.101667 0.25316 19.97005
6.39794 14.3800 0.101667 0.27092 19.92075
6.39794 14.3800 0.101667 0.28869 19.87000
6.39794 14.3800 0.101667 0.30645 19.81349
6.39794 14.3800 0.101667 0.32421 19.75821
6.39794 14.3800 0.101667 0.34197 19.69710
6.39794 14.3800 0.101667 0.35973 19.63385
6.39794 14.3800 0.101667 0.37749 19.56868
6.39794 14.3800 0.101667 0.39525 19.49599
6.39794 14.3800 0.101667 0.41301 19.42757
6.39794 14.3800 0.101667 0.43077 19.35014
6.39794 14.3800 0.101667 0.44853 19.27303
6.39794 14.3800 0.101667 0.46629 19.19241
6.39794 14.3800 0.101667 0.48405 19.10423
6.39794 14.3800 0.101667 0.50181 19.02182
6.39794 14.3800 0.101667 0.51957 18.92743
6.39794 14.3800 0.101667 0.53733 18.83801
6.39794 14.3800 0.101667 0.55509 18.74213
6.39794 14.3800 0.101667 0.57285 18.64075
6.39794 14.3800 0.101667 0.59061 18.54542
6.39794 14.3800 0.101667 0.60837 18.43570
6.39794 14.3800 0.101667 0.62613 18.33761
6.39794 14.3800 0.101667 0.64389 18.22881
6.39794 14.3800 0.101667 0.66165 18.11877
6.39794 14.3800 0.101667 0.67941 18.01286
6.39794 14.3800 0.101667 0.69718 17.89098
6.39794 14.3800 0.101667 0.71494 17.78714
6.39794 14.3800 0.101667 0.73270 17.66679
6.39794 14.3800 0.101667 0.75046 17.54923
6.39794 14.3800 0.101667 0.76822 17.43062
6.39794 14.3800 0.101667 0.78598 17.29407
6.39794 14.3800 0.101667 0.80374 17.17736
6.39794 14.3800 0.101667 0.82150 17.03544
6.39794 14.3800 0.101667 0.83926 16.89935
6.39794 14.3800 0.101667 0.85702 16.75304
6.39794 14.3800 0.101667 0.87478 16.58548
6.39794 14.3800 0.101667 0.89254 16.43616
6.39794 14.3800 0.101667 0.91030 16.24596
6.39794 14.3800 0.101667 0.92806 16.07317
6.39794 14.3800 0.101667 0.94582 15.87146
6.39794 14.3800 0.101667 0.96358 15.64705
6.39794 14.3800 0.101667 0.98134 15.44102
6.39794 14.3800 0.101667 0.99910 15.16185
6.39794 14.3800 0.101667 1.01686 14.93958
6.39794 14.3800 0.101667 1.03462 14.64245
6.39794 14.3800 0.101667 1.05238 14.34213
6.39794 14.3800 0.101667 1.07014 14.04441
6.39794 14.3800 0.101667 1.08790 13.62039
6.39794 14.3800 0.101667 1.10567 13.34902
6.39794 14.3800 0.101667 1.12343 12.89811
6.39794 14.3800 0.101667 1.14119 12.52182
6.39794 14.3800 0.101667 1.15895 12.07365
6.39794 14.3800 0.101667 1.17671 11.46054
6.39794 14.3800 0.101667 1.19447 11.12624
6.39794 14.3800 0.101667 1.21223 10.44248
6.39794 14.3800 0.101667 1.22999 10.01636
6.39794 14.3800 0.101667 1.24775 9.32864
6.39794 14.3800 0.101667 1.26551 8.61092
6.39794 14.3800 0.101667 1.28327 8.07111
6.39794 14.3800 0.101667 1.30103 7.07094
6.39794 14.3800 0.237234 -1.52288 18.82243
6.39794 14.3800 0.237234 -1.50512 18.83896
6.39794 14.3800 0.237234 -1.48736 18.87026
6.39794 14.3800 0.237234 -1.46960 18.91102
6.39794 14.3800 0.237234 -1.45184 18.93539
6.39794 14.3800 0.237234 -1.43408 18.95931
6.39794 14.3800 0.237234 -1.41632 18.99108
6.39794 14.3800 0.237234 -1.39856 19.02035
6.39794 14.3800 0.237234 -1.38080 19.04738
6.39794 14.3800 0.237234 -1.36303 19.07588
6.39794 14.3800 0.237234 -1.34527 19.10406
6.39794 14.3800 0.237234 -1.32751 19.13039
6.39794 14.3800 0.237234 -1.30975 19.15682
6.39794 14.3800 0.237234 -1.29199 19.18355
6.39794 14.3800 0.237234 -1.27423 19.21128
6.39794 14.3800 0.237234 -1.25647 19.23903
6.39794 14.3800 0.237234 -1.23871 19.26854
6.39794 14.3800 0.237234 -1.22095 19.29645
6.39794 14.3800 0.237234 -1.20319 19.32216
6.39794 14.3800 0.237234 -1.18543 19.34867
6.39794 14.3800 0.237234 -1.16767 19.37532
6.39794 14.3800 0.237234 -1.14991 19.40135
6.39794 14.3800 0.237234 -1.13215 19.42712
6.39794 14.3800 0.237234 -1.11439 19.45302
6.39794 14.3800 0.237234 -1.09663 19.47863
6.39794 14.3800 0.237234 -1.07887 19.50391
6.39794 14.3800 0.237234 -1.06111 19.52815
6.39794 14.3800 0.237234 -1.04335 19.55189
6.39794 14.3800 0.237234 -1.02559 19.57504
6.39794 14.3800 0.237234 -1.00783 19.59787
6.39794 14.3800 0.237234 -0.99007 19.62041
6.39794 14.3800 0.237234 -0.97231 19.64164
6.39794 14.3800 0.237234 -0.95454 19.66229
6.39794 14.3800 0.237234 -0.93678 19.68165
6.39794 14.3800 0.237234 -0.91902 19.69998
6.39794 14.3800 0.237234 -0.90126 19.71700
6.39794 14.3800 0.237234 -0.88350 19.73173
6.39794 14.3800 0.237234 -0.86574 19.74553
6.39794 14.3800 0.237234 -0.84798 19.75461
6.39794 14.3800 0.237234 -0.83022 19.76117
6.39794 14.3800 0.237234 -0.81246 19.76268
6.39794 14.3800 0.237234 -0.79470 19.75609
6.39794 14.3800 0.237234 -0.77694 19.74452
6.39794 14.3800 0.237234 -0.75918 19.71589
6.39794 14.3800 0.237234 -0.74142 19.66948
6.39794 14.3800 0.237234 -0.72366 19.58969
6.39794 14.3800 0.237234 -0.70590 19.43106
6.39794 14.3800 0.237234 -0.68814 19.52462
6.39794 14.3800 0.237234 -0.67038 19.67398
6.39794 14.3800 0.237234 -0.65262 19.78056
6.39794 14.3800 0.237234 -0.63486 19.86286
6.39794 14.3800 0.237234 -0.61710 19.93110
6.39794 14.3800 0.237234 -0.59934 19.98940
6.39794 14.3800 0.237234 -0.58158 20.03896
6.39794 14.3800 0.237234 -0.56382 20.08397
6.39794 14.3800 0.237234 -0.54605 20.12364
6.39794 14.3800 0.237234 -0.52829 20.16053
6.39794 14.3800 0.237234 -0.51053 20.19472
6.39794 14.3800 0.237234 -0.49277 20.22634
6.39794 14.3800 0.237234 -0.47501 20.25647
6.39794 14.3800 0.237234 -0.45725 20.28431
6.39794 14.3800 0.237234 -0.43949 20.31102
6.39794 14.3800 0.237234 -0.42173 20.33626
6.39794 14.3800 0.237234 -0.40397 20.36011
6.39794 14.3800 0.237234 -0.38621 20.38314
6.39794 14.3800 0.237234 -0.36845 20.40431
6.39794 14.3800 0.237234 -0.35069 20.42478
6.39794 14.3800 0.237234 -0.33293 20.44385
6.39794 14.3800 0.237234 -0.31517 20.46177
6.39794 14.3800 0.237234 -0.29741 20.47891
6.39794 14.3800 0.237234 -0.27965 20.49423
6.39794 14.3800 0.237234 -0.26189 20.50898
6.39794 14.3800 0.237234 -0.24413 20.52213
6.39794 14.3800 0.237234 -0.22637 20.53425
6.39794 14.3800 0.237234 -0.20861 20.54538
6.39794 14.3800 0.237234 -0.19085 20.55471
6.39794 14.3800 0.237234 -0.17309 20.56346
6.39794 14.3800 0.237234 -0.15533 20.57019
6.39794 14.3800 0.237234 -0.13757 20.57600
6.39794 14.3800 0.237234 -0.11980 20.58049
6.39794 14.3800 0.237234 -0.10204 20.58320
6.39794 14.3800 0.237234 -0.08428 20.58520
6.39794 14.3800 0.237234 -0.06652 20.58479
6.39794 14.3800 0.237234 -0.04876 20.58349
6.39794 14.3800 0.237234 -0.03100 20.58046
6.39794 14.3800 0.237234 -0.01324 20.57569
6.39794 14.3800 0.237234 0.00452 20.56980
6.39794 14.3800 0.237234 0.02228 20.56142
6.39794 14.3800 0.237234 0.04004 20.55192
6.39794 14.3800 0.237234 0.05780 20.54033
6.39794 14.3800 0.237234 0.07556 20.52702
6.39794 14.3800 0.237234 0.09332 20.51201
6.39794 14.3800 0.237234 0.11108 20.49477
6.39794 14.3800 0.237234 0.12884 20.47581
6.39794 14.3800 0.237234 0.14660 20.45469
6.39794 14.3800 0.237234 0.16436 20.43163
6.39794 14.3800 0.237234 0.18212 20.40631
6.39794 14.3800 0.237234 0.19988 20.37908
6.39794 14.3800 0.237234 0.21764 20.34920
6.39794 14.3800 0.237234 0.23540 20.31760
6.39794 14.3800 0.237234 0.25316 20.28337
6.39794 14.3800 0.237234 0.27092 20.24656
6.39794 14.3800 0.237234 0.28869 20.20801
6.39794 14.3800 0.237234 0.30645 20.16547
6.39794 14.3800 0.237234 0.32421 20.12248
6.39794 14.3800 0.237234 0.34197 20.07538
6.39794 14.3800 0.237234 0.35973 20.02595
6.39794 14.3800 0.237234 0.37749 19.97445
6.39794 14.3800 0.237234 0.39525 19.91742
6.39794 14.3800 0.237234 0.41301 19.86182
6.39794 14.3800 0.237234 0.43077 19.79970
6.39794 14.3800 0.237234 0.44853 19.73644
6.39794 14.3800 0.237234 0.46629 19.66990
6.39794 14.3800 0.237234 0.48405 19.59697
6.39794 14.3800 0.237234 0.50181 19.52653
6.39794 14.3800 0.237234 0.51957 19.44653
6.39794 14.3800 0.237234 0.53733 19.36816
6.39794 14.3800 0.237234 0.55509 19.28372
6.39794 14.3800 0.237234 0.57285 19.19298
6.39794 14.3800 0.237234 0.59061 19.10499
6.39794 14.3800 0.237234 0.60837 19.00327
6.39794 14.3800 0.237234 0.62613 18.90841
6.39794 14.3800 0.237234 0.64389 18.80216
6.39794 14.3800 0.237234 0.66165 18.69139
6.39794 14.3800 0.237234 0.67941 18.58201
6.39794 14.3800 0.237234 0.69718 18.45317
6.39794 14.3800 0.237234 0.71494 18.34026
6.39794 14.3800 0.237234 0.73270 18.20660
6.39794 14.3800 0.237234 0.75046 18.07326
6.39794 14.3800 0.237234 0.76822 17.93692
6.39794 14.3800 0.237234 0.78598 17.77557
6.39794 14.3800 0.237234 0.80374 17.64041
6.39794 14.3800 0.237234 0.82150 17.47088
6.39794 14.3800 0.237234 0.83926 17.31165
6.39794 14.3800 0.237234 0.85702 17.13936
6.39794 14.3800 0.237234 0.87478 16.94194
6.39794 14.3800 0.237234 0.89254 16.77290
6.39794 14.3800 0.237234 0.91030 16.55307
6.39794 14.3800 0.237234 0.92806 16.36273
6.39794 14.3800 0.237234 0.94582 16.13812
6.39794 14.3800 0.237234 0.96358 15.89373
6.39794 14.3800 0.237234 0.98134 15.67390
6.39794 14.3800 0.237234 0.99910 15.37534
6.39794 14.3800 0.237234 1.01686 15.14609
6.39794 14.3800 0.237234 1.03462 14.83648
6.39794 14.3800 0.237234 1.05238 14.52945
6.39794 14.3800 0.237234 1.07014 14.22567
6.39794 14.3800 0.237234 1.08790 13.79529
6.39794 14.3800 0.237234 1.10567 13.52298
6.39794 14.3800 0.237234 1.12343 13.06927
6.39794 14.3800 0.237234 1.14119 12.69256
6.39794 14.3800 0.237234 1.15895 12.24376
6.39794 14.3800 0.237234 1.17671 11.63088
6.39794 14.3800 0.237234 1.19447 11.29671
6.39794 14.3800 0.237234 1.21223 10.61357
6.39794 14.3800 0.237234 1.22999 10.18755
6.39794 14.3800 0.237234 1.24775 9.50016
6.39794 14.3800 0.237234 1.26551 8.78229
6.39794 14.3800 0.237234 1.28327 8.24224
6.39794 14.3800 0.237234 1.30103 7.24079
6.39794 14.3800 0.408283 -1.52288 18.83838
6.39794 14.3800 0.408283 -1.50512 18.88820
6.39794 14.3800 0.408283 -1.48736 18.92531
6.39794 14.3800 0.408283 -1.46960 18.95405
6.39794 14.3800 0.408283 -1.45184 18.96849
6.39794 14.3800 0.408283 -1.43408 18.98660
6.39794 14.3800 0.408283 -1.41632 19.02794
6.39794 14.3800 0.408283 -1.39856 19.06025
6.39794 14.3800 0.408283 -1.38080 19.08461
6.39794 14.3800 0.408283 -1.36303 19.11124
6.39794 14.3800 0.408283 -1.34527 19.13817
6.39794 14.3800 0.408283 -1.32751 19.16605
6.39794 14.3800 0.408283 -1.30975 19.19462
6.39794 14.3800 0.408283 -1.29199 19.22426
6.39794 14.3800 0.408283 -1.27423 19.25251
6.39794 14.3800 0.408283 -1.25647 19.27991
6.39794 14.3800 0.408283 -1.23871 19.30800
6.39794 14.3800 0.408283 -1.22095 19.33525
6.39794 14.3800 0.408283 -1.20319 19.36157
6.39794 14.3800 0.408283 -1.18543 19.38841
6.39794 14.3800 0.408283 -1.16767 19.41525
6.39794 14.3800 0.408283 -1.14991 19.44101
6.39794 14.3800 0.408283 -1.13215 19.46579
6.39794 14.3800 0.408283 -1.11439 19.48884
6.39794 14.3800 0.408283 -1.09663 19.51308
6.39794 14.3800 0.408283 -1.07887 19.53803
6.39794 14.3800 0.408283 -1.06111 19.56280
6.39794 14.3800 0.408283 -1.04335 19.58709
6.39794 14.3800 0.408283 -1.02559 19.61052
6.39794 14.3800 0.408283 -1.00783 19.63347
6.39794 14.3800 0.408283 -0.99007 19.65599
6.39794 14.3800 0.408283 -0.97231 19.67759
6.39794 14.3800 0.408283 -0.95454 19.69863
6.39794 14.3800 0.408283 -0.93678 19.71786
6.39794 14.3800 0.408283 -0.91902 19.73628
6.39794 14.3800 0.408283 -0.90126 19.75368
6.39794 14.3800 0.408283 -0.88350 19.76936
6.39794 14.3800 0.408283 -0.86574 19.78429
6.39794 14.3800 0.408283 -0.84798 19.79450
6.39794 14.3800 0.408283 -0.83022 19.80263
6.39794 14.3800 0.408283 -0.81246 19.80659
6.39794 14.3800 0.408283 -0.79470 19.80278
6.39794 14.3800 0.408283 -0.77694 19.79435
6.39794 14.3800 0.408283 -0.75918 19.76852
6.39794 14.3800 0.408283 -0.74142 19.72330
6.39794 14.3800 0.408283 -0.72366 19.63991
6.39794 14.3800 0.408283 -0.70590 19.47158
6.39794 14.3800 0.408283 -0.68814 19.57011
6.39794 14.3800 0.408283 -0.67038 19.72963
6.39794 14.3800 0.408283 -0.65262 19.83926
6.39794 14.3800 0.408283 -0.63486 19.92038
6.39794 14.3800 0.408283 -0.61710 19.98670
6.39794 14.3800 0.408283 -0.59934 20.04269
6.39794 14.3800 0.408283 -0.58158 20.09014
6.39794 14.3800 0.408283 -0.56382 20.13338
6.39794 14.3800 0.408283 -0.54605 20.17187
6.39794 14.3800 0.408283 -0.52829 20.20788
6.39794 14.3800 0.408283 -0.51053 20.24150
6.39794 14.3800 0.408283 -0.49277 20.27289
6.39794 14.3800 0.408283 -0.47501 20.30293
6.39794 14.3800 0.408283 -0.45725 20.33113
6.39794 14.3800 0.408283 -0.43949 20.35825
6.39794 14.3800 0.408283 -0.42173 20.38403
6.39794 14.3800 0.408283 -0.40397 20.40856
6.39794 14.3800 0.408283 -0.38621 20.43232
6.39794 14.3800 0.408283 -0.36845 20.45448
6.39794 14.3800 0.408283 -0.35069 20.47597
6.39794 14.3800 0.408283 -0.33293 20.49620
6.39794 14.3800 0.408283 -0.31517 20.51539
6.39794 14.3800 0.408283 -0.29741 20.53387
6.39794 14.3800 0.408283 -0.27965 20.55074
6.39794 14.3800 0.408283 -0.26189 20.56706
6.39794 14.3800 0.408283 -0.24413 20.58189
6.39794 14.3800 0.408283 -0.22637 20.59580
6.39794 14.3800 0.408283 -0.20861 20.60883
6.39794 14.3800 0.408283 -0.19085 20.62022
6.39794 14.3800 0.408283 -0.17309 20.63108
6.39794 14.3800 0.408283 -0.15533 20.64006
6.39794 14.3800 0.408283 -0.13757 20.64825
6.39794 14.3800 0.408283 -0.11980 20.65530
6.39794 14.3800 0.408283 -0.10204 20.66071
6.39794 14.3800 0.408283 -0.08428 20.66550
6.39794 14.3800 0.408283 -0.06652 20.66801
6.39794 14.3800 0.408283 -0.04876 20.66974
6.39794 14.3800 0.408283 -0.03100 20.66990
6.39794 14.3800 0.408283 -0.01324 20.66848
6.39794 14.3800 0.408283 0.00452 20.66617
6.39794 14.3800 0.408283 0.02228 20.66140
6.39794 14.3800 0.408283 0.04004 20.65572
6.39794 14.3800 0.408283 0.05780 20.64815
6.39794 14.3800 0.408283 0.07556 20.63897
6.39794 14.3800 0.408283 0.09332 20.62832
6.39794 14.3800 0.408283 0.11108 20.61550
6.39794 14.3800 0.408283 0.12884 20.60129
6.39794 14.3800 0.408283 0.14660 20.58495
6.39794 14.3800 0.408283 0.16436 20.56688
6.39794 14.3800 0.408283 0.18212 20.54682
6.39794 14.3800 0.408283 0.19988 20.52480
6.39794 14.3800 0.408283 0.21764 20.50066
6.39794 14.3800 0.408283 0.23540 20.47460
6.39794 14.3800 0.408283 0.25316 20.44632
6.39794 14.3800 0.408283 0.27092 20.41570
6.39794 14.3800 0.408283 0.28869 20.38326
6.39794 14.3800 0.408283 0.30645 20.34759
6.39794 14.3800 0.408283 0.32421 20.31085
6.39794 14.3800 0.408283 0.34197 20.27076
6.39794 14.3800 0.408283 0.35973 20.22835
6.39794 14.3800 0.408283 0.37749 20.18389
6.39794 14.3800 0.408283 0.39525 20.13485
6.39794 14.3800 0.408283 0.41301 20.08618
6.39794 14.3800 0.408283 0.43077 20.03217
6.39794 14.3800 0.408283 0.44853 19.97664
6.39794 14.3800 0.408283 0.46629 19.91808
6.39794 14.3800 0.408283 0.48405 19.85403
6.39794 14.3800 0.408283 0.50181 19.79124
6.39794 14.3800 0.408283 0.51957 19.72048
6.39794 14.3800 0.408283 0.53733 19.65025
6.39794 14.3800 0.408283 0.55509 19.57470
6.39794 14.3800 0.408283 0.57285 19.49336
6.39794 14.3800 0.408283 0.59061 19.41358
6.39794 14.3800 0.408283 0.60837 19.32203
6.39794 14.3800 0.408283 0.62613 19.23516
6.39794 14.3800 0.408283 0.64389 19.13837
6.39794 14.3800 0.408283 0.66165 19.03679
6.39794 14.3800 0.408283 0.67941 18.93568
6.39794 14.3800 0.408283 0.69718 18.81719
6.39794 14.3800 0.408283 0.71494 18.71112
6.39794 14.3800 0.408283 0.73270 18.58648
6.39794 14.3800 0.408283 0.75046 18.46068
6.39794 14.3800 0.408283 0.76822 18.33143
6.39794 14.3800 0.408283 0.78598 18.17841
6.39794 14.3800 0.408283 0.80374 18.04767
6.39794 14.3800 0.408283 0.82150 17.88447
6.39794 14.3800 0.408283 0.83926 17.72895
6.39794 14.3800 0.408283 0.85702 17.56026
6.39794 14.3800 0.408283 0.87478 17.36555
6.39794 14.3800 0.408283 0.89254 17.19714
6.39794 14.3800 0.408283 0.91030 16.97741
6.39794 14.3800 0.408283 0.92806 16.78553
6.39794 14.3800 0.408283 0.94582 16.55822
6.39794 14.3800 0.408283 0.96358 16.30937
6.39794 14.3800 0.408283 0.98134 16.08520
6.39794 14.3800 0.408283 0.99910 15.77833
6.39794 14.3800 0.408283 1.01686 15.54422
6.39794 14.3800 0.408283 1.03462 15.22506
6.39794 14.3800 0.408283 1.05238 14.91005
6.39794 14.3800 0.408283 1.07014 14.59776
6.39794 14.3800 0.408283 1.08790 14.15377
6.39794 14.3800 0.408283 1.10567 13.87745
6.39794 14.3800 0.408283 1.12343 13.41109
6.39794 14.3800 0.408283 1.14119 13.02866
6.39794 14.3800 0.408283 1.15895 12.56974
6.39794 14.3800 0.408283 1.17671 11.94515
6.39794 14.3800 0.408283 1.19447 11.60794
6.39794 14.3800 0.408283 1.21223 10.91335
6.39794 14.3800 0.408283 1.22999 10.48484
6.39794 14.3800 0.408283 1.24775 9.78762
6.39794 14.3800 0.408283 1.26551 9.06395
6.39794 14.3800 0.408283 1.28327 8.51772
6.39794 14.3800 0.408283 1.30103 7.50487
6.39794 14.3800 0.591717 -1.52288 18.88146
6.39794 14.3800 0.591717 -1.50512 18.92374
6.39794 14.3800 0.591717 -1.48736 18.95043
6.39794 14.3800 0.591717 -1.46960 18.96653
6.39794 14.3800 0.591717 -1.45184 19.00218
6.39794 14.3800 0.591717 -1.43408 19.03621
6.39794 14.3800 0.591717 -1.41632 19.05711
6.39794 14.3800 0.591717 -1.39856 19.08584
6.39794 14.3800 0.591717 -1.38080 19.12164
6.39794 14.3800 0.591717 -1.36303 19.14729
6.39794 14.3800 0.591717 -1.34527 19.17068
6.39794 14.3800 0.591717 -1.32751 19.19643
6.39794 14.3800 0.591717 -1.30975 19.22233
6.39794 14.3800 0.591717 -1.29199 19.24859
6.39794 14.3800 0.591717 -1.27423 19.27582
6.39794 14.3800 0.591717 -1.25647 19.30312
6.39794 14.3800 0.591717 -1.23871 19.33281
6.39794 14.3800 0.591717 -1.22095 19.36213
6.39794 14.3800 0.591717 -1.20319 19.39150
6.39794 14.3800 0.591717 -1.18543 19.41733
6.39794 14.3800 0.591717 -1.16767 19.44123
6.39794 14.3800 0.591717 -1.14991 19.46597
6.39794 14.3800 0.591717 -1.13215 19.49063
6.39794 14.3800 0.591717 -1.11439 19.51556
6.39794 14.3800 0.591717 -1.09663 19.53986
6.39794 14.3800 0.591717 -1.07887 19.56363
6.39794 14.3800 0.591717 -1.06111 19.58997
6.39794 14.3800 0.591717 -1.04335 19.61534
6.39794 14.3800 0.591717 -1.02559 19.63675
6.39794 14.3800 0.591717 -1.00783 19.65800
6.39794 14.3800 0.591717 -0.99007 19.67911
6.39794 14.3800 0.591717 -0.97231 19.70003
6.39794 14.3800 0.591717 -0.95454 19.72068
6.39794 14.3800 0.591717 -0.93678 19.74030
6.39794 14.3800 0.591717 -0.91902 19.75907
6.39794 14.3800 0.591717 -0.90126 19.77677
6.39794 14.3800 0.591717 -0.88350 19.79204
6.39794 14.3800 0.591717 -0.86574 19.80637
6.39794 14.3800 0.591717 -0.84798 19.81751
6.39794 14.3800 0.591717 -0.83022 19.82657
6.39794 14.3800 0.591717 -0.81246 19.83145
6.39794 14.3800 0.591717 -0.79470 19.82908
6.39794 14.3800 0.591717 -0.77694 19.82246
6.39794 14.3800 0.591717 -0.75918 19.79856
6.39794 14.3800 0.591717 -0.74142 19.75514
6.39794 14.3800 0.591717 -0.72366 19.67180
6.39794 14.3800 0.591717 -0.70590 19.50155
6.39794 14.3800 0.591717 -0.68814 19.60146
6.39794 14.3800 0.591717 -0.67038 19.76262
6.39794 14.3800 0.591717 -0.65262 19.87125
6.39794 14.3800 0.591717 -0.63486 19.95005
6.39794 14.3800 0.591717 -0.61710 20.01440
6.39794 14.3800 0.591717 -0.59934 20.06863
6.39794 14.3800 0.591717 -0.58158 20.11462
6.39794 14.3800 0.591717 -0.56382 20.15662
6.39794 14.3800 0.591717 -0.54605 20.19424
6.39794 14.3800 0.591717 -0.52829 20.22950
6.39794 14.3800 0.591717 -0.51053 20.26245
6.39794 14.3800 0.591717 -0.49277 20.29357
6.39794 14.3800 0.591717 -0.47501 20.32346
6.39794 14.3800 0.591717 -0.45725 20.35141
6.39794 14.3800 0.591717 -0.43949 20.37834
6.39794 14.3800 0.591717 -0.42173 20.40401
6.39794 14.3800 0.591717 -0.40397 20.42839
6.39794 14.3800 0.591717 -0.38621 20.45198
6.39794 14.3800 0.591717 -0.36845 20.47417
6.39794 14.3800 0.591717 -0.35069 20.49576
6.39794 14.3800 0.591717 -0.33293 20.51626
6.39794 14.3800 0.591717 -0.31517 20.53553
6.39794 14.3800 0.591717 -0.29741 20.55396
6.39794 14.3800 0.591717 -0.27965 20.57106
6.39794 14.3800 0.591717 -0.26189 20.58764
6.39794 14.3800 0.591717 -0.24413 20.60274
6.39794 14.3800 0.591717 -0.22637 20.61696
6.39794 14.3800 0.591717 -0.20861 20.63034
6.39794 14.3800 0.591717 -0.19085 20.64214
6.39794 14.3800 0.591717 -0.17309 20.65345
6.39794 14.3800 0.591717 -0.15533 20.66301
6.39794 14.3800 0.591717 -0.13757 20.67177
6.39794 14.3800 0.591717 -0.11980 20.67939
6.39794 14.3800 0.591717 -0.10204 20.68545
6.39794 14.3800 0.591717 -0.08428 20.69093
6.39794 14.3800 0.591717 -0.06652 20.69420
6.39794 14.3800 0.591717 -0.04876 20.69674
6.39794 14.3800 0.591717 -0.03100 20.69780
6.39794 14.3800 0.591717 -0.01324 20.69725
6.39794 14.3800 0.591717 0.00452 20.69580
6.39794 14.3800 0.591717 0.02228 20.69205
6.39794 14.3800 0.591717 0.04004 20.68743
6.39794 14.3800 0.591717 0.05780 20.68092
6.39794 14.3800 0.591717 0.07556 20.67286
6.39794 14.3800 0.591717 0.09332 20.66342
6.39794 14.3800 0.591717 0.11108 20.65178
6.39794 14.3800 0.591717 0.12884 20.63884
6.39794 14.3800 0.591717 0.14660 20.62381
6.39794 14.3800 0.591717 0.16436 20.60711
6.39794 14.3800 0.591717 0.18212 20.58850
6.39794 14.3800 0.591717 0.19988 20.56793
6.39794 14.3800 0.591717 0.21764 20.54537
6.39794 14.3800 0.591717 0.23540 20.52084
6.39794 14.3800 0.591717 0.25316 20.49420
6.39794 14.3800 0.591717 0.27092 20.46529
6.39794 14.3800 0.591717 0.28869 20.43452
6.39794 14.3800 0.591717 0.30645 20.40072
6.39794 14.3800 0.591717 0.32421 20.36573
6.39794 14.3800 0.591717 0.34197 20.32757
6.39794 14.3800 0.591717 0.35973 20.28710
6.39794 14.3800 0.591717 0.37749 20.24458
6.39794 14.3800 0.591717 0.39525 20.19774
6.39794 14.3800 0.591717 0.41301 20.15101
6.39794 14.3800 0.591717 0.43077 20.09925
6.39794 14.3800 0.591717 0.44853 20.04587
6.39794 14.3800 0.591717 0.46629 19.98955
6.39794 14.3800 0.591717 0.48405 19.92797
6.39794 14.3800 0.591717 0.50181 19.86734
6.39794 14.3800 0.591717 0.51957 19.79917
6.39794 14.3800 0.591717 0.53733 19.73126
6.39794 14.3800 0.591717 0.55509 19.65823
6.39794 14.3800 0.591717 0.57285 19.57959
6.39794 14.3800 0.591717 0.59061 19.50221
6.39794 14.3800 0.591717 0.60837 19.41361
6.39794 14.3800 0.591717 0.62613 19.32915
6.39794 14.3800 0.591717 0.64389 19.23519
6.39794 14.3800 0.591717 0.66165 19.13645
6.39794 14.3800 0.591717 0.67941 19.03795
6.39794 14.3800 0.591717 0.69718 18.92275
6.39794 14.3800 0.591717 0.71494 18.81904
6.39794 14.3800 0.591717 0.73270 18.69750
6.39794 14.3800 0.591717 0.75046 18.57448
6.39794 14.3800 0.591717 0.76822 18.44798
6.39794 14.3800 0.591717 0.78598 18.29839
6.39794 14.3800 0.591717 0.80374 18.16981
6.39794 14.3800 0.591717 0.82150 18.00982
6.39794 14.3800 0.591717 0.83926 17.85672
6.39794 14.3800 0.591717 0.85702 17.69071
6.39794 14.3800 0.591717 0.87478 17.49897
6.39794 14.3800 0.591717 0.89254 17.33244
6.39794 14.3800 0.591717 0.91030 17.11556
6.39794 14.3800 0.591717 0.92806 16.92529
6.39794 14.3800 0.591717 0.94582 16.70012
6.39794 14.3800 0.591717 0.96358 16.45307
6.39794 14.3800 0.591717 0.98134 16.23012
6.39794 14.3800 0.591717 0.99910 15.92489
6.39794 14.3800 0.591717 1.01686 15.69122
6.39794 14.3800 0.591717 1.03462 15.37286
6.39794 14.3800 0.591717 1.05238 15.05799
6.39794 14.3800 0.591717 1.07014 14.74569
6.39794 14.3800 0.591717 1.08790 14.30108
6.39794 14.3800 0.591717 1.10567 14.02434
6.39794 14.3800 0.591717 1.12343 13.55661
6.39794 14.3800 0.591717 1.14119 13.17323
6.39794 14.3800 0.591717 1.15895 12.71253
6.39794 14.3800 0.591717 1.17671 12.08524
6.39794 14.3800 0.591717 1.19447 11.74721
6.39794 14.3800 0.591717 1.21223 11.04921
6.39794 14.3800 0.591717 1.22999 10.61982
6.39794 14.3800 0.591717 1.24775 9.91908
6.39794 14.3800 0.591717 1.26551 9.19308
6.39794 14.3800 0.591717 1.28327 8.64430
6.39794 14.3800 0.591717 1.30103 7.62644
6.39794 14.3800 0.762766 -1.52288 18.88097
6.39794 14.3800 0.762766 -1.50512 18.92510
6.39794 14.3800 0.762766 -1.48736 18.96319
6.39794 14.3800 0.762766 -1.46960 18.99706
6.39794 14.3800 0.762766 -1.45184 19.02620
6.39794 14.3800 0.762766 -1.43408 19.05586
6.39794 14.3800 0.762766 -1.41632 19.09204
6.39794 14.3800 0.762766 -1.39856 19.12065
6.39794 14.3800 0.762766 -1.38080 19.14242
6.39794 14.3800 0.762766 -1.36303 19.16102
6.39794 14.3800 0.762766 -1.34527 19.18185
6.39794 14.3800 0.762766 -1.32751 19.22600
6.39794 14.3800 0.762766 -1.30975 19.25840
6.39794 14.3800 0.762766 -1.29199 19.27707
6.39794 14.3800 0.762766 -1.27423 19.30428
6.39794 14.3800 0.762766 -1.25647 19.33373
6.39794 14.3800 0.762766 -1.23871 19.35293
6.39794 14.3800 0.762766 -1.22095 19.37462
6.39794 14.3800 0.762766 -1.20319 19.40089
6.39794 14.3800 0.762766 -1.18543 19.42688
6.39794 14.3800 0.762766 -1.16767 19.45251
6.39794 14.3800 0.762766 -1.14991 19.48322
6.39794 14.3800 0.762766 -1.13215 19.51162
6.39794 14.3800 0.762766 -1.11439 19.53484
6.39794 14.3800 0.762766 -1.09663 19.55687
6.39794 14.3800 0.762766 -1.07887 19.57803
6.39794 14.3800 0.762766 -1.06111 19.60438
6.39794 14.3800 0.762766 -1.04335 19.62985
6.39794 14.3800 0.762766 -1.02559 19.65027
6.39794 14.3800 0.762766 -1.00783 19.67048
6.39794 14.3800 0.762766 -0.99007 19.69050
6.39794 14.3800 0.762766 -0.97231 19.71124
6.39794 14.3800 0.762766 -0.95454 19.73189
6.39794 14.3800 0.762766 -0.93678 19.75114
6.39794 14.3800 0.762766 -0.91902 19.76950
6.39794 14.3800 0.762766 -0.90126 19.78670
6.39794 14.3800 0.762766 -0.88350 19.80219
6.39794 14.3800 0.762766 -0.86574 19.81696
6.39794 14.3800 0.762766 -0.84798 19.82759
6.39794 14.3800 0.762766 -0.83022 19.83635
6.39794 14.3800 0.762766 -0.81246 19.84133
6.39794 14.3800 0.762766 -0.79470 19.83890
6.39794 14.3800 0.762766 -0.77694 19.83213
6.39794 14.3800 0.762766 -0.75918 19.80873
6.39794 14.3800 0.762766 -0.74142 19.76629
6.39794 14.3800 0.762766 -0.72366 19.68587
6.39794 14.3800 0.762766 -0.70590 19.52483
6.39794 14.3800 0.762766 -0.68814 19.62012
6.39794 14.3800 0.762766 -0.67038 19.77356
6.39794 14.3800 0.762766 -0.65262 19.87821
6.39794 14.3800 0.762766 -0.63486 19.95476
6.39794 14.3800 0.762766 -0.61710 20.01745
6.39794 14.3800 0.762766 -0.59934 20.07034
6.39794 14.3800 0.762766 -0.58158 20.11527
6.39794 14.3800 0.762766 -0.56382 20.15634
6.39794 14.3800 0.762766 -0.54605 20.19289
6.39794 14.3800 0.762766 -0.52829 20.22723
6.39794 14.3800 0.762766 -0.51053 20.25940
6.39794 14.3800 0.762766 -0.49277 20.28935
6.39794 14.3800 0.762766 -0.47501 20.31803
6.39794 14.3800 0.762766 -0.45725 20.34502
6.39794 14.3800 0.762766 -0.43949 20.37090
6.39794 14.3800 0.762766 -0.42173 20.39531
6.39794 14.3800 0.762766 -0.40397 20.41863
6.39794 14.3800 0.762766 -0.38621 20.44129
6.39794 14.3800 0.762766 -0.36845 20.46219
6.39794 14.3800 0.762766 -0.35069 20.48252
6.39794 14.3800 0.762766 -0.33293 20.50173
6.39794 14.3800 0.762766 -0.31517 20.51982
6.39794 14.3800 0.762766 -0.29741 20.53715
6.39794 14.3800 0.762766 -0.27965 20.55293
6.39794 14.3800 0.762766 -0.26189 20.56821
6.39794 14.3800 0.762766 -0.24413 20.58206
6.39794 14.3800 0.762766 -0.22637 20.59504
6.39794 14.3800 0.762766 -0.20861 20.60718
6.39794 14.3800 0.762766 -0.19085 20.61769
6.39794 14.3800 0.762766 -0.17309 20.62770
6.39794 14.3800 0.762766 -0.15533 20.63593
6.39794 14.3800 0.762766 -0.13757 20.64337
6.39794 14.3800 0.762766 -0.11980 20.64964
6.39794 14.3800 0.762766 -0.10204 20.65424
6.39794 14.3800 0.762766 -0.08428 20.65822
6.39794 14.3800 0.762766 -0.06652 20.66002
6.39794 14.3800 0.762766 -0.04876 20.66103
6.39794 14.3800 0.762766 -0.03100 20.66045
6.39794 14.3800 0.762766 -0.01324 20.65831
6.39794 14.3800 0.762766 0.00452 20.65524
6.39794 14.3800 0.762766 0.02228 20.64974
6.39794 14.3800 0.762766 0.04004 20.64328
6.39794 14.3800 0.762766 0.05780 20.63489
6.39794 14.3800 0.762766 0.07556 20.62492
6.39794 14.3800 0.762766 0.09332 20.61347
6.39794 14.3800 0.762766 0.11108 20.59983
6.39794 14.3800 0.762766 0.12884 20.58475
6.39794 14.3800 0.762766 0.14660 20.56754
6.39794 14.3800 0.762766 0.16436 20.54856
6.39794 14.3800 0.762766 0.18212 20.52758
6.39794 14.3800 0.762766 0.19988 20.50465
6.39794 14.3800 0.762766 0.21764 20.47953
6.39794 14.3800 0.762766 0.23540 20.45250
6.39794 14.3800 0.762766 0.25316 20.42319
6.39794 14.3800 0.762766 0.27092 20.39151
6.39794 14.3800 0.762766 0.28869 20.35802
6.39794 14.3800 0.762766 0.30645 20.32118
6.39794 14.3800 0.762766 0.32421 20.28335
6.39794 14.3800 0.762766 0.34197 20.24204
6.39794 14.3800 0.762766 0.35973 20.19841
6.39794 14.3800 0.762766 0.37749 20.15271
6.39794 14.3800 0.762766 0.39525 20.10228
6.39794 14.3800 0.762766 0.41301 20.05236
6.39794 14.3800 0.762766 0.43077 19.99689
6.39794 14.3800 0.762766 0.44853 19.93994
6.39794 14.3800 0.762766 0.46629 19.87991
6.39794 14.3800 0.762766 0.48405 19.81418
6.39794 14.3800 0.762766 0.50181 19.74989
6.39794 14.3800 0.762766 0.51957 19.67732
6.39794 14.3800 0.762766 0.53733 19.60541
6.39794 14.3800 0.762766 0.55509 19.52800
6.39794 14.3800 0.762766 0.57285 19.44461
6.39794 14.3800 0.762766 0.59061 19.36295
6.39794 14.3800 0.762766 0.60837 19.26902
6.39794 14.3800 0.762766 0.62613 19.18011
6.39794 14.3800 0.762766 0.64389 19.08083
6.39794 14.3800 0.762766 0.66165 18.97666
6.39794 14.3800 0.762766 0.67941 18.87301
6.39794 14.3800 0.762766 0.69718 18.75118
6.39794 14.3800 0.762766 0.71494 18.64253
6.39794 14.3800 0.762766 0.73270 18.51436
6.39794 14.3800 0.762766 0.75046 18.38512
6.39794 14.3800 0.762766 0.76822 18.25224
6.39794 14.3800 0.762766 0.78598 18.09437
6.39794 14.3800 0.762766 0.80374 17.96017
6.39794 14.3800 0.762766 0.82150 17.79164
6.39794 14.3800 0.762766 0.83926 17.63151
6.39794 14.3800 0.762766 0.85702 17.45733
6.39794 14.3800 0.762766 0.87478 17.25580
6.39794 14.3800 0.762766 0.89254 17.08237
6.39794 14.3800 0.762766 0.91030 16.85432
6.39794 14.3800 0.762766 0.92806 16.65664
6.39794 14.3800 0.762766 0.94582 16.42091
6.39794 14.3800 0.762766 0.96358 16.16314
6.39794 14.3800 0.762766 0.98134 15.93169
6.39794 14.3800 0.762766 0.99910 15.61244
6.39794 14.3800 0.762766 1.01686 15.37225
6.39794 14.3800 0.762766 1.03462 15.04101
6.39794 14.3800 0.762766 1.05238 14.71675
6.39794 14.3800 0.762766 1.07014 14.39456
6.39794 14.3800 0.762766 1.08790 13.93519
6.39794 14.3800 0.762766 1.10567 13.65463
6.39794 14.3800 0.762766 1.12343 13.17446
6.39794 14.3800 0.762766 1.14119 12.78622
6.39794 14.3800 0.762766 1.15895 12.31684
6.39794 14.3800 0.762766 1.17671 11.68143
6.39794 14.3800 0.762766 1.19447 11.34177
6.39794 14.3800 0.762766 1.21223 10.63908
6.39794 14.3800 0.762766 1.22999 10.20969
6.39794 14.3800 0.762766 1.24775 9.50918
6.39794 14.3800 0.762766 1.26551 8.78631
6.39794 14.3800 0.762766 1.28327 8.24133
6.39794 14.3800 0.762766 1.30103 7.23650
6.39794 14.3800 0.898333 -1.52288 18.92484
6.39794 14.3800 0.898333 -1.50512 18.95224
6.39794 14.3800 0.898333 -1.48736 18.97837
6.39794 14.3800 0.898333 -1.46960 19.00352
6.39794 14.3800 0.898333 -1.45184 19.03369
6.39794 14.3800 0.898333 -1.43408 19.06796
6.39794 14.3800 0.898333 -1.41632 19.11822
6.39794 14.3800 0.898333 -1.39856 19.15401
6.39794 14.3800 0.898333 -1.38080 19.17733
6.39794 14.3800 0.898333 -1.36303 19.18848
6.39794 14.3800 0.898333 -1.34527 19.19927
6.39794 14.3800 0.898333 -1.32751 19.23032
6.39794 14.3800 0.898333 -1.30975 19.25954
6.39794 14.3800 0.898333 -1.29199 19.28676
6.39794 14.3800 0.898333 -1.27423 19.30796
6.39794 14.3800 0.898333 -1.25647 19.32739
6.39794 14.3800 0.898333 -1.23871 19.36036
6.39794 14.3800 0.898333 -1.22095 19.39178
6.39794 14.3800 0.898333 -1.20319 19.42140
6.39794 14.3800 0.898333 -1.18543 19.44575
6.39794 14.3800 0.898333 -1.16767 19.46736
6.39794 14.3800 0.898333 -1.14991 19.49045
6.39794 14.3800 0.898333 -1.13215 19.51340
6.39794 14.3800 0.898333 -1.11439 19.53624
6.39794 14.3800 0.898333 -1.09663 19.55953
6.39794 14.3800 0.898333 -1.07887 19.58307
6.39794 14.3800 0.898333 -1.06111 19.60524
6.39794 14.3800 0.898333 -1.04335 19.62710
6.39794 14.3800 0.898333 -1.02559 19.64900
6.39794 14.3800 0.898333 -1.00783 19.67018
6.39794 14.3800 0.898333 -0.99007 19.69069
6.39794 14.3800 0.898333 -0.97231 19.71075
6.39794 14.3800 0.898333 -0.95454 19.73039
6.39794 14.3800 0.898333 -0.93678 19.74798
6.39794 14.3800 0.898333 -0.91902 19.76510
6.39794 14.3800 0.898333 -0.90126 19.78160
6.39794 14.3800 0.898333 -0.88350 19.79628
6.39794 14.3800 0.898333 -0.86574 19.81019
6.39794 14.3800 0.898333 -0.84798 19.81955
6.39794 14.3800 0.898333 -0.83022 19.82691
6.39794 14.3800 0.898333 -0.81246 19.83025
6.39794 14.3800 0.898333 -0.79470 19.82619
6.39794 14.3800 0.898333 -0.77694 19.81772
6.39794 14.3800 0.898333 -0.75918 19.79311
6.39794 14.3800 0.898333 -0.74142 19.75191
6.39794 14.3800 0.898333 -0.72366 19.68053
6.39794 14.3800 0.898333 -0.70590 19.54655
6.39794 14.3800 0.898333 -0.68814 19.62822
6.39794 14.3800 0.898333 -0.67038 19.75931
6.39794 14.3800 0.898333 -0.65262 19.85391
6.39794 14.3800 0.898333 -0.63486 19.92652
6.39794 14.3800 0.898333 -0.61710 19.98706
6.39794 14.3800 0.898333 -0.59934 20.03889
6.39794 14.3800 0.898333 -0.58158 20.08294
6.39794 14.3800 0.898333 -0.56382 20.12321
6.39794 14.3800 0.898333 -0.54605 20.15865
6.39794 14.3800 0.898333 -0.52829 20.19163
6.39794 14.3800 0.898333 -0.51053 20.22208
6.39794 14.3800 0.898333 -0.49277 20.25024
6.39794 14.3800 0.898333 -0.47501 20.27717
6.39794 14.3800 0.898333 -0.45725 20.30183
6.39794 14.3800 0.898333 -0.43949 20.32548
6.39794 14.3800 0.898333 -0.42173 20.34768
6.39794 14.3800 0.898333 -0.40397 20.36853
6.39794 14.3800 0.898333 -0.38621 20.38863
6.39794 14.3800 0.898333 -0.36845 20.40690
6.39794 14.3800 0.898333 -0.35069 20.42456
6.39794 14.3800 0.898333 -0.33293 20.44085
6.39794 14.3800 0.898333 -0.31517 20.45602
6.39794 14.3800 0.898333 -0.29741 20.47042
6.39794 14.3800 0.898333 -0.27965 20.48317
6.39794 14.3800 0.898333 -0.26189 20.49540
6.39794 14.3800 0.898333 -0.24413 20.50597
6.39794 14.3800 0.898333 -0.22637 20.51557
6.39794 14.3800 0.898333 -0.20861 20.52423
6.39794 14.3800 0.898333 -0.19085 20.53116
6.39794 14.3800 0.898333 -0.17309 20.53752
6.39794 14.3800 0.898333 -0.15533 20.54186
6.39794 14.3800 0.898333 -0.13757 20.54529
6.39794 14.3800 0.898333 -0.11980 20.54741
6.39794 14.3800 0.898333 -0.10204 20.54774
6.39794 14.3800 0.898333 -0.08428 20.54730
6.39794 14.3800 0.898333 -0.06652 20.54445
6.39794 14.3800 0.898333 -0.04876 20.54065
6.39794 14.3800 0.898333 -0.03100 20.53509
6.39794 14.3800 0.898333 -0.01324 20.52777
6.39794 14.3800 0.898333 0.00452 20.51922
6.39794 14.3800 0.898333 0.02228 20.50818
6.39794 14.3800 0.898333 0.04004 20.49586
6.39794 14.3800 0.898333 0.05780 20.48143
6.39794 14.3800 0.898333 0.07556 20.46519
6.39794 14.3800 0.898333 0.09332 20.44707
6.39794 14.3800 0.898333 0.11108 20.42679
6.39794 14.3800 0.898333 0.12884 20.40453
6.39794 14.3800 0.898333 0.14660 20.38011
6.39794 14.3800 0.898333 0.16436 20.35359
6.39794 14.3800 0.898333 0.18212 20.32462
6.39794 14.3800 0.898333 0.19988 20.29381
6.39794 14.3800 0.898333 0.21764 20.25998
6.39794 14.3800 0.898333 0.23540 20.22456
6.39794 14.3800 0.898333 0.25316 20.18621
6.39794 14.3800 0.898333 0.27092 20.14513
6.39794 14.3800 0.898333 0.28869 20.10236
6.39794 14.3800 0.898333 0.30645 20.05501
6.39794 14.3800 0.898333 0.32421 20.00765
6.39794 14.3800 0.898333 0.34197 19.95560
6.39794 14.3800 0.898333 0.35973 19.90118
6.39794 14.3800 0.898333 0.37749 19.84464
6.39794 14.3800 0.898333 0.39525 19.78178
6.39794 14.3800 0.898333 0.41301 19.72113
6.39794 14.3800 0.898333 0.43077 19.65293
6.39794 14.3800 0.898333 0.44853 19.58385
6.39794 14.3800 0.898333 0.46629 19.51113
6.39794 14.3800 0.898333 0.48405 19.43121
6.39794 14.3800 0.898333 0.50181 19.35462
6.39794 14.3800 0.898333 0.51957 19.26695
6.39794 14.3800 0.898333 0.53733 19.18166
6.39794 14.3800 0.898333 0.55509 19.08938
6.39794 14.3800 0.898333 0.57285 18.99001
6.39794 14.3800 0.898333 0.59061 18.89417
6.39794 14.3800 0.898333 0.60837 18.78228
6.39794 14.3800 0.898333 0.62613 18.67894
6.39794 14.3800 0.898333 0.64389 18.56213
6.39794 14.3800 0.898333 0.66165 18.44036
6.39794 14.3800 0.898333 0.67941 18.32033
6.39794 14.3800 0.898333 0.69718 18.17715
6.39794 14.3800 0.898333 0.71494 18.05358
6.39794 14.3800 0.898333 0.73270 17.90487
6.39794 14.3800 0.898333 0.75046 17.75718
6.39794 14.3800 0.898333 0.76822 17.60570
6.39794 14.3800 0.898333 0.78598 17.42403
6.39794 14.3800 0.898333 0.80374 17.27521
6.39794 14.3800 0.898333 0.82150 17.08397
6.39794 14.3800 0.898333 0.83926 16.90707
6.39794 14.3800 0.898333 0.85702 16.71380
6.39794 14.3800 0.898333 0.87478 16.49135
6.39794 14.3800 0.898333 0.89254 16.30525
6.39794 14.3800 0.898333 0.91030 16.05771
6.39794 14.3800 0.898333 0.92806 15.85048
6.39794 14.3800 0.898333 0.94582 15.60196
6.39794 14.3800 0.898333 0.96358 15.33572
6.39794 14.3800 0.898333 0.98134 15.10001
6.39794 14.3800 0.898333 0.99910 14.77809
6.39794 14.3800 0.898333 1.01686 14.54060
6.39794 14.3800 0.898333 1.03462 14.21576
6.39794 14.3800 0.898333 1.05238 13.90149
6.39794 14.3800 0.898333 1.07014 13.59171
6.39794 14.3800 0.898333 1.08790 13.15798
6.39794 14.3800 0.898333 1.10567 12.88710
6.39794 14.3800 0.898333 1.12343 12.43827
6.39794 14.3800 0.898333 1.14119 12.06723
6.39794 14.3800 0.898333 1.15895 11.62910
6.39794 14.3800 0.898333 1.17671 11.03576
6.39794 14.3800 0.898333 1.19447 10.70822
6.39794 14.3800 0.898333 1.21223 10.05339
6.39794 14.3800 0.898333 1.22999 9.63606
6.39794 14.3800 0.898333 1.24775 8.98144
6.39794 14.3800 0.898333 1.26551 8.28812
6.39794 14.3800 0.898333 1.28327 7.77333
6.39794 14.3800 0.898333 1.30103 6.82434
6.39794 14.3800 0.980145 -1.52288 18.96046
6.39794 14.3800 0.980145 -1.50512 18.97555
6.39794 14.3800 0.980145 -1.48736 18.99941
6.39794 14.3800 0.980145 -1.46960 19.02924
6.39794 14.3800 0.980145 -1.45184 19.04523
6.39794 14.3800 0.980145 -1.43408 19.06547
6.39794 14.3800 0.980145 -1.41632 19.11094
6.39794 14.3800 0.980145 -1.39856 19.14031
6.39794 14.3800 0.980145 -1.38080 19.15523
6.39794 14.3800 0.980145 -1.36303 19.17843
6.39794 14.3800 0.980145 -1.34527 19.20373
6.39794 14.3800 0.980145 -1.32751 19.23196
6.39794 14.3800 0.980145 -1.30975 19.25902
6.39794 14.3800 0.980145 -1.29199 19.28483
6.39794 14.3800 0.980145 -1.27423 19.30402
6.39794 14.3800 0.980145 -1.25647 19.32120
6.39794 14.3800 0.980145 -1.23871 19.34942
6.39794 14.3800 0.980145 -1.22095 19.37393
6.39794 14.3800 0.980145 -1.20319 19.39225
6.39794 14.3800 0.980145 -1.18543 19.41398
6.39794 14.3800 0.980145 -1.16767 19.43732
6.39794 14.3800 0.980145 -1.14991 19.45737
6.39794 14.3800 0.980145 -1.13215 19.47851
6.39794 14.3800 0.980145 -1.11439 19.50310
6.39794 14.3800 0.980145 -1.09663 19.52502
6.39794 14.3800 0.980145 -1.07887 19.54506
6.39794 14.3800 0.980145 -1.06111 19.56797
6.39794 14.3800 0.980145 -1.04335 19.59068
6.39794 14.3800 0.980145 -1.02559 19.61165
6.39794 14.3800 0.980145 -1.00783 19.63192
6.39794 14.3800 0.980145 -0.99007 19.65152
6.39794 14.3800 0.980145 -0.97231 19.67059
6.39794 14.3800 0.980145 -0.95454 19.68934
6.39794 14.3800 0.980145 -0.93678 19.70696
6.39794 14.3800 0.980145 -0.91902 19.72318
6.39794 14.3800 0.980145 -0.90126 19.73754
6.39794 14.3800 0.980145 -0.88350 19.74958
6.39794 14.3800 0.980145 -0.86574 19.76068
6.39794 14.3800 0.980145 -0.84798 19.76673
6.39794 14.3800 0.980145 -0.83022 19.77056
6.39794 14.3800 0.980145 -0.81246 19.76983
6.39794 14.3800 0.980145 -0.79470 19.76312
6.39794 14.3800 0.980145 -0.77694 19.75268
6.39794 14.3800 0.980145 -0.75918 19.73245
6.39794 14.3800 0.980145 -0.74142 19.70377
6.39794 14.3800 0.980145 -0.72366 19.66135
6.39794 14.3800 0.980145 -0.70590 19.59273
6.39794 14.3800 0.980145 -0.68814 19.64143
6.39794 14.3800 0.980145 -0.67038 19.72075
6.39794 14.3800 0.980145 -0.65262 19.78506
6.39794 14.3800 0.980145 -0.63486 19.83989
6.39794 14.3800 0.980145 -0.61710 19.88869
6.39794 14.3800 0.980145 -0.59934 19.93274
6.39794 14.3800 0.980145 -0.58158 19.97182
6.39794 14.3800 0.980145 -0.56382 20.00819
6.39794 14.3800 0.980145 -0.54605 20.04059
6.39794 14.3800 0.980145 -0.52829 20.07079
6.39794 14.3800 0.980145 -0.51053 20.09866
6.39794 14.3800 0.980145 -0.49277 20.12404
6.39794 14.3800 0.980145 -0.47501 20.14822
6.39794 14.3800 0.980145 -0.45725 20.16965
6.39794 14.3800 0.980145 -0.43949 20.19004
6.39794 14.3800 0.980145 -0.42173 20.20872
6.39794 14.3800 0.980145 -0.40397 20.22572
6.39794 14.3800 0.980145 -0.38621 20.24190
6.39794 14.3800 0.980145 -0.36845 20.25571
6.39794 14.3800 0.980145 -0.35069 20.26885
6.39794 14.3800 0.980145 -0.33293 20.28025
6.39794 14.3800 0.980145 -0.31517 20.29028
6.39794 14.3800 0.980145 -0.29741 20.29938
6.39794 14.3800 0.980145 -0.27965 20.30626
6.39794 14.3800 0.980145 -0.26189 20.31249
6.39794 14.3800 0.980145 -0.24413 20.31666
6.39794 14.3800 0.980145 -0.22637 20.31957
6.39794 14.3800 0.980145 -0.20861 20.32117
6.39794 14.3800 0.980145 -0.19085 20.32061
6.39794 14.3800 0.980145 -0.17309 20.31917
6.39794 14.3800 0.980145 -0.15533 20.31524
6.39794 14.3800 0.980145 -0.13757 20.31001
6.39794 14.3800 0.980145 -0.11980 20.30298
6.39794 14.3800 0.980145 -0.10204 20.29377
6.39794 14.3800 0.980145 -0.08428 20.28321
6.39794 14.3800 0.980145 -0.06652 20.26990
6.39794 14.3800 0.980145 -0.04876 20.25501
6.39794 14.3800 0.980145 -0.03100 20.23780
6.39794 14.3800 0.980145 -0.01324 20.21840
6.39794 14.3800 0.980145 0.00452 20.19682
6.39794 14.3800 0.980145 0.02228 20.17276
6.39794 14.3800 0.980145 0.04004 20.14633
6.39794 14.3800 0.980145 0.05780 20.11740
6.39794 14.3800 0.980145 0.07556 20.08603
6.39794 14.3800 0.980145 0.09332 20.05152
6.39794 14.3800 0.980145 0.11108 20.01522
6.39794 14.3800 0.980145 0.12884 19.97515
6.39794 14.3800 0.980145 0.14660 19.93313
6.39794 14.3800 0.980145 0.16436 19.88789
6.39794 14.3800 0.980145 0.18212 19.83886
6.39794 14.3800 0.980145 0.19988 19.78865
6.39794 14.3800 0.980145 0.21764 19.73265
6.39794 14.3800 0.980145 0.23540 19.67657
6.39794 14.3800 0.980145 0.25316 19.61539
6.39794 14.3800 0.980145 0.27092 19.55060
6.39794 14.3800 0.980145 0.28869 19.48475
6.39794 14.3800 0.980145 0.30645 19.41036
6.39794 14.3800 0.980145 0.32421 19.33976
6.39794 14.3800 0.980145 0.34197 19.26046
6.39794 14.3800 0.980145 0.35973 19.17924
6.39794 14.3800 0.980145 0.37749 19.09595
6.39794 14.3800 0.980145 0.39525 19.00171
6.39794 14.3800 0.980145 0.41301 18.91584
6.39794 14.3800 0.980145 0.43077 18.81634
6.39794 14.3800 0.980145 0.44853 18.71892
6.39794 14.3800 0.980145 0.46629 18.61662
6.39794 14.3800 0.980145 0.48405 18.50366
6.39794 14.3800 0.980145 0.50181 18.40076
6.39794 14.3800 0.980145 0.51957 18.27976
6.39794 14.3800 0.980145 0.53733 18.16792
6.39794 14.3800 0.980145 0.55509 18.04616
6.39794 14.3800 0.980145 0.57285 17.91714
6.39794 14.3800 0.980145 0.59061 17.79793
6.39794 14.3800 0.980145 0.60837 17.65699
6.39794 14.3800 0.980145 0.62613 17.53558
6.39794 14.3800 0.980145 0.64389 17.39775
6.39794 14.3800 0.980145 0.66165 17.26017
6.39794 14.3800 0.980145 0.67941 17.12977
6.39794 14.3800 0.980145 0.69718 16.97742
6.39794 14.3800 0.980145 0.71494 16.85529
6.39794 14.3800 0.980145 0.73270 16.71105
6.39794 14.3800 0.980145 0.75046 16.57578
6.39794 14.3800 0.980145 0.76822 16.44200
6.39794 14.3800 0.980145 0.78598 16.29021
6.39794 14.3800 0.980145 0.80374 16.16787
6.39794 14.3800 0.980145 0.82150 16.01926
6.39794 14.3800 0.980145 0.83926 15.88232
6.39794 14.3800 0.980145 0.85702 15.73711
6.39794 14.3800 0.980145 0.87478 15.57463
6.39794 14.3800 0.980145 0.89254 15.43184
6.39794 14.3800 0.980145 0.91030 15.25308
6.39794 14.3800 0.980145 0.92806 15.09130
6.39794 14.3800 0.980145 0.94582 14.90499
6.39794 14.3800 0.980145 0.96358 14.69931
6.39794 14.3800 0.980145 0.98134 14.50957
6.39794 14.3800 0.980145 0.99910 14.25817
6.39794 14.3800 0.980145 1.01686 14.05250
6.39794 14.3800 0.980145 1.03462 13.78533
6.39794 14.3800 0.980145 1.05238 13.51167
6.39794 14.3800 0.980145 1.07014 13.24170
6.39794 14.3800 0.980145 1.08790 12.86423
6.39794 14.3800 0.980145 1.10567 12.60958
6.39794 14.3800 0.980145 1.12343 12.20721
6.39794 14.3800 0.980145 1.14119 11.85784
6.39794 14.3800 0.980145 1.15895 11.45485
6.39794 14.3800 0.980145 1.17671 10.90303
6.39794 14.3800 0.980145 1.19447 10.58674
6.39794 14.3800 0.980145 1.21223 9.97254
6.39794 14.3800 0.980145 1.22999 9.56533
6.39794 14.3800 0.980145 1.24775 8.94522
6.39794 14.3800 0.980145 1.26551 8.27346
6.39794 14.3800 0.980145 1.28327 7.77856
6.39794 14.3800 0.980145 1.30103 6.86455
6.50515 14.3800 0.019855 -1.52288 18.76847
6.50515 14.3800 0.019855 -1.50512 18.79859
6.50515 14.3800 0.019855 -1.48736 18.82885
6.50515 14.3800 0.019855 -1.46960 18.85897
6.50515 14.3800 0.019855 -1.45184 18.88967
6.50515 14.3800 0.019855 -1.43408 18.91982
6.50515 14.3800 0.019855 -1.41632 18.94974
6.50515 14.3800 0.019855 -1.39856 18.97963
6.50515 14.3800 0.019855 -1.38080 19.00949
6.50515 14.3800 0.019855 -1.36303 19.03921
6.50515 14.3800 0.019855 -1.34527 19.06845
6.50515 14.3800 0.019855 -1.32751 19.09799
6.50515 14.3800 0.019855 -1.30975 19.12712
6.50515 14.3800 0.019855 -1.29199 19.15601
6.50515 14.3800 0.019855 -1.27423 19.18467
6.50515 14.3800 0.019855 -1.25647 19.21285
6.50515 14.3800 0.019855 -1.23871 19.24126
6.50515 14.3800 0.019855 -1.22095 19.26918
6.50515 14.3800 0.019855 -1.20319 19.29678
6.50515 14.3800 0.019855 -1.18543 19.32413
6.50515 14.3800 0.019855 -1.16767 19.35107
6.50515 14.3800 0.019855 -1.14991 19.37760
6.50515 14.3800 0.019855 -1.13215 19.40365
6.50515 14.3800 0.019855 -1.11439 19.42928
6.50515 14.3800 0.019855 -1.09663 19.45435
6.50515 14.3800 0.019855 -1.07887 19.47895
6.50515 14.3800 0.019855 -1.06111 19.50274
6.50515 14.3800 0.019855 -1.04335 19.52600
6.50515 14.3800 0.019855 -1.02559 19.54834
6.50515 14.3800 0.019855 -1.00783 19.56986
6.50515 14.3800 0.019855 -0.99007 19.59061
6.50515 14.3800 0.019855 -0.97231 19.60984
6.50515 14.3800 0.019855 -0.95454 19.62844
6.50515 14.3800 0.019855 -0.93678 19.64514
6.50515 14.3800 0.019855 -0.91902 19.66067
6.50515 14.3800 0.019855 -0.90126 19.67462
6.50515 14.3800 0.019855 -0.88350 19.68611
6.50515 14.3800 0.019855 -0.86574 19.69664
6.50515 14.3800 0.019855 -0.84798 19.70299
6.50515 14.3800 0.019855 -0.83022 19.70757
6.50515 14.3800 0.019855 -0.81246 19.70851
6.50515 14.3800 0.019855 -0.79470 19.70466
6.50515 14.3800 0.019855 -0.77694 19.69792
6.50515 14.3800 0.019855 -0.75918 19.68243
6.50515 14.3800 0.019855 -0.74142 19.65808
6.50515 14.3800 0.019855 -0.72366 19.61345
6.50515 14.3800 0.019855 -0.70590 19.43914
6.50515 14.3800 0.019855 -0.68814 19.56934
6.50515 14.3800 0.019855 -0.67038 19.68542
6.50515 14.3800 0.019855 -0.65262 19.75836
6.50515 14.3800 0.019855 -0.63486 19.81926
6.50515 14.3800 0.019855 -0.61710 19.87412
6.50515 14.3800 0.019855 -0.59934 19.92426
6.50515 14.3800 0.019855 -0.58158 19.97070
6.50515 14.3800 0.019855 -0.56382 20.01422
6.50515 14.3800 0.019855 -0.54605 20.05504
6.50515 14.3800 0.019855 -0.52829 20.09359
6.50515 14.3800 0.019855 -0.51053 20.13008
6.50515 14.3800 0.019855 -0.49277 20.16449
6.50515 14.3800 0.019855 -0.47501 20.19740
6.50515 14.3800 0.019855 -0.45725 20.22819
6.50515 14.3800 0.019855 -0.43949 20.25764
6.50515 14.3800 0.019855 -0.42173 20.28550
6.50515 14.3800 0.019855 -0.40397 20.31170
6.50515 14.3800 0.019855 -0.38621 20.33689
6.50515 14.3800 0.019855 -0.36845 20.35995
6.50515 14.3800 0.019855 -0.35069 20.38213
6.50515 14.3800 0.019855 -0.33293 20.40264
6.50515 14.3800 0.019855 -0.31517 20.42173
6.50515 14.3800 0.019855 -0.29741 20.43983
6.50515 14.3800 0.019855 -0.27965 20.45576
6.50515 14.3800 0.019855 -0.26189 20.47098
6.50515 14.3800 0.019855 -0.24413 20.48417
6.50515 14.3800 0.019855 -0.22637 20.49609
6.50515 14.3800 0.019855 -0.20861 20.50677
6.50515 14.3800 0.019855 -0.19085 20.51522
6.50515 14.3800 0.019855 -0.17309 20.52293
6.50515 14.3800 0.019855 -0.15533 20.52809
6.50515 14.3800 0.019855 -0.13757 20.53206
6.50515 14.3800 0.019855 -0.11980 20.53432
6.50515 14.3800 0.019855 -0.10204 20.53434
6.50515 14.3800 0.019855 -0.08428 20.53336
6.50515 14.3800 0.019855 -0.06652 20.52932
6.50515 14.3800 0.019855 -0.04876 20.52404
6.50515 14.3800 0.019855 -0.03100 20.51650
6.50515 14.3800 0.019855 -0.01324 20.50671
6.50515 14.3800 0.019855 0.00452 20.49529
6.50515 14.3800 0.019855 0.02228 20.48077
6.50515 14.3800 0.019855 0.04004 20.46455
6.50515 14.3800 0.019855 0.05780 20.44563
6.50515 14.3800 0.019855 0.07556 20.42438
6.50515 14.3800 0.019855 0.09332 20.40059
6.50515 14.3800 0.019855 0.11108 20.37422
6.50515 14.3800 0.019855 0.12884 20.34512
6.50515 14.3800 0.019855 0.14660 20.31347
6.50515 14.3800 0.019855 0.16436 20.27909
6.50515 14.3800 0.019855 0.18212 20.24149
6.50515 14.3800 0.019855 0.19988 20.20205
6.50515 14.3800 0.019855 0.21764 20.15841
6.50515 14.3800 0.019855 0.23540 20.11369
6.50515 14.3800 0.019855 0.25316 20.06527
6.50515 14.3800 0.019855 0.27092 20.01392
6.50515 14.3800 0.019855 0.28869 19.96162
6.50515 14.3800 0.019855 0.30645 19.90363
6.50515 14.3800 0.019855 0.32421 19.84832
6.50515 14.3800 0.019855 0.34197 19.78787
6.50515 14.3800 0.019855 0.35973 19.72701
6.50515 14.3800 0.019855 0.37749 19.66629
6.50515 14.3800 0.019855 0.39525 19.60050
6.50515 14.3800 0.019855 0.41301 19.54229
6.50515 14.3800 0.019855 0.43077 19.47893
6.50515 14.3800 0.019855 0.44853 19.42014
6.50515 14.3800 0.019855 0.46629 19.36254
6.50515 14.3800 0.019855 0.48405 19.30423
6.50515 14.3800 0.019855 0.50181 19.25406
6.50515 14.3800 0.019855 0.51957 19.20115
6.50515 14.3800 0.019855 0.53733 19.15463
6.50515 14.3800 0.019855 0.55509 19.10807
6.50515 14.3800 0.019855 0.57285 19.06223
6.50515 14.3800 0.019855 0.59061 19.01920
6.50515 14.3800 0.019855 0.60837 18.97315
6.50515 14.3800 0.019855 0.62613 18.92880
6.50515 14.3800 0.019855 0.64389 18.88095
6.50515 14.3800 0.019855 0.66165 18.83039
6.50515 14.3800 0.019855 0.67941 18.77750
6.50515 14.3800 0.019855 0.69718 18.71787
6.50515 14.3800 0.019855 0.71494 18.65704
6.50515 14.3800 0.019855 0.73270 18.58821
6.50515 14.3800 0.019855 0.75046 18.51390
6.50515 14.3800 0.019855 0.76822 18.43452
6.50515 14.3800 0.019855 0.78598 18.34192
6.50515 14.3800 0.019855 0.80374 18.25174
6.50515 14.3800 0.019855 0.82150 18.14466
6.50515 14.3800 0.019855 0.83926 18.03392
6.50515 14.3800 0.019855 0.85702 17.91347
6.50515 14.3800 0.019855 0.87478 17.77309
6.50515 14.3800 0.019855 0.89254 17.64163
6.50515 14.3800 0.019855 0.91030 17.47688
6.50515 14.3800 0.019855 0.92806 17.32095
6.50515 14.3800 0.019855 0.94582 17.14102
6.50515 14.3800 0.019855 0.96358 16.93888
6.50515 14.3800 0.019855 0.98134 16.75069
6.50515 14.3800 0.019855 0.99910 16.50021
6.50515 14.3800 0.019855 1.01686 16.29405
6.50515 14.3800 0.019855 1.03462 16.02590
6.50515 14.3800 0.019855 1.05238 15.75088
6.50515 14.3800 0.019855 1.07014 15.47960
6.50515 14.3800 0.019855 1.08790 15.10012
6.50515 14.3800 0.019855 1.10567 14.84512
6.50515 14.3800 0.019855 1.12343 14.44193
6.50515 14.3800 0.019855 1.14119 14.09302
6.50515 14.3800 0.019855 1.15895 13.69112
6.50515 14.3800 0.019855 1.17671 13.14319
6.50515 14.3800 0.019855 1.19447 12.82882
6.50515 14.3800 0.019855 1.21223 12.22306
6.50515 14.3800 0.019855 1.22999 11.81977
6.50515 14.3800 0.019855 1.24775 11.21265
6.50515 14.3800 0.019855 1.26551 10.55423
6.50515 14.3800 0.019855 1.28327 10.07191
6.50515 14.3800 0.019855 1.30103 9.19053
6.50515 14.3800 0.101667 -1.52288 18.86016
6.50515 14.3800 0.101667 -1.50512 18.89117
6.50515 14.3800 0.101667 -1.48736 18.92017
6.50515 14.3800 0.101667 -1.46960 18.94763
6.50515 14.3800 0.101667 -1.45184 18.97733
6.50515 14.3800 0.101667 -1.43408 19.00704
6.50515 14.3800 0.101667 -1.41632 19.03766
6.50515 14.3800 0.101667 -1.39856 19.06767
6.50515 14.3800 0.101667 -1.38080 19.09712
6.50515 14.3800 0.101667 -1.36303 19.12776
6.50515 14.3800 0.101667 -1.34527 19.15789
6.50515 14.3800 0.101667 -1.32751 19.18628
6.50515 14.3800 0.101667 -1.30975 19.21421
6.50515 14.3800 0.101667 -1.29199 19.24179
6.50515 14.3800 0.101667 -1.27423 19.27106
6.50515 14.3800 0.101667 -1.25647 19.30045
6.50515 14.3800 0.101667 -1.23871 19.32976
6.50515 14.3800 0.101667 -1.22095 19.35825
6.50515 14.3800 0.101667 -1.20319 19.38592
6.50515 14.3800 0.101667 -1.18543 19.41369
6.50515 14.3800 0.101667 -1.16767 19.44122
6.50515 14.3800 0.101667 -1.14991 19.46847
6.50515 14.3800 0.101667 -1.13215 19.49557
6.50515 14.3800 0.101667 -1.11439 19.52321
6.50515 14.3800 0.101667 -1.09663 19.54991
6.50515 14.3800 0.101667 -1.07887 19.57584
6.50515 14.3800 0.101667 -1.06111 19.60159
6.50515 14.3800 0.101667 -1.04335 19.62692
6.50515 14.3800 0.101667 -1.02559 19.65188
6.50515 14.3800 0.101667 -1.00783 19.67611
6.50515 14.3800 0.101667 -0.99007 19.69968
6.50515 14.3800 0.101667 -0.97231 19.72229
6.50515 14.3800 0.101667 -0.95454 19.74431
6.50515 14.3800 0.101667 -0.93678 19.76460
6.50515 14.3800 0.101667 -0.91902 19.78387
6.50515 14.3800 0.101667 -0.90126 19.80185
6.50515 14.3800 0.101667 -0.88350 19.81715
6.50515 14.3800 0.101667 -0.86574 19.83137
6.50515 14.3800 0.101667 -0.84798 19.84085
6.50515 14.3800 0.101667 -0.83022 19.84799
6.50515 14.3800 0.101667 -0.81246 19.85040
6.50515 14.3800 0.101667 -0.79470 19.84590
6.50515 14.3800 0.101667 -0.77694 19.83724
6.50515 14.3800 0.101667 -0.75918 19.81556
6.50515 14.3800 0.101667 -0.74142 19.78118
6.50515 14.3800 0.101667 -0.72366 19.72240
6.50515 14.3800 0.101667 -0.70590 19.58208
6.50515 14.3800 0.101667 -0.68814 19.68022
6.50515 14.3800 0.101667 -0.67038 19.80784
6.50515 14.3800 0.101667 -0.65262 19.89993
6.50515 14.3800 0.101667 -0.63486 19.97544
6.50515 14.3800 0.101667 -0.61710 20.04079
6.50515 14.3800 0.101667 -0.59934 20.09863
6.50515 14.3800 0.101667 -0.58158 20.14989
6.50515 14.3800 0.101667 -0.56382 20.19696
6.50515 14.3800 0.101667 -0.54605 20.23964
6.50515 14.3800 0.101667 -0.52829 20.27940
6.50515 14.3800 0.101667 -0.51053 20.31646
6.50515 14.3800 0.101667 -0.49277 20.35104
6.50515 14.3800 0.101667 -0.47501 20.38399
6.50515 14.3800 0.101667 -0.45725 20.41466
6.50515 14.3800 0.101667 -0.43949 20.44406
6.50515 14.3800 0.101667 -0.42173 20.47199
6.50515 14.3800 0.101667 -0.40397 20.49842
6.50515 14.3800 0.101667 -0.38621 20.52390
6.50515 14.3800 0.101667 -0.36845 20.54764
6.50515 14.3800 0.101667 -0.35069 20.57062
6.50515 14.3800 0.101667 -0.33293 20.59230
6.50515 14.3800 0.101667 -0.31517 20.61279
6.50515 14.3800 0.101667 -0.29741 20.63244
6.50515 14.3800 0.101667 -0.27965 20.65045
6.50515 14.3800 0.101667 -0.26189 20.66787
6.50515 14.3800 0.101667 -0.24413 20.68372
6.50515 14.3800 0.101667 -0.22637 20.69856
6.50515 14.3800 0.101667 -0.20861 20.71244
6.50515 14.3800 0.101667 -0.19085 20.72460
6.50515 14.3800 0.101667 -0.17309 20.73620
6.50515 14.3800 0.101667 -0.15533 20.74583
6.50515 14.3800 0.101667 -0.13757 20.75455
6.50515 14.3800 0.101667 -0.11980 20.76200
6.50515 14.3800 0.101667 -0.10204 20.76771
6.50515 14.3800 0.101667 -0.08428 20.77277
6.50515 14.3800 0.101667 -0.06652 20.77536
6.50515 14.3800 0.101667 -0.04876 20.77711
6.50515 14.3800 0.101667 -0.03100 20.77717
6.50515 14.3800 0.101667 -0.01324 20.77547
6.50515 14.3800 0.101667 0.00452 20.77277
6.50515 14.3800 0.101667 0.02228 20.76745
6.50515 14.3800 0.101667 0.04004 20.76110
6.50515 14.3800 0.101667 0.05780 20.75261
6.50515 14.3800 0.101667 0.07556 20.74237
6.50515 14.3800 0.101667 0.09332 20.73051
6.50515 14.3800 0.101667 0.11108 20.71624
6.50515 14.3800 0.101667 0.12884 20.70040
6.50515 14.3800 0.101667 0.14660 20.68223
6.50515 14.3800 0.101667 0.16436 20.66213
6.50515 14.3800 0.101667 0.18212 20.63981
6.50515 14.3800 0.101667 0.19988 20.61536
6.50515 14.3800 0.101667 0.21764 20.58850
6.50515 14.3800 0.101667 0.23540 20.55958
6.50515 14.3800 0.101667 0.25316 20.52816
6.50515 14.3800 0.101667 0.27092 20.49416
6.50515 14.3800 0.101667 0.28869 20.45826
6.50515 14.3800 0.101667 0.30645 20.41866
6.50515 14.3800 0.101667 0.32421 20.37821
6.50515 14.3800 0.101667 0.34197 20.33395
6.50515 14.3800 0.101667 0.35973 20.28733
6.50515 14.3800 0.101667 0.37749 20.23867
6.50515 14.3800 0.101667 0.39525 20.18488
6.50515 14.3800 0.101667 0.41301 20.13221
6.50515 14.3800 0.101667 0.43077 20.07362
6.50515 14.3800 0.101667 0.44853 20.01395
6.50515 14.3800 0.101667 0.46629 19.95137
6.50515 14.3800 0.101667 0.48405 19.88314
6.50515 14.3800 0.101667 0.50181 19.81738
6.50515 14.3800 0.101667 0.51957 19.74337
6.50515 14.3800 0.101667 0.53733 19.67122
6.50515 14.3800 0.101667 0.55509 19.59426
6.50515 14.3800 0.101667 0.57285 19.51251
6.50515 14.3800 0.101667 0.59061 19.43392
6.50515 14.3800 0.101667 0.60837 19.34479
6.50515 14.3800 0.101667 0.62613 19.26237
6.50515 14.3800 0.101667 0.64389 19.17203
6.50515 14.3800 0.101667 0.66165 19.07959
6.50515 14.3800 0.101667 0.67941 18.98959
6.50515 14.3800 0.101667 0.69718 18.88720
6.50515 14.3800 0.101667 0.71494 18.79716
6.50515 14.3800 0.101667 0.73270 18.69464
6.50515 14.3800 0.101667 0.75046 18.59331
6.50515 14.3800 0.101667 0.76822 18.49105
6.50515 14.3800 0.101667 0.78598 18.37474
6.50515 14.3800 0.101667 0.80374 18.27283
6.50515 14.3800 0.101667 0.82150 18.15174
6.50515 14.3800 0.101667 0.83926 18.03400
6.50515 14.3800 0.101667 0.85702 17.90829
6.50515 14.3800 0.101667 0.87478 17.76553
6.50515 14.3800 0.101667 0.89254 17.63509
6.50515 14.3800 0.101667 0.91030 17.47318
6.50515 14.3800 0.101667 0.92806 17.32160
6.50515 14.3800 0.101667 0.94582 17.14765
6.50515 14.3800 0.101667 0.96358 16.95314
6.50515 14.3800 0.101667 0.98134 16.77130
6.50515 14.3800 0.101667 0.99910 16.53104
6.50515 14.3800 0.101667 1.01686 16.33041
6.50515 14.3800 0.101667 1.03462 16.07150
6.50515 14.3800 0.101667 1.05238 15.80361
6.50515 14.3800 0.101667 1.07014 15.53899
6.50515 14.3800 0.101667 1.08790 15.16895
6.50515 14.3800 0.101667 1.10567 14.91671
6.50515 14.3800 0.101667 1.12343 14.52083
6.50515 14.3800 0.101667 1.14119 14.17518
6.50515 14.3800 0.101667 1.15895 13.77814
6.50515 14.3800 0.101667 1.17671 13.23535
6.50515 14.3800 0.101667 1.19447 12.92225
6.50515 14.3800 0.101667 1.21223 12.32067
6.50515 14.3800 0.101667 1.22999 11.91835
6.50515 14.3800 0.101667 1.24775 11.31427
6.50515 14.3800 0.101667 1.26551 10.65770
6.50515 14.3800 0.101667 1.28327 10.17697
6.50515 14.3800 0.101667 1.30103 9.29852
6.50515 14.3800 0.237234 -1.52288 18.92663
6.50515 14.3800 0.237234 -1.50512 18.94623
6.50515 14.3800 0.237234 -1.48736 18.97184
6.50515 14.3800 0.237234 -1.46960 19.00141
6.50515 14.3800 0.237234 -1.45184 19.03683
6.50515 14.3800 0.237234 -1.43408 19.06981
6.50515 14.3800 0.237234 -1.41632 19.09332
6.50515 14.3800 0.237234 -1.39856 19.12152
6.50515 14.3800 0.237234 -1.38080 19.15396
6.50515 14.3800 0.237234 -1.36303 19.18037
6.50515 14.3800 0.237234 -1.34527 19.20583
6.50515 14.3800 0.237234 -1.32751 19.23709
6.50515 14.3800 0.237234 -1.30975 19.26536
6.50515 14.3800 0.237234 -1.29199 19.29017
6.50515 14.3800 0.237234 -1.27423 19.32122
6.50515 14.3800 0.237234 -1.25647 19.35360
6.50515 14.3800 0.237234 -1.23871 19.38070
6.50515 14.3800 0.237234 -1.22095 19.40765
6.50515 14.3800 0.237234 -1.20319 19.43485
6.50515 14.3800 0.237234 -1.18543 19.46255
6.50515 14.3800 0.237234 -1.16767 19.49021
6.50515 14.3800 0.237234 -1.14991 19.51809
6.50515 14.3800 0.237234 -1.13215 19.54558
6.50515 14.3800 0.237234 -1.11439 19.57300
6.50515 14.3800 0.237234 -1.09663 19.59965
6.50515 14.3800 0.237234 -1.07887 19.62565
6.50515 14.3800 0.237234 -1.06111 19.65141
6.50515 14.3800 0.237234 -1.04335 19.67678
6.50515 14.3800 0.237234 -1.02559 19.70191
6.50515 14.3800 0.237234 -1.00783 19.72617
6.50515 14.3800 0.237234 -0.99007 19.74963
6.50515 14.3800 0.237234 -0.97231 19.77312
6.50515 14.3800 0.237234 -0.95454 19.79618
6.50515 14.3800 0.237234 -0.93678 19.81744
6.50515 14.3800 0.237234 -0.91902 19.83794
6.50515 14.3800 0.237234 -0.90126 19.85751
6.50515 14.3800 0.237234 -0.88350 19.87506
6.50515 14.3800 0.237234 -0.86574 19.89175
6.50515 14.3800 0.237234 -0.84798 19.90447
6.50515 14.3800 0.237234 -0.83022 19.91495
6.50515 14.3800 0.237234 -0.81246 19.92101
6.50515 14.3800 0.237234 -0.79470 19.91975
6.50515 14.3800 0.237234 -0.77694 19.91426
6.50515 14.3800 0.237234 -0.75918 19.89344
6.50515 14.3800 0.237234 -0.74142 19.85699
6.50515 14.3800 0.237234 -0.72366 19.79018
6.50515 14.3800 0.237234 -0.70590 19.64411
6.50515 14.3800 0.237234 -0.68814 19.74176
6.50515 14.3800 0.237234 -0.67038 19.88415
6.50515 14.3800 0.237234 -0.65262 19.98479
6.50515 14.3800 0.237234 -0.63486 20.06320
6.50515 14.3800 0.237234 -0.61710 20.12911
6.50515 14.3800 0.237234 -0.59934 20.18604
6.50515 14.3800 0.237234 -0.58158 20.23532
6.50515 14.3800 0.237234 -0.56382 20.28041
6.50515 14.3800 0.237234 -0.54605 20.32112
6.50515 14.3800 0.237234 -0.52829 20.35920
6.50515 14.3800 0.237234 -0.51053 20.39481
6.50515 14.3800 0.237234 -0.49277 20.42827
6.50515 14.3800 0.237234 -0.47501 20.46028
6.50515 14.3800 0.237234 -0.45725 20.49057
6.50515 14.3800 0.237234 -0.43949 20.51977
6.50515 14.3800 0.237234 -0.42173 20.54779
6.50515 14.3800 0.237234 -0.40397 20.57460
6.50515 14.3800 0.237234 -0.38621 20.60058
6.50515 14.3800 0.237234 -0.36845 20.62521
6.50515 14.3800 0.237234 -0.35069 20.64916
6.50515 14.3800 0.237234 -0.33293 20.67206
6.50515 14.3800 0.237234 -0.31517 20.69396
6.50515 14.3800 0.237234 -0.29741 20.71512
6.50515 14.3800 0.237234 -0.27965 20.73497
6.50515 14.3800 0.237234 -0.26189 20.75427
6.50515 14.3800 0.237234 -0.24413 20.77226
6.50515 14.3800 0.237234 -0.22637 20.78941
6.50515 14.3800 0.237234 -0.20861 20.80576
6.50515 14.3800 0.237234 -0.19085 20.82068
6.50515 14.3800 0.237234 -0.17309 20.83511
6.50515 14.3800 0.237234 -0.15533 20.84795
6.50515 14.3800 0.237234 -0.13757 20.86000
6.50515 14.3800 0.237234 -0.11980 20.87095
6.50515 14.3800 0.237234 -0.10204 20.88042
6.50515 14.3800 0.237234 -0.08428 20.88937
6.50515 14.3800 0.237234 -0.06652 20.89628
6.50515 14.3800 0.237234 -0.04876 20.90251
6.50515 14.3800 0.237234 -0.03100 20.90729
6.50515 14.3800 0.237234 -0.01324 20.91058
6.50515 14.3800 0.237234 0.00452 20.91311
6.50515 14.3800 0.237234 0.02228 20.91335
6.50515 14.3800 0.237234 0.04004 20.91284
6.50515 14.3800 0.237234 0.05780 20.91047
6.50515 14.3800 0.237234 0.07556 20.90663
6.50515 14.3800 0.237234 0.09332 20.90158
6.50515 14.3800 0.237234 0.11108 20.89429
6.50515 14.3800 0.237234 0.12884 20.88593
6.50515 14.3800 0.237234 0.14660 20.87541
6.50515 14.3800 0.237234 0.16436 20.86335
6.50515 14.3800 0.237234 0.18212 20.84957
6.50515 14.3800 0.237234 0.19988 20.83369
6.50515 14.3800 0.237234 0.21764 20.81617
6.50515 14.3800 0.237234 0.23540 20.79648
6.50515 14.3800 0.237234 0.25316 20.77493
6.50515 14.3800 0.237234 0.27092 20.75122
6.50515 14.3800 0.237234 0.28869 20.72557
6.50515 14.3800 0.237234 0.30645 20.69740
6.50515 14.3800 0.237234 0.32421 20.66754
6.50515 14.3800 0.237234 0.34197 20.63501
6.50515 14.3800 0.237234 0.35973 20.60019
6.50515 14.3800 0.237234 0.37749 20.56332
6.50515 14.3800 0.237234 0.39525 20.52278
6.50515 14.3800 0.237234 0.41301 20.48163
6.50515 14.3800 0.237234 0.43077 20.43628
6.50515 14.3800 0.237234 0.44853 20.38909
6.50515 14.3800 0.237234 0.46629 20.33918
6.50515 14.3800 0.237234 0.48405 20.28467
6.50515 14.3800 0.237234 0.50181 20.23039
6.50515 14.3800 0.237234 0.51957 20.16978
6.50515 14.3800 0.237234 0.53733 20.10880
6.50515 14.3800 0.237234 0.55509 20.04339
6.50515 14.3800 0.237234 0.57285 19.97297
6.50515 14.3800 0.237234 0.59061 19.90315
6.50515 14.3800 0.237234 0.60837 19.82388
6.50515 14.3800 0.237234 0.62613 19.74745
6.50515 14.3800 0.237234 0.64389 19.66304
6.50515 14.3800 0.237234 0.66165 19.57425
6.50515 14.3800 0.237234 0.67941 19.48539
6.50515 14.3800 0.237234 0.69718 19.38260
6.50515 14.3800 0.237234 0.71494 19.28870
6.50515 14.3800 0.237234 0.73270 19.18016
6.50515 14.3800 0.237234 0.75046 19.06990
6.50515 14.3800 0.237234 0.76822 18.95674
6.50515 14.3800 0.237234 0.78598 18.82466
6.50515 14.3800 0.237234 0.80374 18.70906
6.50515 14.3800 0.237234 0.82150 18.56838
6.50515 14.3800 0.237234 0.83926 18.43247
6.50515 14.3800 0.237234 0.85702 18.28656
6.50515 14.3800 0.237234 0.87478 18.11984
6.50515 14.3800 0.237234 0.89254 17.97237
6.50515 14.3800 0.237234 0.91030 17.78585
6.50515 14.3800 0.237234 0.92806 17.61808
6.50515 14.3800 0.237234 0.94582 17.42416
6.50515 14.3800 0.237234 0.96358 17.21119
6.50515 14.3800 0.237234 0.98134 17.01643
6.50515 14.3800 0.237234 0.99910 16.75814
6.50515 14.3800 0.237234 1.01686 16.55002
6.50515 14.3800 0.237234 1.03462 16.27898
6.50515 14.3800 0.237234 1.05238 16.00368
6.50515 14.3800 0.237234 1.07014 15.73269
6.50515 14.3800 0.237234 1.08790 15.35534
6.50515 14.3800 0.237234 1.10567 15.10156
6.50515 14.3800 0.237234 1.12343 14.70172
6.50515 14.3800 0.237234 1.14119 14.35487
6.50515 14.3800 0.237234 1.15895 13.95612
6.50515 14.3800 0.237234 1.17671 13.41208
6.50515 14.3800 0.237234 1.19447 13.09871
6.50515 14.3800 0.237234 1.21223 12.49628
6.50515 14.3800 0.237234 1.22999 12.09367
6.50515 14.3800 0.237234 1.24775 11.48868
6.50515 14.3800 0.237234 1.26551 10.83116
6.50515 14.3800 0.237234 1.28327 10.34955
6.50515 14.3800 0.237234 1.30103 9.46872
6.50515 14.3800 0.408283 -1.52288 18.94631
6.50515 14.3800 0.408283 -1.50512 18.98734
6.50515 14.3800 0.408283 -1.48736 19.01884
6.50515 14.3800 0.408283 -1.46960 19.04389
6.50515 14.3800 0.408283 -1.45184 19.06984
6.50515 14.3800 0.408283 -1.43408 19.09629
6.50515 14.3800 0.408283 -1.41632 19.12558
6.50515 14.3800 0.408283 -1.39856 19.15563
6.50515 14.3800 0.408283 -1.38080 19.18636
6.50515 14.3800 0.408283 -1.36303 19.22007
6.50515 14.3800 0.408283 -1.34527 19.25291
6.50515 14.3800 0.408283 -1.32751 19.27997
6.50515 14.3800 0.408283 -1.30975 19.30699
6.50515 14.3800 0.408283 -1.29199 19.33418
6.50515 14.3800 0.408283 -1.27423 19.36212
6.50515 14.3800 0.408283 -1.25647 19.38990
6.50515 14.3800 0.408283 -1.23871 19.41675
6.50515 14.3800 0.408283 -1.22095 19.44302
6.50515 14.3800 0.408283 -1.20319 19.46874
6.50515 14.3800 0.408283 -1.18543 19.49632
6.50515 14.3800 0.408283 -1.16767 19.52450
6.50515 14.3800 0.408283 -1.14991 19.55019
6.50515 14.3800 0.408283 -1.13215 19.57644
6.50515 14.3800 0.408283 -1.11439 19.60516
6.50515 14.3800 0.408283 -1.09663 19.63259
6.50515 14.3800 0.408283 -1.07887 19.65900
6.50515 14.3800 0.408283 -1.06111 19.68403
6.50515 14.3800 0.408283 -1.04335 19.70863
6.50515 14.3800 0.408283 -1.02559 19.73329
6.50515 14.3800 0.408283 -1.00783 19.75786
6.50515 14.3800 0.408283 -0.99007 19.78235
6.50515 14.3800 0.408283 -0.97231 19.80531
6.50515 14.3800 0.408283 -0.95454 19.82771
6.50515 14.3800 0.408283 -0.93678 19.84973
6.50515 14.3800 0.408283 -0.91902 19.87050
6.50515 14.3800 0.408283 -0.90126 19.88973
6.50515 14.3800 0.408283 -0.88350 19.90822
6.50515 14.3800 0.408283 -0.86574 19.92628
6.50515 14.3800 0.408283 -0.84798 19.94037
6.50515 14.3800 0.408283 -0.83022 19.95252
6.50515 14.3800 0.408283 -0.81246 19.96090
6.50515 14.3800 0.408283 -0.79470 19.96224
6.50515 14.3800 0.408283 -0.77694 19.95963
6.50515 14.3800 0.408283 -0.75918 19.94127
6.50515 14.3800 0.408283 -0.74142 19.90597
6.50515 14.3800 0.408283 -0.72366 19.83626
6.50515 14.3800 0.408283 -0.70590 19.68369
6.50515 14.3800 0.408283 -0.68814 19.78412
6.50515 14.3800 0.408283 -0.67038 19.93446
6.50515 14.3800 0.408283 -0.65262 20.03741
6.50515 14.3800 0.408283 -0.63486 20.11465
6.50515 14.3800 0.408283 -0.61710 20.17877
6.50515 14.3800 0.408283 -0.59934 20.23356
6.50515 14.3800 0.408283 -0.58158 20.28086
6.50515 14.3800 0.408283 -0.56382 20.32425
6.50515 14.3800 0.408283 -0.54605 20.36362
6.50515 14.3800 0.408283 -0.52829 20.40066
6.50515 14.3800 0.408283 -0.51053 20.43550
6.50515 14.3800 0.408283 -0.49277 20.46863
6.50515 14.3800 0.408283 -0.47501 20.50047
6.50515 14.3800 0.408283 -0.45725 20.53078
6.50515 14.3800 0.408283 -0.43949 20.56012
6.50515 14.3800 0.408283 -0.42173 20.58844
6.50515 14.3800 0.408283 -0.40397 20.61564
6.50515 14.3800 0.408283 -0.38621 20.64205
6.50515 14.3800 0.408283 -0.36845 20.66740
6.50515 14.3800 0.408283 -0.35069 20.69207
6.50515 14.3800 0.408283 -0.33293 20.71577
6.50515 14.3800 0.408283 -0.31517 20.73862
6.50515 14.3800 0.408283 -0.29741 20.76083
6.50515 14.3800 0.408283 -0.27965 20.78174
6.50515 14.3800 0.408283 -0.26189 20.80211
6.50515 14.3800 0.408283 -0.24413 20.82131
6.50515 14.3800 0.408283 -0.22637 20.83977
6.50515 14.3800 0.408283 -0.20861 20.85752
6.50515 14.3800 0.408283 -0.19085 20.87394
6.50515 14.3800 0.408283 -0.17309 20.88990
6.50515 14.3800 0.408283 -0.15533 20.90440
6.50515 14.3800 0.408283 -0.13757 20.91819
6.50515 14.3800 0.408283 -0.11980 20.93103
6.50515 14.3800 0.408283 -0.10204 20.94254
6.50515 14.3800 0.408283 -0.08428 20.95359
6.50515 14.3800 0.408283 -0.06652 20.96272
6.50515 14.3800 0.408283 -0.04876 20.97127
6.50515 14.3800 0.408283 -0.03100 20.97855
6.50515 14.3800 0.408283 -0.01324 20.98445
6.50515 14.3800 0.408283 0.00452 20.98970
6.50515 14.3800 0.408283 0.02228 20.99279
6.50515 14.3800 0.408283 0.04004 20.99525
6.50515 14.3800 0.408283 0.05780 20.99608
6.50515 14.3800 0.408283 0.07556 20.99554
6.50515 14.3800 0.408283 0.09332 20.99395
6.50515 14.3800 0.408283 0.11108 20.99025
6.50515 14.3800 0.408283 0.12884 20.98568
6.50515 14.3800 0.408283 0.14660 20.97905
6.50515 14.3800 0.408283 0.16436 20.97105
6.50515 14.3800 0.408283 0.18212 20.96154
6.50515 14.3800 0.408283 0.19988 20.95000
6.50515 14.3800 0.408283 0.21764 20.93715
6.50515 14.3800 0.408283 0.23540 20.92211
6.50515 14.3800 0.408283 0.25316 20.90549
6.50515 14.3800 0.408283 0.27092 20.88693
6.50515 14.3800 0.408283 0.28869 20.86644
6.50515 14.3800 0.408283 0.30645 20.84392
6.50515 14.3800 0.408283 0.32421 20.81946
6.50515 14.3800 0.408283 0.34197 20.79280
6.50515 14.3800 0.408283 0.35973 20.76396
6.50515 14.3800 0.408283 0.37749 20.73312
6.50515 14.3800 0.408283 0.39525 20.69927
6.50515 14.3800 0.408283 0.41301 20.66422
6.50515 14.3800 0.408283 0.43077 20.62577
6.50515 14.3800 0.408283 0.44853 20.58531
6.50515 14.3800 0.408283 0.46629 20.54234
6.50515 14.3800 0.408283 0.48405 20.49542
6.50515 14.3800 0.408283 0.50181 20.44797
6.50515 14.3800 0.408283 0.51957 20.39529
6.50515 14.3800 0.408283 0.53733 20.34160
6.50515 14.3800 0.408283 0.55509 20.28397
6.50515 14.3800 0.408283 0.57285 20.22181
6.50515 14.3800 0.408283 0.59061 20.15941
6.50515 14.3800 0.408283 0.60837 20.08900
6.50515 14.3800 0.408283 0.62613 20.01995
6.50515 14.3800 0.408283 0.64389 19.94395
6.50515 14.3800 0.408283 0.66165 19.86352
6.50515 14.3800 0.408283 0.67941 19.78227
6.50515 14.3800 0.408283 0.69718 19.68873
6.50515 14.3800 0.408283 0.71494 19.60150
6.50515 14.3800 0.408283 0.73270 19.50127
6.50515 14.3800 0.408283 0.75046 19.39833
6.50515 14.3800 0.408283 0.76822 19.29205
6.50515 14.3800 0.408283 0.78598 19.16803
6.50515 14.3800 0.408283 0.80374 19.05727
6.50515 14.3800 0.408283 0.82150 18.92313
6.50515 14.3800 0.408283 0.83926 18.79168
6.50515 14.3800 0.408283 0.85702 18.65013
6.50515 14.3800 0.408283 0.87478 18.48742
6.50515 14.3800 0.408283 0.89254 18.34177
6.50515 14.3800 0.408283 0.91030 18.15734
6.50515 14.3800 0.408283 0.92806 17.98969
6.50515 14.3800 0.408283 0.94582 17.79545
6.50515 14.3800 0.408283 0.96358 17.58072
6.50515 14.3800 0.408283 0.98134 17.38381
6.50515 14.3800 0.408283 0.99910 17.12118
6.50515 14.3800 0.408283 1.01686 16.90990
6.50515 14.3800 0.408283 1.03462 16.63319
6.50515 14.3800 0.408283 1.05238 16.35254
6.50515 14.3800 0.408283 1.07014 16.07608
6.50515 14.3800 0.408283 1.08790 15.68977
6.50515 14.3800 0.408283 1.10567 15.43283
6.50515 14.3800 0.408283 1.12343 15.02441
6.50515 14.3800 0.408283 1.14119 14.67301
6.50515 14.3800 0.408283 1.15895 14.26720
6.50515 14.3800 0.408283 1.17671 13.71435
6.50515 14.3800 0.408283 1.19447 13.39849
6.50515 14.3800 0.408283 1.21223 12.78720
6.50515 14.3800 0.408283 1.22999 12.38209
6.50515 14.3800 0.408283 1.24775 11.76911
6.50515 14.3800 0.408283 1.26551 11.10576
6.50515 14.3800 0.408283 1.28327 10.61897
6.50515 14.3800 0.408283 1.30103 9.72727
6.50515 14.3800 0.591717 -1.52288 18.99004
6.50515 14.3800 0.591717 -1.50512 19.02294
6.50515 14.3800 0.591717 -1.48736 19.05661
6.50515 14.3800 0.591717 -1.46960 19.09044
6.50515 14.3800 0.591717 -1.45184 19.12904
6.50515 14.3800 0.591717 -1.43408 19.16107
6.50515 14.3800 0.591717 -1.41632 19.16741
6.50515 14.3800 0.591717 -1.39856 19.18527
6.50515 14.3800 0.591717 -1.38080 19.21434
6.50515 14.3800 0.591717 -1.36303 19.24020
6.50515 14.3800 0.591717 -1.34527 19.26576
6.50515 14.3800 0.591717 -1.32751 19.29687
6.50515 14.3800 0.591717 -1.30975 19.32837
6.50515 14.3800 0.591717 -1.29199 19.36066
6.50515 14.3800 0.591717 -1.27423 19.39134
6.50515 14.3800 0.591717 -1.25647 19.42068
6.50515 14.3800 0.591717 -1.23871 19.44143
6.50515 14.3800 0.591717 -1.22095 19.46450
6.50515 14.3800 0.591717 -1.20319 19.49193
6.50515 14.3800 0.591717 -1.18543 19.52421
6.50515 14.3800 0.591717 -1.16767 19.55827
6.50515 14.3800 0.591717 -1.14991 19.58163
6.50515 14.3800 0.591717 -1.13215 19.60527
6.50515 14.3800 0.591717 -1.11439 19.63134
6.50515 14.3800 0.591717 -1.09663 19.65735
6.50515 14.3800 0.591717 -1.07887 19.68320
6.50515 14.3800 0.591717 -1.06111 19.70801
6.50515 14.3800 0.591717 -1.04335 19.73233
6.50515 14.3800 0.591717 -1.02559 19.75619
6.50515 14.3800 0.591717 -1.00783 19.77969
6.50515 14.3800 0.591717 -0.99007 19.80287
6.50515 14.3800 0.591717 -0.97231 19.82581
6.50515 14.3800 0.591717 -0.95454 19.84845
6.50515 14.3800 0.591717 -0.93678 19.87045
6.50515 14.3800 0.591717 -0.91902 19.89160
6.50515 14.3800 0.591717 -0.90126 19.91172
6.50515 14.3800 0.591717 -0.88350 19.92977
6.50515 14.3800 0.591717 -0.86574 19.94698
6.50515 14.3800 0.591717 -0.84798 19.96141
6.50515 14.3800 0.591717 -0.83022 19.97418
6.50515 14.3800 0.591717 -0.81246 19.98368
6.50515 14.3800 0.591717 -0.79470 19.98637
6.50515 14.3800 0.591717 -0.77694 19.98529
6.50515 14.3800 0.591717 -0.75918 19.96875
6.50515 14.3800 0.591717 -0.74142 19.93501
6.50515 14.3800 0.591717 -0.72366 19.86542
6.50515 14.3800 0.591717 -0.70590 19.71179
6.50515 14.3800 0.591717 -0.68814 19.81289
6.50515 14.3800 0.591717 -0.67038 19.96439
6.50515 14.3800 0.591717 -0.65262 20.06640
6.50515 14.3800 0.591717 -0.63486 20.14159
6.50515 14.3800 0.591717 -0.61710 20.20391
6.50515 14.3800 0.591717 -0.59934 20.25709
6.50515 14.3800 0.591717 -0.58158 20.30312
6.50515 14.3800 0.591717 -0.56382 20.34543
6.50515 14.3800 0.591717 -0.54605 20.38387
6.50515 14.3800 0.591717 -0.52829 20.42027
6.50515 14.3800 0.591717 -0.51053 20.45478
6.50515 14.3800 0.591717 -0.49277 20.48745
6.50515 14.3800 0.591717 -0.47501 20.51885
6.50515 14.3800 0.591717 -0.45725 20.54902
6.50515 14.3800 0.591717 -0.43949 20.57821
6.50515 14.3800 0.591717 -0.42173 20.60635
6.50515 14.3800 0.591717 -0.40397 20.63353
6.50515 14.3800 0.591717 -0.38621 20.65997
6.50515 14.3800 0.591717 -0.36845 20.68509
6.50515 14.3800 0.591717 -0.35069 20.70963
6.50515 14.3800 0.591717 -0.33293 20.73342
6.50515 14.3800 0.591717 -0.31517 20.75624
6.50515 14.3800 0.591717 -0.29741 20.77834
6.50515 14.3800 0.591717 -0.27965 20.79943
6.50515 14.3800 0.591717 -0.26189 20.82001
6.50515 14.3800 0.591717 -0.24413 20.83940
6.50515 14.3800 0.591717 -0.22637 20.85797
6.50515 14.3800 0.591717 -0.20861 20.87578
6.50515 14.3800 0.591717 -0.19085 20.89249
6.50515 14.3800 0.591717 -0.17309 20.90877
6.50515 14.3800 0.591717 -0.15533 20.92355
6.50515 14.3800 0.591717 -0.13757 20.93768
6.50515 14.3800 0.591717 -0.11980 20.95092
6.50515 14.3800 0.591717 -0.10204 20.96284
6.50515 14.3800 0.591717 -0.08428 20.97432
6.50515 14.3800 0.591717 -0.06652 20.98403
6.50515 14.3800 0.591717 -0.04876 20.99316
6.50515 14.3800 0.591717 -0.03100 21.00106
6.50515 14.3800 0.591717 -0.01324 21.00765
6.50515 14.3800 0.591717 0.00452 21.01362
6.50515 14.3800 0.591717 0.02228 21.01752
6.50515 14.3800 0.591717 0.04004 21.02081
6.50515 14.3800 0.591717 0.05780 21.02246
6.50515 14.3800 0.591717 0.07556 21.02280
6.50515 14.3800 0.591717 0.09332 21.02214
6.50515 14.3800 0.591717 0.11108 21.01939
6.50515 14.3800 0.591717 0.12884 21.01582
6.50515 14.3800 0.591717 0.14660 21.01028
6.50515 14.3800 0.591717 0.16436 21.00340
6.50515 14.3800 0.591717 0.18212 20.99506
6.50515 14.3800 0.591717 0.19988 20.98472
6.50515 14.3800 0.591717 0.21764 20.97314
6.50515 14.3800 0.591717 0.23540 20.95939
6.50515 14.3800 0.591717 0.25316 20.94413
6.50515 14.3800 0.591717 0.27092 20.92699
6.50515 14.3800 0.591717 0.28869 20.90792
6.50515 14.3800 0.591717 0.30645 20.88695
6.50515 14.3800 0.591717 0.32421 20.86399
6.50515 14.3800 0.591717 0.34197 20.83896
6.50515 14.3800 0.591717 0.35973 20.81178
6.50515 14.3800 0.591717 0.37749 20.78261
6.50515 14.3800 0.591717 0.39525 20.75060
6.50515 14.3800 0.591717 0.41301 20.71726
6.50515 14.3800 0.591717 0.43077 20.68071
6.50515 14.3800 0.591717 0.44853 20.64212
6.50515 14.3800 0.591717 0.46629 20.60107
6.50515 14.3800 0.591717 0.48405 20.55626
6.50515 14.3800 0.591717 0.50181 20.51073
6.50515 14.3800 0.591717 0.51957 20.46026
6.50515 14.3800 0.591717 0.53733 20.40862
6.50515 14.3800 0.591717 0.55509 20.35318
6.50515 14.3800 0.591717 0.57285 20.29335
6.50515 14.3800 0.591717 0.59061 20.23307
6.50515 14.3800 0.591717 0.60837 20.16518
6.50515 14.3800 0.591717 0.62613 20.09830
6.50515 14.3800 0.591717 0.64389 20.02474
6.50515 14.3800 0.591717 0.66165 19.94679
6.50515 14.3800 0.591717 0.67941 19.86785
6.50515 14.3800 0.591717 0.69718 19.77713
6.50515 14.3800 0.591717 0.71494 19.69205
6.50515 14.3800 0.591717 0.73270 19.59448
6.50515 14.3800 0.591717 0.75046 19.49402
6.50515 14.3800 0.591717 0.76822 19.39014
6.50515 14.3800 0.591717 0.78598 19.26906
6.50515 14.3800 0.591717 0.80374 19.16029
6.50515 14.3800 0.591717 0.82150 19.02889
6.50515 14.3800 0.591717 0.83926 18.89963
6.50515 14.3800 0.591717 0.85702 18.76040
6.50515 14.3800 0.591717 0.87478 18.60026
6.50515 14.3800 0.591717 0.89254 18.45632
6.50515 14.3800 0.591717 0.91030 18.27433
6.50515 14.3800 0.591717 0.92806 18.10817
6.50515 14.3800 0.591717 0.94582 17.91578
6.50515 14.3800 0.591717 0.96358 17.70268
6.50515 14.3800 0.591717 0.98134 17.50687
6.50515 14.3800 0.591717 0.99910 17.24573
6.50515 14.3800 0.591717 1.01686 17.03495
6.50515 14.3800 0.591717 1.03462 16.75905
6.50515 14.3800 0.591717 1.05238 16.47869
6.50515 14.3800 0.591717 1.07014 16.20240
6.50515 14.3800 0.591717 1.08790 15.81593
6.50515 14.3800 0.591717 1.10567 15.55876
6.50515 14.3800 0.591717 1.12343 15.14965
6.50515 14.3800 0.591717 1.14119 14.79767
6.50515 14.3800 0.591717 1.15895 14.39088
6.50515 14.3800 0.591717 1.17671 13.83646
6.50515 14.3800 0.591717 1.19447 13.52009
6.50515 14.3800 0.591717 1.21223 12.90681
6.50515 14.3800 0.591717 1.22999 12.50106
6.50515 14.3800 0.591717 1.24775 11.88600
6.50515 14.3800 0.591717 1.26551 11.22097
6.50515 14.3800 0.591717 1.28327 10.73265
6.50515 14.3800 0.591717 1.30103 9.83748
6.50515 14.3800 0.762766 -1.52288 18.99207
6.50515 14.3800 0.762766 -1.50512 19.01845
6.50515 14.3800 0.762766 -1.48736 19.04872
6.50515 14.3800 0.762766 -1.46960 19.08133
6.50515 14.3800 0.762766 -1.45184 19.13887
6.50515 14.3800 0.762766 -1.43408 19.18671
6.50515 14.3800 0.762766 -1.41632 19.19627
6.50515 14.3800 0.762766 -1.39856 19.21620
6.50515 14.3800 0.762766 -1.38080 19.24608
6.50515 14.3800 0.762766 -1.36303 19.27958
6.50515 14.3800 0.762766 -1.34527 19.31083
6.50515 14.3800 0.762766 -1.32751 19.32375
6.50515 14.3800 0.762766 -1.30975 19.34252
6.50515 14.3800 0.762766 -1.29199 19.36901
6.50515 14.3800 0.762766 -1.27423 19.40018
6.50515 14.3800 0.762766 -1.25647 19.43229
6.50515 14.3800 0.762766 -1.23871 19.46225
6.50515 14.3800 0.762766 -1.22095 19.48975
6.50515 14.3800 0.762766 -1.20319 19.51351
6.50515 14.3800 0.762766 -1.18543 19.54047
6.50515 14.3800 0.762766 -1.16767 19.56872
6.50515 14.3800 0.762766 -1.14991 19.59406
6.50515 14.3800 0.762766 -1.13215 19.61895
6.50515 14.3800 0.762766 -1.11439 19.64368
6.50515 14.3800 0.762766 -1.09663 19.66811
6.50515 14.3800 0.762766 -1.07887 19.69223
6.50515 14.3800 0.762766 -1.06111 19.71694
6.50515 14.3800 0.762766 -1.04335 19.74165
6.50515 14.3800 0.762766 -1.02559 19.76700
6.50515 14.3800 0.762766 -1.00783 19.79125
6.50515 14.3800 0.762766 -0.99007 19.81450
6.50515 14.3800 0.762766 -0.97231 19.83715
6.50515 14.3800 0.762766 -0.95454 19.85938
6.50515 14.3800 0.762766 -0.93678 19.88056
6.50515 14.3800 0.762766 -0.91902 19.90113
6.50515 14.3800 0.762766 -0.90126 19.92097
6.50515 14.3800 0.762766 -0.88350 19.93933
6.50515 14.3800 0.762766 -0.86574 19.95702
6.50515 14.3800 0.762766 -0.84798 19.97129
6.50515 14.3800 0.762766 -0.83022 19.98384
6.50515 14.3800 0.762766 -0.81246 19.99304
6.50515 14.3800 0.762766 -0.79470 19.99559
6.50515 14.3800 0.762766 -0.77694 19.99447
6.50515 14.3800 0.762766 -0.75918 19.97840
6.50515 14.3800 0.762766 -0.74142 19.94551
6.50515 14.3800 0.762766 -0.72366 19.87835
6.50515 14.3800 0.762766 -0.70590 19.73246
6.50515 14.3800 0.762766 -0.68814 19.82972
6.50515 14.3800 0.762766 -0.67038 19.97483
6.50515 14.3800 0.762766 -0.65262 20.07357
6.50515 14.3800 0.762766 -0.63486 20.14695
6.50515 14.3800 0.762766 -0.61710 20.20794
6.50515 14.3800 0.762766 -0.59934 20.26008
6.50515 14.3800 0.762766 -0.58158 20.30536
6.50515 14.3800 0.762766 -0.56382 20.34704
6.50515 14.3800 0.762766 -0.54605 20.38481
6.50515 14.3800 0.762766 -0.52829 20.42041
6.50515 14.3800 0.762766 -0.51053 20.45394
6.50515 14.3800 0.762766 -0.49277 20.48592
6.50515 14.3800 0.762766 -0.47501 20.51673
6.50515 14.3800 0.762766 -0.45725 20.54592
6.50515 14.3800 0.762766 -0.43949 20.57419
6.50515 14.3800 0.762766 -0.42173 20.60144
6.50515 14.3800 0.762766 -0.40397 20.62768
6.50515 14.3800 0.762766 -0.38621 20.65322
6.50515 14.3800 0.762766 -0.36845 20.67739
6.50515 14.3800 0.762766 -0.35069 20.70096
6.50515 14.3800 0.762766 -0.33293 20.72366
6.50515 14.3800 0.762766 -0.31517 20.74544
6.50515 14.3800 0.762766 -0.29741 20.76654
6.50515 14.3800 0.762766 -0.27965 20.78646
6.50515 14.3800 0.762766 -0.26189 20.80590
6.50515 14.3800 0.762766 -0.24413 20.82419
6.50515 14.3800 0.762766 -0.22637 20.84173
6.50515 14.3800 0.762766 -0.20861 20.85857
6.50515 14.3800 0.762766 -0.19085 20.87411
6.50515 14.3800 0.762766 -0.17309 20.88922
6.50515 14.3800 0.762766 -0.15533 20.90287
6.50515 14.3800 0.762766 -0.13757 20.91586
6.50515 14.3800 0.762766 -0.11980 20.92793
6.50515 14.3800 0.762766 -0.10204 20.93866
6.50515 14.3800 0.762766 -0.08428 20.94894
6.50515 14.3800 0.762766 -0.06652 20.95735
6.50515 14.3800 0.762766 -0.04876 20.96518
6.50515 14.3800 0.762766 -0.03100 20.97177
6.50515 14.3800 0.762766 -0.01324 20.97699
6.50515 14.3800 0.762766 0.00452 20.98155
6.50515 14.3800 0.762766 0.02228 20.98399
6.50515 14.3800 0.762766 0.04004 20.98577
6.50515 14.3800 0.762766 0.05780 20.98588
6.50515 14.3800 0.762766 0.07556 20.98465
6.50515 14.3800 0.762766 0.09332 20.98237
6.50515 14.3800 0.762766 0.11108 20.97795
6.50515 14.3800 0.762766 0.12884 20.97262
6.50515 14.3800 0.762766 0.14660 20.96528
6.50515 14.3800 0.762766 0.16436 20.95654
6.50515 14.3800 0.762766 0.18212 20.94625
6.50515 14.3800 0.762766 0.19988 20.93394
6.50515 14.3800 0.762766 0.21764 20.92026
6.50515 14.3800 0.762766 0.23540 20.90440
6.50515 14.3800 0.762766 0.25316 20.88691
6.50515 14.3800 0.762766 0.27092 20.86744
6.50515 14.3800 0.762766 0.28869 20.84605
6.50515 14.3800 0.762766 0.30645 20.82255
6.50515 14.3800 0.762766 0.32421 20.79714
6.50515 14.3800 0.762766 0.34197 20.76947
6.50515 14.3800 0.762766 0.35973 20.73958
6.50515 14.3800 0.762766 0.37749 20.70768
6.50515 14.3800 0.762766 0.39525 20.67263
6.50515 14.3800 0.762766 0.41301 20.63648
6.50515 14.3800 0.762766 0.43077 20.59678
6.50515 14.3800 0.762766 0.44853 20.55508
6.50515 14.3800 0.762766 0.46629 20.51079
6.50515 14.3800 0.762766 0.48405 20.46243
6.50515 14.3800 0.762766 0.50181 20.41363
6.50515 14.3800 0.762766 0.51957 20.35936
6.50515 14.3800 0.762766 0.53733 20.30414
6.50515 14.3800 0.762766 0.55509 20.24485
6.50515 14.3800 0.762766 0.57285 20.18086
6.50515 14.3800 0.762766 0.59061 20.11671
6.50515 14.3800 0.762766 0.60837 20.04418
6.50515 14.3800 0.762766 0.62613 19.97320
6.50515 14.3800 0.762766 0.64389 19.89494
6.50515 14.3800 0.762766 0.66165 19.81210
6.50515 14.3800 0.762766 0.67941 19.72847
6.50515 14.3800 0.762766 0.69718 19.63191
6.50515 14.3800 0.762766 0.71494 19.54215
6.50515 14.3800 0.762766 0.73270 19.43864
6.50515 14.3800 0.762766 0.75046 19.33239
6.50515 14.3800 0.762766 0.76822 19.22265
6.50515 14.3800 0.762766 0.78598 19.09412
6.50515 14.3800 0.762766 0.80374 18.97988
6.50515 14.3800 0.762766 0.82150 18.84072
6.50515 14.3800 0.762766 0.83926 18.70469
6.50515 14.3800 0.762766 0.85702 18.55787
6.50515 14.3800 0.762766 0.87478 18.38861
6.50515 14.3800 0.762766 0.89254 18.23790
6.50515 14.3800 0.762766 0.91030 18.04559
6.50515 14.3800 0.762766 0.92806 17.87198
6.50515 14.3800 0.762766 0.94582 17.66967
6.50515 14.3800 0.762766 0.96358 17.44613
6.50515 14.3800 0.762766 0.98134 17.24201
6.50515 14.3800 0.762766 0.99910 16.96761
6.50515 14.3800 0.762766 1.01686 16.74988
6.50515 14.3800 0.762766 1.03462 16.46168
6.50515 14.3800 0.762766 1.05238 16.17156
6.50515 14.3800 0.762766 1.07014 15.88561
6.50515 14.3800 0.762766 1.08790 15.48458
6.50515 14.3800 0.762766 1.10567 15.22292
6.50515 14.3800 0.762766 1.12343 14.80134
6.50515 14.3800 0.762766 1.14119 14.44362
6.50515 14.3800 0.762766 1.15895 14.02796
6.50515 14.3800 0.762766 1.17671 13.46435
6.50515 14.3800 0.762766 1.19447 13.14599
6.50515 14.3800 0.762766 1.21223 12.52678
6.50515 14.3800 0.762766 1.22999 12.12060
6.50515 14.3800 0.762766 1.24775 11.50446
6.50515 14.3800 0.762766 1.26551 10.84199
6.50515 14.3800 0.762766 1.28327 10.35652
6.50515 14.3800 0.762766 1.30103 9.47293
6.50515 14.3800 0.898333 -1.52288 19.01431
6.50515 14.3800 0.898333 -1.50512 19.05289
6.50515 14.3800 0.898333 -1.48736 19.08347
6.50515 14.3800 0.898333 -1.46960 19.10858
6.50515 14.3800 0.898333 -1.45184 19.14885
6.50515 14.3800 0.898333 -1.43408 19.18812
6.50515 14.3800 0.898333 -1.41632 19.22100
6.50515 14.3800 0.898333 -1.39856 19.24685
6.50515 14.3800 0.898333 -1.38080 19.26623
6.50515 14.3800 0.898333 -1.36303 19.30168
6.50515 14.3800 0.898333 -1.34527 19.33672
6.50515 14.3800 0.898333 -1.32751 19.34798
6.50515 14.3800 0.898333 -1.30975 19.36586
6.50515 14.3800 0.898333 -1.29199 19.39250
6.50515 14.3800 0.898333 -1.27423 19.41947
6.50515 14.3800 0.898333 -1.25647 19.44610
6.50515 14.3800 0.898333 -1.23871 19.46910
6.50515 14.3800 0.898333 -1.22095 19.49325
6.50515 14.3800 0.898333 -1.20319 19.51975
6.50515 14.3800 0.898333 -1.18543 19.54607
6.50515 14.3800 0.898333 -1.16767 19.57208
6.50515 14.3800 0.898333 -1.14991 19.59997
6.50515 14.3800 0.898333 -1.13215 19.62643
6.50515 14.3800 0.898333 -1.11439 19.64991
6.50515 14.3800 0.898333 -1.09663 19.67324
6.50515 14.3800 0.898333 -1.07887 19.69638
6.50515 14.3800 0.898333 -1.06111 19.72021
6.50515 14.3800 0.898333 -1.04335 19.74383
6.50515 14.3800 0.898333 -1.02559 19.76714
6.50515 14.3800 0.898333 -1.00783 19.78982
6.50515 14.3800 0.898333 -0.99007 19.81193
6.50515 14.3800 0.898333 -0.97231 19.83399
6.50515 14.3800 0.898333 -0.95454 19.85586
6.50515 14.3800 0.898333 -0.93678 19.87737
6.50515 14.3800 0.898333 -0.91902 19.89752
6.50515 14.3800 0.898333 -0.90126 19.91597
6.50515 14.3800 0.898333 -0.88350 19.93364
6.50515 14.3800 0.898333 -0.86574 19.95090
6.50515 14.3800 0.898333 -0.84798 19.96438
6.50515 14.3800 0.898333 -0.83022 19.97596
6.50515 14.3800 0.898333 -0.81246 19.98380
6.50515 14.3800 0.898333 -0.79470 19.98492
6.50515 14.3800 0.898333 -0.77694 19.98227
6.50515 14.3800 0.898333 -0.75918 19.96510
6.50515 14.3800 0.898333 -0.74142 19.93325
6.50515 14.3800 0.898333 -0.72366 19.87367
6.50515 14.3800 0.898333 -0.70590 19.75022
6.50515 14.3800 0.898333 -0.68814 19.83661
6.50515 14.3800 0.898333 -0.67038 19.96341
6.50515 14.3800 0.898333 -0.65262 20.05408
6.50515 14.3800 0.898333 -0.63486 20.12446
6.50515 14.3800 0.898333 -0.61710 20.18396
6.50515 14.3800 0.898333 -0.59934 20.23553
6.50515 14.3800 0.898333 -0.58158 20.28034
6.50515 14.3800 0.898333 -0.56382 20.32159
6.50515 14.3800 0.898333 -0.54605 20.35870
6.50515 14.3800 0.898333 -0.52829 20.39357
6.50515 14.3800 0.898333 -0.51053 20.42626
6.50515 14.3800 0.898333 -0.49277 20.45695
6.50515 14.3800 0.898333 -0.47501 20.48640
6.50515 14.3800 0.898333 -0.45725 20.51410
6.50515 14.3800 0.898333 -0.43949 20.54079
6.50515 14.3800 0.898333 -0.42173 20.56620
6.50515 14.3800 0.898333 -0.40397 20.59048
6.50515 14.3800 0.898333 -0.38621 20.61405
6.50515 14.3800 0.898333 -0.36845 20.63621
6.50515 14.3800 0.898333 -0.35069 20.65775
6.50515 14.3800 0.898333 -0.33293 20.67816
6.50515 14.3800 0.898333 -0.31517 20.69762
6.50515 14.3800 0.898333 -0.29741 20.71641
6.50515 14.3800 0.898333 -0.27965 20.73381
6.50515 14.3800 0.898333 -0.26189 20.75072
6.50515 14.3800 0.898333 -0.24413 20.76631
6.50515 14.3800 0.898333 -0.22637 20.78109
6.50515 14.3800 0.898333 -0.20861 20.79512
6.50515 14.3800 0.898333 -0.19085 20.80771
6.50515 14.3800 0.898333 -0.17309 20.81984
6.50515 14.3800 0.898333 -0.15533 20.83034
6.50515 14.3800 0.898333 -0.13757 20.84012
6.50515 14.3800 0.898333 -0.11980 20.84887
6.50515 14.3800 0.898333 -0.10204 20.85613
6.50515 14.3800 0.898333 -0.08428 20.86286
6.50515 14.3800 0.898333 -0.06652 20.86754
6.50515 14.3800 0.898333 -0.04876 20.87153
6.50515 14.3800 0.898333 -0.03100 20.87405
6.50515 14.3800 0.898333 -0.01324 20.87508
6.50515 14.3800 0.898333 0.00452 20.87530
6.50515 14.3800 0.898333 0.02228 20.87322
6.50515 14.3800 0.898333 0.04004 20.87032
6.50515 14.3800 0.898333 0.05780 20.86554
6.50515 14.3800 0.898333 0.07556 20.85923
6.50515 14.3800 0.898333 0.09332 20.85161
6.50515 14.3800 0.898333 0.11108 20.84174
6.50515 14.3800 0.898333 0.12884 20.83065
6.50515 14.3800 0.898333 0.14660 20.81737
6.50515 14.3800 0.898333 0.16436 20.80245
6.50515 14.3800 0.898333 0.18212 20.78565
6.50515 14.3800 0.898333 0.19988 20.76677
6.50515 14.3800 0.898333 0.21764 20.74600
6.50515 14.3800 0.898333 0.23540 20.72310
6.50515 14.3800 0.898333 0.25316 20.69813
6.50515 14.3800 0.898333 0.27092 20.67085
6.50515 14.3800 0.898333 0.28869 20.64161
6.50515 14.3800 0.898333 0.30645 20.60946
6.50515 14.3800 0.898333 0.32421 20.57583
6.50515 14.3800 0.898333 0.34197 20.53914
6.50515 14.3800 0.898333 0.35973 20.50005
6.50515 14.3800 0.898333 0.37749 20.45884
6.50515 14.3800 0.898333 0.39525 20.41340
6.50515 14.3800 0.898333 0.41301 20.36777
6.50515 14.3800 0.898333 0.43077 20.31725
6.50515 14.3800 0.898333 0.44853 20.26494
6.50515 14.3800 0.898333 0.46629 20.20965
6.50515 14.3800 0.898333 0.48405 20.14911
6.50515 14.3800 0.898333 0.50181 20.08930
6.50515 14.3800 0.898333 0.51957 20.02205
6.50515 14.3800 0.898333 0.53733 19.95482
6.50515 14.3800 0.898333 0.55509 19.88247
6.50515 14.3800 0.898333 0.57285 19.80442
6.50515 14.3800 0.898333 0.59061 19.72742
6.50515 14.3800 0.898333 0.60837 19.63921
6.50515 14.3800 0.898333 0.62613 19.55487
6.50515 14.3800 0.898333 0.64389 19.46098
6.50515 14.3800 0.898333 0.66165 19.36215
6.50515 14.3800 0.898333 0.67941 19.26342
6.50515 14.3800 0.898333 0.69718 19.14781
6.50515 14.3800 0.898333 0.71494 19.04359
6.50515 14.3800 0.898333 0.73270 18.92132
6.50515 14.3800 0.898333 0.75046 18.79747
6.50515 14.3800 0.898333 0.76822 18.67007
6.50515 14.3800 0.898333 0.78598 18.51927
6.50515 14.3800 0.898333 0.80374 18.38998
6.50515 14.3800 0.898333 0.82150 18.22899
6.50515 14.3800 0.898333 0.83926 18.07544
6.50515 14.3800 0.898333 0.85702 17.90925
6.50515 14.3800 0.898333 0.87478 17.71801
6.50515 14.3800 0.898333 0.89254 17.55283
6.50515 14.3800 0.898333 0.91030 17.33889
6.50515 14.3800 0.898333 0.92806 17.15257
6.50515 14.3800 0.898333 0.94582 16.93395
6.50515 14.3800 0.898333 0.96358 16.69690
6.50515 14.3800 0.898333 0.98134 16.48433
6.50515 14.3800 0.898333 0.99910 16.19971
6.50515 14.3800 0.898333 1.01686 15.98056
6.50515 14.3800 0.898333 1.03462 15.69091
6.50515 14.3800 0.898333 1.05238 15.40491
6.50515 14.3800 0.898333 1.07014 15.12520
6.50515 14.3800 0.898333 1.08790 14.74030
6.50515 14.3800 0.898333 1.10567 14.48704
6.50515 14.3800 0.898333 1.12343 14.08920
6.50515 14.3800 0.898333 1.14119 13.74766
6.50515 14.3800 0.898333 1.15895 13.35821
6.50515 14.3800 0.898333 1.17671 12.83336
6.50515 14.3800 0.898333 1.19447 12.52736
6.50515 14.3800 0.898333 1.21223 11.95352
6.50515 14.3800 0.898333 1.22999 11.56178
6.50515 14.3800 0.898333 1.24775 10.98993
6.50515 14.3800 0.898333 1.26551 10.36102
6.50515 14.3800 0.898333 1.28327 9.90385
6.50515 14.3800 0.898333 1.30103 9.07683
6.50515 14.3800 0.980145 -1.52288 19.02700
6.50515 14.3800 0.980145 -1.50512 19.05457
6.50515 14.3800 0.980145 -1.48736 19.08236
6.50515 14.3800 0.980145 -1.46960 19.11012
6.50515 14.3800 0.980145 -1.45184 19.14385
6.50515 14.3800 0.980145 -1.43408 19.17850
6.50515 14.3800 0.980145 -1.41632 19.21695
6.50515 14.3800 0.980145 -1.39856 19.24232
6.50515 14.3800 0.980145 -1.38080 19.25562
6.50515 14.3800 0.980145 -1.36303 19.28442
6.50515 14.3800 0.980145 -1.34527 19.31403
6.50515 14.3800 0.980145 -1.32751 19.32587
6.50515 14.3800 0.980145 -1.30975 19.34658
6.50515 14.3800 0.980145 -1.29199 19.37880
6.50515 14.3800 0.980145 -1.27423 19.39658
6.50515 14.3800 0.980145 -1.25647 19.40985
6.50515 14.3800 0.980145 -1.23871 19.44240
6.50515 14.3800 0.980145 -1.22095 19.47108
6.50515 14.3800 0.980145 -1.20319 19.49377
6.50515 14.3800 0.980145 -1.18543 19.51742
6.50515 14.3800 0.980145 -1.16767 19.54138
6.50515 14.3800 0.980145 -1.14991 19.56728
6.50515 14.3800 0.980145 -1.13215 19.59275
6.50515 14.3800 0.980145 -1.11439 19.61759
6.50515 14.3800 0.980145 -1.09663 19.64007
6.50515 14.3800 0.980145 -1.07887 19.66087
6.50515 14.3800 0.980145 -1.06111 19.68560
6.50515 14.3800 0.980145 -1.04335 19.71051
6.50515 14.3800 0.980145 -1.02559 19.73511
6.50515 14.3800 0.980145 -1.00783 19.75798
6.50515 14.3800 0.980145 -0.99007 19.77925
6.50515 14.3800 0.980145 -0.97231 19.80071
6.50515 14.3800 0.980145 -0.95454 19.82199
6.50515 14.3800 0.980145 -0.93678 19.84245
6.50515 14.3800 0.980145 -0.91902 19.86163
6.50515 14.3800 0.980145 -0.90126 19.87916
6.50515 14.3800 0.980145 -0.88350 19.89454
6.50515 14.3800 0.980145 -0.86574 19.90904
6.50515 14.3800 0.980145 -0.84798 19.91935
6.50515 14.3800 0.980145 -0.83022 19.92760
6.50515 14.3800 0.980145 -0.81246 19.93169
6.50515 14.3800 0.980145 -0.79470 19.93050
6.50515 14.3800 0.980145 -0.77694 19.92626
6.50515 14.3800 0.980145 -0.75918 19.91311
6.50515 14.3800 0.980145 -0.74142 19.89235
6.50515 14.3800 0.980145 -0.72366 19.85822
6.50515 14.3800 0.980145 -0.70590 19.79366
6.50515 14.3800 0.980145 -0.68814 19.85069
6.50515 14.3800 0.980145 -0.67038 19.93361
6.50515 14.3800 0.980145 -0.65262 19.99941
6.50515 14.3800 0.980145 -0.63486 20.05557
6.50515 14.3800 0.980145 -0.61710 20.10581
6.50515 14.3800 0.980145 -0.59934 20.15141
6.50515 14.3800 0.980145 -0.58158 20.19258
6.50515 14.3800 0.980145 -0.56382 20.23106
6.50515 14.3800 0.980145 -0.54605 20.26618
6.50515 14.3800 0.980145 -0.52829 20.29923
6.50515 14.3800 0.980145 -0.51053 20.33022
6.50515 14.3800 0.980145 -0.49277 20.35910
6.50515 14.3800 0.980145 -0.47501 20.38677
6.50515 14.3800 0.980145 -0.45725 20.41225
6.50515 14.3800 0.980145 -0.43949 20.43672
6.50515 14.3800 0.980145 -0.42173 20.45975
6.50515 14.3800 0.980145 -0.40397 20.48137
6.50515 14.3800 0.980145 -0.38621 20.50221
6.50515 14.3800 0.980145 -0.36845 20.52114
6.50515 14.3800 0.980145 -0.35069 20.53944
6.50515 14.3800 0.980145 -0.33293 20.55633
6.50515 14.3800 0.980145 -0.31517 20.57208
6.50515 14.3800 0.980145 -0.29741 20.58704
6.50515 14.3800 0.980145 -0.27965 20.60021
6.50515 14.3800 0.980145 -0.26189 20.61283
6.50515 14.3800 0.980145 -0.24413 20.62380
6.50515 14.3800 0.980145 -0.22637 20.63374
6.50515 14.3800 0.980145 -0.20861 20.64267
6.50515 14.3800 0.980145 -0.19085 20.64979
6.50515 14.3800 0.980145 -0.17309 20.65632
6.50515 14.3800 0.980145 -0.15533 20.66075
6.50515 14.3800 0.980145 -0.13757 20.66421
6.50515 14.3800 0.980145 -0.11980 20.66626
6.50515 14.3800 0.980145 -0.10204 20.66645
6.50515 14.3800 0.980145 -0.08428 20.66582
6.50515 14.3800 0.980145 -0.06652 20.66263
6.50515 14.3800 0.980145 -0.04876 20.65840
6.50515 14.3800 0.980145 -0.03100 20.65226
6.50515 14.3800 0.980145 -0.01324 20.64420
6.50515 14.3800 0.980145 0.00452 20.63480
6.50515 14.3800 0.980145 0.02228 20.62271
6.50515 14.3800 0.980145 0.04004 20.60919
6.50515 14.3800 0.980145 0.05780 20.59332
6.50515 14.3800 0.980145 0.07556 20.57542
6.50515 14.3800 0.980145 0.09332 20.55539
6.50515 14.3800 0.980145 0.11108 20.53294
6.50515 14.3800 0.980145 0.12884 20.50823
6.50515 14.3800 0.980145 0.14660 20.48109
6.50515 14.3800 0.980145 0.16436 20.45152
6.50515 14.3800 0.980145 0.18212 20.41910
6.50515 14.3800 0.980145 0.19988 20.38464
6.50515 14.3800 0.980145 0.21764 20.34658
6.50515 14.3800 0.980145 0.23540 20.30683
6.50515 14.3800 0.980145 0.25316 20.26360
6.50515 14.3800 0.980145 0.27092 20.21720
6.50515 14.3800 0.980145 0.28869 20.16895
6.50515 14.3800 0.980145 0.30645 20.11516
6.50515 14.3800 0.980145 0.32421 20.06178
6.50515 14.3800 0.980145 0.34197 20.00271
6.50515 14.3800 0.980145 0.35973 19.94106
6.50515 14.3800 0.980145 0.37749 19.87714
6.50515 14.3800 0.980145 0.39525 19.80561
6.50515 14.3800 0.980145 0.41301 19.73755
6.50515 14.3800 0.980145 0.43077 19.66036
6.50515 14.3800 0.980145 0.44853 19.58285
6.50515 14.3800 0.980145 0.46629 19.50140
6.50515 14.3800 0.980145 0.48405 19.41175
6.50515 14.3800 0.980145 0.50181 19.32732
6.50515 14.3800 0.980145 0.51957 19.23002
6.50515 14.3800 0.980145 0.53733 19.13710
6.50515 14.3800 0.980145 0.55509 19.03672
6.50515 14.3800 0.980145 0.57285 18.92957
6.50515 14.3800 0.980145 0.59061 18.82817
6.50515 14.3800 0.980145 0.60837 18.70997
6.50515 14.3800 0.980145 0.62613 18.60392
6.50515 14.3800 0.980145 0.64389 18.48486
6.50515 14.3800 0.980145 0.66165 18.36365
6.50515 14.3800 0.980145 0.67941 18.24687
6.50515 14.3800 0.980145 0.69718 18.11067
6.50515 14.3800 0.980145 0.71494 17.99705
6.50515 14.3800 0.980145 0.73270 17.86406
6.50515 14.3800 0.980145 0.75046 17.73674
6.50515 14.3800 0.980145 0.76822 17.61035
6.50515 14.3800 0.980145 0.78598 17.46681
6.50515 14.3800 0.980145 0.80374 17.35019
6.50515 14.3800 0.980145 0.82150 17.21019
6.50515 14.3800 0.980145 0.83926 17.08184
6.50515 14.3800 0.980145 0.85702 16.94739
6.50515 14.3800 0.980145 0.87478 16.79948
6.50515 14.3800 0.980145 0.89254 16.66977
6.50515 14.3800 0.980145 0.91030 16.51132
6.50515 14.3800 0.980145 0.92806 16.36714
6.50515 14.3800 0.980145 0.94582 16.20406
6.50515 14.3800 0.980145 0.96358 16.02523
6.50515 14.3800 0.980145 0.98134 15.85831
6.50515 14.3800 0.980145 0.99910 15.64335
6.50515 14.3800 0.980145 1.01686 15.46024
6.50515 14.3800 0.980145 1.03462 15.23032
6.50515 14.3800 0.980145 1.05238 14.99038
6.50515 14.3800 0.980145 1.07014 14.75378
6.50515 14.3800 0.980145 1.08790 14.43037
6.50515 14.3800 0.980145 1.10567 14.19754
6.50515 14.3800 0.980145 1.12343 13.85033
6.50515 14.3800 0.980145 1.14119 13.53507
6.50515 14.3800 0.980145 1.15895 13.18301
6.50515 14.3800 0.980145 1.17671 12.70316
6.50515 14.3800 0.980145 1.19447 12.41003
6.50515 14.3800 0.980145 1.21223 11.87797
6.50515 14.3800 0.980145 1.22999 11.49861
6.50515 14.3800 0.980145 1.24775 10.96061
6.50515 14.3800 0.980145 1.26551 10.35544
6.50515 14.3800 0.980145 1.28327 9.91635
6.50515 14.3800 0.980145 1.30103 9.12298
6.60206 14.3800 0.019855 -1.52288 18.86996
6.60206 14.3800 0.019855 -1.50512 18.90117
6.60206 14.3800 0.019855 -1.48736 18.93215
6.60206 14.3800 0.019855 -1.46960 18.96275
6.60206 14.3800 0.019855 -1.45184 18.99347
6.60206 14.3800 0.019855 -1.43408 19.02370
6.60206 14.3800 0.019855 -1.41632 19.05414
6.60206 14.3800 0.019855 -1.39856 19.08447
6.60206 14.3800 0.019855 -1.38080 19.11470
6.60206 14.3800 0.019855 -1.36303 19.14513
6.60206 14.3800 0.019855 -1.34527 19.17506
6.60206 14.3800 0.019855 -1.32751 19.20504
6.60206 14.3800 0.019855 -1.30975 19.23488
6.60206 14.3800 0.019855 -1.29199 19.26484
6.60206 14.3800 0.019855 -1.27423 19.29447
6.60206 14.3800 0.019855 -1.25647 19.32352
6.60206 14.3800 0.019855 -1.23871 19.35255
6.60206 14.3800 0.019855 -1.22095 19.38115
6.60206 14.3800 0.019855 -1.20319 19.40960
6.60206 14.3800 0.019855 -1.18543 19.43785
6.60206 14.3800 0.019855 -1.16767 19.46570
6.60206 14.3800 0.019855 -1.14991 19.49333
6.60206 14.3800 0.019855 -1.13215 19.52042
6.60206 14.3800 0.019855 -1.11439 19.54708
6.60206 14.3800 0.019855 -1.09663 19.57331
6.60206 14.3800 0.019855 -1.07887 19.59913
6.60206 14.3800 0.019855 -1.06111 19.62415
6.60206 14.3800 0.019855 -1.04335 19.64863
6.60206 14.3800 0.019855 -1.02559 19.67237
6.60206 14.3800 0.019855 -1.00783 19.69534
6.60206 14.3800 0.019855 -0.99007 19.71758
6.60206 14.3800 0.019855 -0.97231 19.73854
6.60206 14.3800 0.019855 -0.95454 19.75889
6.60206 14.3800 0.019855 -0.93678 19.77747
6.60206 14.3800 0.019855 -0.91902 19.79501
6.60206 14.3800 0.019855 -0.90126 19.81119
6.60206 14.3800 0.019855 -0.88350 19.82509
6.60206 14.3800 0.019855 -0.86574 19.83810
6.60206 14.3800 0.019855 -0.84798 19.84729
6.60206 14.3800 0.019855 -0.83022 19.85485
6.60206 14.3800 0.019855 -0.81246 19.85908
6.60206 14.3800 0.019855 -0.79470 19.85878
6.60206 14.3800 0.019855 -0.77694 19.85588
6.60206 14.3800 0.019855 -0.75918 19.84448
6.60206 14.3800 0.019855 -0.74142 19.82428
6.60206 14.3800 0.019855 -0.72366 19.78247
6.60206 14.3800 0.019855 -0.70590 19.60244
6.60206 14.3800 0.019855 -0.68814 19.74158
6.60206 14.3800 0.019855 -0.67038 19.86643
6.60206 14.3800 0.019855 -0.65262 19.94216
6.60206 14.3800 0.019855 -0.63486 20.00461
6.60206 14.3800 0.019855 -0.61710 20.06076
6.60206 14.3800 0.019855 -0.59934 20.11201
6.60206 14.3800 0.019855 -0.58158 20.15970
6.60206 14.3800 0.019855 -0.56382 20.20440
6.60206 14.3800 0.019855 -0.54605 20.24669
6.60206 14.3800 0.019855 -0.52829 20.28677
6.60206 14.3800 0.019855 -0.51053 20.32496
6.60206 14.3800 0.019855 -0.49277 20.36137
6.60206 14.3800 0.019855 -0.47501 20.39627
6.60206 14.3800 0.019855 -0.45725 20.42954
6.60206 14.3800 0.019855 -0.43949 20.46150
6.60206 14.3800 0.019855 -0.42173 20.49212
6.60206 14.3800 0.019855 -0.40397 20.52139
6.60206 14.3800 0.019855 -0.38621 20.54968
6.60206 14.3800 0.019855 -0.36845 20.57639
6.60206 14.3800 0.019855 -0.35069 20.60223
6.60206 14.3800 0.019855 -0.33293 20.62678
6.60206 14.3800 0.019855 -0.31517 20.65016
6.60206 14.3800 0.019855 -0.29741 20.67267
6.60206 14.3800 0.019855 -0.27965 20.69354
6.60206 14.3800 0.019855 -0.26189 20.71373
6.60206 14.3800 0.019855 -0.24413 20.73237
6.60206 14.3800 0.019855 -0.22637 20.74995
6.60206 14.3800 0.019855 -0.20861 20.76654
6.60206 14.3800 0.019855 -0.19085 20.78136
6.60206 14.3800 0.019855 -0.17309 20.79558
6.60206 14.3800 0.019855 -0.15533 20.80776
6.60206 14.3800 0.019855 -0.13757 20.81898
6.60206 14.3800 0.019855 -0.11980 20.82886
6.60206 14.3800 0.019855 -0.10204 20.83688
6.60206 14.3800 0.019855 -0.08428 20.84422
6.60206 14.3800 0.019855 -0.06652 20.84893
6.60206 14.3800 0.019855 -0.04876 20.85275
6.60206 14.3800 0.019855 -0.03100 20.85472
6.60206 14.3800 0.019855 -0.01324 20.85477
6.60206 14.3800 0.019855 0.00452 20.85377
6.60206 14.3800 0.019855 0.02228 20.84982
6.60206 14.3800 0.019855 0.04004 20.84479
6.60206 14.3800 0.019855 0.05780 20.83736
6.60206 14.3800 0.019855 0.07556 20.82797
6.60206 14.3800 0.019855 0.09332 20.81682
6.60206 14.3800 0.019855 0.11108 20.80287
6.60206 14.3800 0.019855 0.12884 20.78723
6.60206 14.3800 0.019855 0.14660 20.76889
6.60206 14.3800 0.019855 0.16436 20.74840
6.60206 14.3800 0.019855 0.18212 20.72542
6.60206 14.3800 0.019855 0.19988 20.70003
6.60206 14.3800 0.019855 0.21764 20.67198
6.60206 14.3800 0.019855 0.23540 20.64165
6.60206 14.3800 0.019855 0.25316 20.60865
6.60206 14.3800 0.019855 0.27092 20.57288
6.60206 14.3800 0.019855 0.28869 20.53528
6.60206 14.3800 0.019855 0.30645 20.49379
6.60206 14.3800 0.019855 0.32421 20.45201
6.60206 14.3800 0.019855 0.34197 20.40656
6.60206 14.3800 0.019855 0.35973 20.35942
6.60206 14.3800 0.019855 0.37749 20.31123
6.60206 14.3800 0.019855 0.39525 20.25874
6.60206 14.3800 0.019855 0.41301 20.20959
6.60206 14.3800 0.019855 0.43077 20.15611
6.60206 14.3800 0.019855 0.44853 20.10433
6.60206 14.3800 0.019855 0.46629 20.05255
6.60206 14.3800 0.019855 0.48405 19.99900
6.60206 14.3800 0.019855 0.50181 19.95125
6.60206 14.3800 0.019855 0.51957 19.90059
6.60206 14.3800 0.019855 0.53733 19.85527
6.60206 14.3800 0.019855 0.55509 19.81016
6.60206 14.3800 0.019855 0.57285 19.76602
6.60206 14.3800 0.019855 0.59061 19.72578
6.60206 14.3800 0.019855 0.60837 19.68350
6.60206 14.3800 0.019855 0.62613 19.64454
6.60206 14.3800 0.019855 0.64389 19.60344
6.60206 14.3800 0.019855 0.66165 19.56132
6.60206 14.3800 0.019855 0.67941 19.51794
6.60206 14.3800 0.019855 0.69718 19.47003
6.60206 14.3800 0.019855 0.71494 19.42080
6.60206 14.3800 0.019855 0.73270 19.36567
6.60206 14.3800 0.019855 0.75046 19.30578
6.60206 14.3800 0.019855 0.76822 19.24111
6.60206 14.3800 0.019855 0.78598 19.16648
6.60206 14.3800 0.019855 0.80374 19.09091
6.60206 14.3800 0.019855 0.82150 19.00263
6.60206 14.3800 0.019855 0.83926 18.90918
6.60206 14.3800 0.019855 0.85702 18.80723
6.60206 14.3800 0.019855 0.87478 18.68876
6.60206 14.3800 0.019855 0.89254 18.57425
6.60206 14.3800 0.019855 0.91030 18.43367
6.60206 14.3800 0.019855 0.92806 18.29646
6.60206 14.3800 0.019855 0.94582 18.13999
6.60206 14.3800 0.019855 0.96358 17.96326
6.60206 14.3800 0.019855 0.98134 17.79569
6.60206 14.3800 0.019855 0.99910 17.57742
6.60206 14.3800 0.019855 1.01686 17.39034
6.60206 14.3800 0.019855 1.03462 17.15388
6.60206 14.3800 0.019855 1.05238 16.90694
6.60206 14.3800 0.019855 1.07014 16.66350
6.60206 14.3800 0.019855 1.08790 16.32905
6.60206 14.3800 0.019855 1.10567 16.09193
6.60206 14.3800 0.019855 1.12343 15.73466
6.60206 14.3800 0.019855 1.14119 15.41397
6.60206 14.3800 0.019855 1.15895 15.05465
6.60206 14.3800 0.019855 1.17671 14.56696
6.60206 14.3800 0.019855 1.19447 14.27218
6.60206 14.3800 0.019855 1.21223 13.73576
6.60206 14.3800 0.019855 1.22999 13.35650
6.60206 14.3800 0.019855 1.24775 12.81920
6.60206 14.3800 0.019855 1.26551 12.21869
6.60206 14.3800 0.019855 1.28327 11.78402
6.60206 14.3800 0.019855 1.30103 11.00668
6.60206 14.3800 0.101667 -1.52288 18.95832
6.60206 14.3800 0.101667 -1.50512 18.99072
6.60206 14.3800 0.101667 -1.48736 19.02008
6.60206 14.3800 0.101667 -1.46960 19.04720
6.60206 14.3800 0.101667 -1.45184 19.07734
6.60206 14.3800 0.101667 -1.43408 19.10744
6.60206 14.3800 0.101667 -1.41632 19.13801
6.60206 14.3800 0.101667 -1.39856 19.16879
6.60206 14.3800 0.101667 -1.38080 19.19976
6.60206 14.3800 0.101667 -1.36303 19.22791
6.60206 14.3800 0.101667 -1.34527 19.25544
6.60206 14.3800 0.101667 -1.32751 19.28623
6.60206 14.3800 0.101667 -1.30975 19.31628
6.60206 14.3800 0.101667 -1.29199 19.34572
6.60206 14.3800 0.101667 -1.27423 19.37481
6.60206 14.3800 0.101667 -1.25647 19.40341
6.60206 14.3800 0.101667 -1.23871 19.43342
6.60206 14.3800 0.101667 -1.22095 19.46298
6.60206 14.3800 0.101667 -1.20319 19.49243
6.60206 14.3800 0.101667 -1.18543 19.52115
6.60206 14.3800 0.101667 -1.16767 19.54919
6.60206 14.3800 0.101667 -1.14991 19.57808
6.60206 14.3800 0.101667 -1.13215 19.60637
6.60206 14.3800 0.101667 -1.11439 19.63409
6.60206 14.3800 0.101667 -1.09663 19.66149
6.60206 14.3800 0.101667 -1.07887 19.68850
6.60206 14.3800 0.101667 -1.06111 19.71576
6.60206 14.3800 0.101667 -1.04335 19.74251
6.60206 14.3800 0.101667 -1.02559 19.76856
6.60206 14.3800 0.101667 -1.00783 19.79408
6.60206 14.3800 0.101667 -0.99007 19.81912
6.60206 14.3800 0.101667 -0.97231 19.84324
6.60206 14.3800 0.101667 -0.95454 19.86677
6.60206 14.3800 0.101667 -0.93678 19.88896
6.60206 14.3800 0.101667 -0.91902 19.91008
6.60206 14.3800 0.101667 -0.90126 19.92990
6.60206 14.3800 0.101667 -0.88350 19.94754
6.60206 14.3800 0.101667 -0.86574 19.96425
6.60206 14.3800 0.101667 -0.84798 19.97654
6.60206 14.3800 0.101667 -0.83022 19.98668
6.60206 14.3800 0.101667 -0.81246 19.99254
6.60206 14.3800 0.101667 -0.79470 19.99201
6.60206 14.3800 0.101667 -0.77694 19.98782
6.60206 14.3800 0.101667 -0.75918 19.97152
6.60206 14.3800 0.101667 -0.74142 19.94334
6.60206 14.3800 0.101667 -0.72366 19.89137
6.60206 14.3800 0.101667 -0.70590 19.75129
6.60206 14.3800 0.101667 -0.68814 19.85756
6.60206 14.3800 0.101667 -0.67038 19.98572
6.60206 14.3800 0.101667 -0.65262 20.07606
6.60206 14.3800 0.101667 -0.63486 20.14991
6.60206 14.3800 0.101667 -0.61710 20.21413
6.60206 14.3800 0.101667 -0.59934 20.27117
6.60206 14.3800 0.101667 -0.58158 20.32230
6.60206 14.3800 0.101667 -0.56382 20.36943
6.60206 14.3800 0.101667 -0.54605 20.41271
6.60206 14.3800 0.101667 -0.52829 20.45331
6.60206 14.3800 0.101667 -0.51053 20.49150
6.60206 14.3800 0.101667 -0.49277 20.52760
6.60206 14.3800 0.101667 -0.47501 20.56211
6.60206 14.3800 0.101667 -0.45725 20.59481
6.60206 14.3800 0.101667 -0.43949 20.62627
6.60206 14.3800 0.101667 -0.42173 20.65644
6.60206 14.3800 0.101667 -0.40397 20.68545
6.60206 14.3800 0.101667 -0.38621 20.71357
6.60206 14.3800 0.101667 -0.36845 20.74036
6.60206 14.3800 0.101667 -0.35069 20.76636
6.60206 14.3800 0.101667 -0.33293 20.79130
6.60206 14.3800 0.101667 -0.31517 20.81527
6.60206 14.3800 0.101667 -0.29741 20.83852
6.60206 14.3800 0.101667 -0.27965 20.86049
6.60206 14.3800 0.101667 -0.26189 20.88188
6.60206 14.3800 0.101667 -0.24413 20.90207
6.60206 14.3800 0.101667 -0.22637 20.92140
6.60206 14.3800 0.101667 -0.20861 20.93994
6.60206 14.3800 0.101667 -0.19085 20.95709
6.60206 14.3800 0.101667 -0.17309 20.97375
6.60206 14.3800 0.101667 -0.15533 20.98885
6.60206 14.3800 0.101667 -0.13757 21.00318
6.60206 14.3800 0.101667 -0.11980 21.01647
6.60206 14.3800 0.101667 -0.10204 21.02832
6.60206 14.3800 0.101667 -0.08428 21.03966
6.60206 14.3800 0.101667 -0.06652 21.04895
6.60206 14.3800 0.101667 -0.04876 21.05756
6.60206 14.3800 0.101667 -0.03100 21.06476
6.60206 14.3800 0.101667 -0.01324 21.07046
6.60206 14.3800 0.101667 0.00452 21.07544
6.60206 14.3800 0.101667 0.02228 21.07806
6.60206 14.3800 0.101667 0.04004 21.07997
6.60206 14.3800 0.101667 0.05780 21.08001
6.60206 14.3800 0.101667 0.07556 21.07854
6.60206 14.3800 0.101667 0.09332 21.07590
6.60206 14.3800 0.101667 0.11108 21.07089
6.60206 14.3800 0.101667 0.12884 21.06486
6.60206 14.3800 0.101667 0.14660 21.05657
6.60206 14.3800 0.101667 0.16436 21.04673
6.60206 14.3800 0.101667 0.18212 21.03515
6.60206 14.3800 0.101667 0.19988 21.02134
6.60206 14.3800 0.101667 0.21764 21.00597
6.60206 14.3800 0.101667 0.23540 20.98820
6.60206 14.3800 0.101667 0.25316 20.96860
6.60206 14.3800 0.101667 0.27092 20.94679
6.60206 14.3800 0.101667 0.28869 20.92289
6.60206 14.3800 0.101667 0.30645 20.89658
6.60206 14.3800 0.101667 0.32421 20.86832
6.60206 14.3800 0.101667 0.34197 20.83749
6.60206 14.3800 0.101667 0.35973 20.80430
6.60206 14.3800 0.101667 0.37749 20.76901
6.60206 14.3800 0.101667 0.39525 20.73019
6.60206 14.3800 0.101667 0.41301 20.69059
6.60206 14.3800 0.101667 0.43077 20.64703
6.60206 14.3800 0.101667 0.44853 20.60165
6.60206 14.3800 0.101667 0.46629 20.55372
6.60206 14.3800 0.101667 0.48405 20.50153
6.60206 14.3800 0.101667 0.50181 20.44967
6.60206 14.3800 0.101667 0.51957 20.39206
6.60206 14.3800 0.101667 0.53733 20.33439
6.60206 14.3800 0.101667 0.55509 20.27296
6.60206 14.3800 0.101667 0.57285 20.20740
6.60206 14.3800 0.101667 0.59061 20.14297
6.60206 14.3800 0.101667 0.60837 20.07076
6.60206 14.3800 0.101667 0.62613 20.00191
6.60206 14.3800 0.101667 0.64389 19.92703
6.60206 14.3800 0.101667 0.66165 19.84959
6.60206 14.3800 0.101667 0.67941 19.77315
6.60206 14.3800 0.101667 0.69718 19.68698
6.60206 14.3800 0.101667 0.71494 19.60881
6.60206 14.3800 0.101667 0.73270 19.52097
6.60206 14.3800 0.101667 0.75046 19.43305
6.60206 14.3800 0.101667 0.76822 19.34402
6.60206 14.3800 0.101667 0.78598 19.24358
6.60206 14.3800 0.101667 0.80374 19.15348
6.60206 14.3800 0.101667 0.82150 19.04825
6.60206 14.3800 0.101667 0.83926 18.94470
6.60206 14.3800 0.101667 0.85702 18.83455
6.60206 14.3800 0.101667 0.87478 18.71030
6.60206 14.3800 0.101667 0.89254 18.59457
6.60206 14.3800 0.101667 0.91030 18.45374
6.60206 14.3800 0.101667 0.92806 18.31901
6.60206 14.3800 0.101667 0.94582 18.16620
6.60206 14.3800 0.101667 0.96358 17.99501
6.60206 14.3800 0.101667 0.98134 17.83240
6.60206 14.3800 0.101667 0.99910 17.62207
6.60206 14.3800 0.101667 1.01686 17.43982
6.60206 14.3800 0.101667 1.03462 17.21082
6.60206 14.3800 0.101667 1.05238 16.97001
6.60206 14.3800 0.101667 1.07014 16.73208
6.60206 14.3800 0.101667 1.08790 16.40540
6.60206 14.3800 0.101667 1.10567 16.17082
6.60206 14.3800 0.101667 1.12343 15.81950
6.60206 14.3800 0.101667 1.14119 15.50170
6.60206 14.3800 0.101667 1.15895 15.14628
6.60206 14.3800 0.101667 1.17671 14.66282
6.60206 14.3800 0.101667 1.19447 14.36915
6.60206 14.3800 0.101667 1.21223 13.83614
6.60206 14.3800 0.101667 1.22999 13.45785
6.60206 14.3800 0.101667 1.24775 12.92306
6.60206 14.3800 0.101667 1.26551 12.32437
6.60206 14.3800 0.101667 1.28327 11.89107
6.60206 14.3800 0.101667 1.30103 11.11653
6.60206 14.3800 0.237234 -1.52288 19.01620
6.60206 14.3800 0.237234 -1.50512 19.04332
6.60206 14.3800 0.237234 -1.48736 19.07402
6.60206 14.3800 0.237234 -1.46960 19.10682
6.60206 14.3800 0.237234 -1.45184 19.13134
6.60206 14.3800 0.237234 -1.43408 19.15611
6.60206 14.3800 0.237234 -1.41632 19.18736
6.60206 14.3800 0.237234 -1.39856 19.22111
6.60206 14.3800 0.237234 -1.38080 19.25700
6.60206 14.3800 0.237234 -1.36303 19.28604
6.60206 14.3800 0.237234 -1.34527 19.31304
6.60206 14.3800 0.237234 -1.32751 19.33945
6.60206 14.3800 0.237234 -1.30975 19.36800
6.60206 14.3800 0.237234 -1.29199 19.39938
6.60206 14.3800 0.237234 -1.27423 19.42701
6.60206 14.3800 0.237234 -1.25647 19.45307
6.60206 14.3800 0.237234 -1.23871 19.48071
6.60206 14.3800 0.237234 -1.22095 19.50841
6.60206 14.3800 0.237234 -1.20319 19.53675
6.60206 14.3800 0.237234 -1.18543 19.56637
6.60206 14.3800 0.237234 -1.16767 19.59622
6.60206 14.3800 0.237234 -1.14991 19.62327
6.60206 14.3800 0.237234 -1.13215 19.65030
6.60206 14.3800 0.237234 -1.11439 19.67848
6.60206 14.3800 0.237234 -1.09663 19.70614
6.60206 14.3800 0.237234 -1.07887 19.73329
6.60206 14.3800 0.237234 -1.06111 19.76088
6.60206 14.3800 0.237234 -1.04335 19.78796
6.60206 14.3800 0.237234 -1.02559 19.81432
6.60206 14.3800 0.237234 -1.00783 19.83987
6.60206 14.3800 0.237234 -0.99007 19.86469
6.60206 14.3800 0.237234 -0.97231 19.88943
6.60206 14.3800 0.237234 -0.95454 19.91379
6.60206 14.3800 0.237234 -0.93678 19.93726
6.60206 14.3800 0.237234 -0.91902 19.95981
6.60206 14.3800 0.237234 -0.90126 19.98125
6.60206 14.3800 0.237234 -0.88350 20.00106
6.60206 14.3800 0.237234 -0.86574 20.02011
6.60206 14.3800 0.237234 -0.84798 20.03534
6.60206 14.3800 0.237234 -0.83022 20.04858
6.60206 14.3800 0.237234 -0.81246 20.05796
6.60206 14.3800 0.237234 -0.79470 20.06056
6.60206 14.3800 0.237234 -0.77694 20.05942
6.60206 14.3800 0.237234 -0.75918 20.04420
6.60206 14.3800 0.237234 -0.74142 20.01459
6.60206 14.3800 0.237234 -0.72366 19.95619
6.60206 14.3800 0.237234 -0.70590 19.81552
6.60206 14.3800 0.237234 -0.68814 19.91817
6.60206 14.3800 0.237234 -0.67038 20.05737
6.60206 14.3800 0.237234 -0.65262 20.15440
6.60206 14.3800 0.237234 -0.63486 20.23024
6.60206 14.3800 0.237234 -0.61710 20.29451
6.60206 14.3800 0.237234 -0.59934 20.35041
6.60206 14.3800 0.237234 -0.58158 20.39962
6.60206 14.3800 0.237234 -0.56382 20.44487
6.60206 14.3800 0.237234 -0.54605 20.48608
6.60206 14.3800 0.237234 -0.52829 20.52492
6.60206 14.3800 0.237234 -0.51053 20.56160
6.60206 14.3800 0.237234 -0.49277 20.59646
6.60206 14.3800 0.237234 -0.47501 20.62990
6.60206 14.3800 0.237234 -0.45725 20.66194
6.60206 14.3800 0.237234 -0.43949 20.69293
6.60206 14.3800 0.237234 -0.42173 20.72297
6.60206 14.3800 0.237234 -0.40397 20.75197
6.60206 14.3800 0.237234 -0.38621 20.78014
6.60206 14.3800 0.237234 -0.36845 20.80732
6.60206 14.3800 0.237234 -0.35069 20.83381
6.60206 14.3800 0.237234 -0.33293 20.85947
6.60206 14.3800 0.237234 -0.31517 20.88431
6.60206 14.3800 0.237234 -0.29741 20.90851
6.60206 14.3800 0.237234 -0.27965 20.93174
6.60206 14.3800 0.237234 -0.26189 20.95442
6.60206 14.3800 0.237234 -0.24413 20.97611
6.60206 14.3800 0.237234 -0.22637 20.99703
6.60206 14.3800 0.237234 -0.20861 21.01727
6.60206 14.3800 0.237234 -0.19085 21.03640
6.60206 14.3800 0.237234 -0.17309 21.05507
6.60206 14.3800 0.237234 -0.15533 21.07242
6.60206 14.3800 0.237234 -0.13757 21.08912
6.60206 14.3800 0.237234 -0.11980 21.10497
6.60206 14.3800 0.237234 -0.10204 21.11960
6.60206 14.3800 0.237234 -0.08428 21.13380
6.60206 14.3800 0.237234 -0.06652 21.14625
6.60206 14.3800 0.237234 -0.04876 21.15814
6.60206 14.3800 0.237234 -0.03100 21.16884
6.60206 14.3800 0.237234 -0.01324 21.17831
6.60206 14.3800 0.237234 0.00452 21.18722
6.60206 14.3800 0.237234 0.02228 21.19410
6.60206 14.3800 0.237234 0.04004 21.20042
6.60206 14.3800 0.237234 0.05780 21.20518
6.60206 14.3800 0.237234 0.07556 21.20867
6.60206 14.3800 0.237234 0.09332 21.21123
6.60206 14.3800 0.237234 0.11108 21.21173
6.60206 14.3800 0.237234 0.12884 21.21150
6.60206 14.3800 0.237234 0.14660 21.20930
6.60206 14.3800 0.237234 0.16436 21.20582
6.60206 14.3800 0.237234 0.18212 21.20099
6.60206 14.3800 0.237234 0.19988 21.19410
6.60206 14.3800 0.237234 0.21764 21.18615
6.60206 14.3800 0.237234 0.23540 21.17594
6.60206 14.3800 0.237234 0.25316 21.16434
6.60206 14.3800 0.237234 0.27092 21.15092
6.60206 14.3800 0.237234 0.28869 21.13553
6.60206 14.3800 0.237234 0.30645 21.11850
6.60206 14.3800 0.237234 0.32421 21.09923
6.60206 14.3800 0.237234 0.34197 21.07815
6.60206 14.3800 0.237234 0.35973 21.05492
6.60206 14.3800 0.237234 0.37749 21.02970
6.60206 14.3800 0.237234 0.39525 21.00197
6.60206 14.3800 0.237234 0.41301 20.97254
6.60206 14.3800 0.237234 0.43077 20.94032
6.60206 14.3800 0.237234 0.44853 20.90597
6.60206 14.3800 0.237234 0.46629 20.86927
6.60206 14.3800 0.237234 0.48405 20.82918
6.60206 14.3800 0.237234 0.50181 20.78799
6.60206 14.3800 0.237234 0.51957 20.74249
6.60206 14.3800 0.237234 0.53733 20.69553
6.60206 14.3800 0.237234 0.55509 20.64514
6.60206 14.3800 0.237234 0.57285 20.59071
6.60206 14.3800 0.237234 0.59061 20.53552
6.60206 14.3800 0.237234 0.60837 20.47369
6.60206 14.3800 0.237234 0.62613 20.41229
6.60206 14.3800 0.237234 0.64389 20.34503
6.60206 14.3800 0.237234 0.66165 20.27371
6.60206 14.3800 0.237234 0.67941 20.20127
6.60206 14.3800 0.237234 0.69718 20.11865
6.60206 14.3800 0.237234 0.71494 20.04040
6.60206 14.3800 0.237234 0.73270 19.95150
6.60206 14.3800 0.237234 0.75046 19.85983
6.60206 14.3800 0.237234 0.76822 19.76517
6.60206 14.3800 0.237234 0.78598 19.65593
6.60206 14.3800 0.237234 0.80374 19.55662
6.60206 14.3800 0.237234 0.82150 19.43851
6.60206 14.3800 0.237234 0.83926 19.32172
6.60206 14.3800 0.237234 0.85702 19.19674
6.60206 14.3800 0.237234 0.87478 19.05438
6.60206 14.3800 0.237234 0.89254 18.92476
6.60206 14.3800 0.237234 0.91030 18.76447
6.60206 14.3800 0.237234 0.92806 18.61571
6.60206 14.3800 0.237234 0.94582 18.44625
6.60206 14.3800 0.237234 0.96358 18.25891
6.60206 14.3800 0.237234 0.98134 18.08474
6.60206 14.3800 0.237234 0.99910 17.85844
6.60206 14.3800 0.237234 1.01686 17.66871
6.60206 14.3800 0.237234 1.03462 17.42848
6.60206 14.3800 0.237234 1.05238 17.18011
6.60206 14.3800 0.237234 1.07014 16.93586
6.60206 14.3800 0.237234 1.08790 16.60148
6.60206 14.3800 0.237234 1.10567 16.36486
6.60206 14.3800 0.237234 1.12343 16.00884
6.60206 14.3800 0.237234 1.14119 15.68912
6.60206 14.3800 0.237234 1.15895 15.33116
6.60206 14.3800 0.237234 1.17671 14.84521
6.60206 14.3800 0.237234 1.19447 14.55086
6.60206 14.3800 0.237234 1.21223 14.01572
6.60206 14.3800 0.237234 1.22999 13.63669
6.60206 14.3800 0.237234 1.24775 13.09994
6.60206 14.3800 0.237234 1.26551 12.49945
6.60206 14.3800 0.237234 1.28327 12.06473
6.60206 14.3800 0.237234 1.30103 11.28683
6.60206 14.3800 0.408283 -1.52288 19.04427
6.60206 14.3800 0.408283 -1.50512 19.09103
6.60206 14.3800 0.408283 -1.48736 19.12224
6.60206 14.3800 0.408283 -1.46960 19.14308
6.60206 14.3800 0.408283 -1.45184 19.17267
6.60206 14.3800 0.408283 -1.43408 19.20383
6.60206 14.3800 0.408283 -1.41632 19.23887
6.60206 14.3800 0.408283 -1.39856 19.26838
6.60206 14.3800 0.408283 -1.38080 19.29290
6.60206 14.3800 0.408283 -1.36303 19.31913
6.60206 14.3800 0.408283 -1.34527 19.34554
6.60206 14.3800 0.408283 -1.32751 19.37281
6.60206 14.3800 0.408283 -1.30975 19.40206
6.60206 14.3800 0.408283 -1.29199 19.43397
6.60206 14.3800 0.408283 -1.27423 19.46499
6.60206 14.3800 0.408283 -1.25647 19.49491
6.60206 14.3800 0.408283 -1.23871 19.51696
6.60206 14.3800 0.408283 -1.22095 19.54235
6.60206 14.3800 0.408283 -1.20319 19.57388
6.60206 14.3800 0.408283 -1.18543 19.60442
6.60206 14.3800 0.408283 -1.16767 19.63409
6.60206 14.3800 0.408283 -1.14991 19.65981
6.60206 14.3800 0.408283 -1.13215 19.68520
6.60206 14.3800 0.408283 -1.11439 19.71090
6.60206 14.3800 0.408283 -1.09663 19.73820
6.60206 14.3800 0.408283 -1.07887 19.76638
6.60206 14.3800 0.408283 -1.06111 19.79291
6.60206 14.3800 0.408283 -1.04335 19.81870
6.60206 14.3800 0.408283 -1.02559 19.84358
6.60206 14.3800 0.408283 -1.00783 19.86871
6.60206 14.3800 0.408283 -0.99007 19.89404
6.60206 14.3800 0.408283 -0.97231 19.91908
6.60206 14.3800 0.408283 -0.95454 19.94363
6.60206 14.3800 0.408283 -0.93678 19.96682
6.60206 14.3800 0.408283 -0.91902 19.98946
6.60206 14.3800 0.408283 -0.90126 20.01150
6.60206 14.3800 0.408283 -0.88350 20.03180
6.60206 14.3800 0.408283 -0.86574 20.05133
6.60206 14.3800 0.408283 -0.84798 20.06829
6.60206 14.3800 0.408283 -0.83022 20.08331
6.60206 14.3800 0.408283 -0.81246 20.09468
6.60206 14.3800 0.408283 -0.79470 20.09975
6.60206 14.3800 0.408283 -0.77694 20.10143
6.60206 14.3800 0.408283 -0.75918 20.08855
6.60206 14.3800 0.408283 -0.74142 20.06015
6.60206 14.3800 0.408283 -0.72366 19.99956
6.60206 14.3800 0.408283 -0.70590 19.85504
6.60206 14.3800 0.408283 -0.68814 19.95872
6.60206 14.3800 0.408283 -0.67038 20.10408
6.60206 14.3800 0.408283 -0.65262 20.20273
6.60206 14.3800 0.408283 -0.63486 20.27725
6.60206 14.3800 0.408283 -0.61710 20.33979
6.60206 14.3800 0.408283 -0.59934 20.39372
6.60206 14.3800 0.408283 -0.58158 20.44094
6.60206 14.3800 0.408283 -0.56382 20.48446
6.60206 14.3800 0.408283 -0.54605 20.52441
6.60206 14.3800 0.408283 -0.52829 20.56224
6.60206 14.3800 0.408283 -0.51053 20.59815
6.60206 14.3800 0.408283 -0.49277 20.63251
6.60206 14.3800 0.408283 -0.47501 20.66559
6.60206 14.3800 0.408283 -0.45725 20.69754
6.60206 14.3800 0.408283 -0.43949 20.72853
6.60206 14.3800 0.408283 -0.42173 20.75867
6.60206 14.3800 0.408283 -0.40397 20.78792
6.60206 14.3800 0.408283 -0.38621 20.81641
6.60206 14.3800 0.408283 -0.36845 20.84405
6.60206 14.3800 0.408283 -0.35069 20.87101
6.60206 14.3800 0.408283 -0.33293 20.89725
6.60206 14.3800 0.408283 -0.31517 20.92275
6.60206 14.3800 0.408283 -0.29741 20.94763
6.60206 14.3800 0.408283 -0.27965 20.97165
6.60206 14.3800 0.408283 -0.26189 20.99511
6.60206 14.3800 0.408283 -0.24413 21.01765
6.60206 14.3800 0.408283 -0.22637 21.03955
6.60206 14.3800 0.408283 -0.20861 21.06088
6.60206 14.3800 0.408283 -0.19085 21.08107
6.60206 14.3800 0.408283 -0.17309 21.10080
6.60206 14.3800 0.408283 -0.15533 21.11945
6.60206 14.3800 0.408283 -0.13757 21.13746
6.60206 14.3800 0.408283 -0.11980 21.15465
6.60206 14.3800 0.408283 -0.10204 21.17076
6.60206 14.3800 0.408283 -0.08428 21.18648
6.60206 14.3800 0.408283 -0.06652 21.20064
6.60206 14.3800 0.408283 -0.04876 21.21430
6.60206 14.3800 0.408283 -0.03100 21.22695
6.60206 14.3800 0.408283 -0.01324 21.23844
6.60206 14.3800 0.408283 0.00452 21.24940
6.60206 14.3800 0.408283 0.02228 21.25851
6.60206 14.3800 0.408283 0.04004 21.26713
6.60206 14.3800 0.408283 0.05780 21.27434
6.60206 14.3800 0.408283 0.07556 21.28043
6.60206 14.3800 0.408283 0.09332 21.28573
6.60206 14.3800 0.408283 0.11108 21.28910
6.60206 14.3800 0.408283 0.12884 21.29186
6.60206 14.3800 0.408283 0.14660 21.29280
6.60206 14.3800 0.408283 0.16436 21.29260
6.60206 14.3800 0.408283 0.18212 21.29122
6.60206 14.3800 0.408283 0.19988 21.28791
6.60206 14.3800 0.408283 0.21764 21.28373
6.60206 14.3800 0.408283 0.23540 21.27740
6.60206 14.3800 0.408283 0.25316 21.26985
6.60206 14.3800 0.408283 0.27092 21.26066
6.60206 14.3800 0.408283 0.28869 21.24960
6.60206 14.3800 0.408283 0.30645 21.23723
6.60206 14.3800 0.408283 0.32421 21.22258
6.60206 14.3800 0.408283 0.34197 21.20642
6.60206 14.3800 0.408283 0.35973 21.18827
6.60206 14.3800 0.408283 0.37749 21.16821
6.60206 14.3800 0.408283 0.39525 21.14611
6.60206 14.3800 0.408283 0.41301 21.12201
6.60206 14.3800 0.408283 0.43077 21.09568
6.60206 14.3800 0.408283 0.44853 21.06719
6.60206 14.3800 0.408283 0.46629 21.03652
6.60206 14.3800 0.408283 0.48405 21.00296
6.60206 14.3800 0.408283 0.50181 20.96786
6.60206 14.3800 0.408283 0.51957 20.92922
6.60206 14.3800 0.408283 0.53733 20.88876
6.60206 14.3800 0.408283 0.55509 20.84523
6.60206 14.3800 0.408283 0.57285 20.79808
6.60206 14.3800 0.408283 0.59061 20.74961
6.60206 14.3800 0.408283 0.60837 20.69557
6.60206 14.3800 0.408283 0.62613 20.64097
6.60206 14.3800 0.408283 0.64389 20.58126
6.60206 14.3800 0.408283 0.66165 20.51754
6.60206 14.3800 0.408283 0.67941 20.45214
6.60206 14.3800 0.408283 0.69718 20.37786
6.60206 14.3800 0.408283 0.71494 20.30605
6.60206 14.3800 0.408283 0.73270 20.22484
6.60206 14.3800 0.408283 0.75046 20.14019
6.60206 14.3800 0.408283 0.76822 20.05216
6.60206 14.3800 0.408283 0.78598 19.95064
6.60206 14.3800 0.408283 0.80374 19.85643
6.60206 14.3800 0.408283 0.82150 19.74489
6.60206 14.3800 0.408283 0.83926 19.63304
6.60206 14.3800 0.408283 0.85702 19.51290
6.60206 14.3800 0.408283 0.87478 19.37536
6.60206 14.3800 0.408283 0.89254 19.24847
6.60206 14.3800 0.408283 0.91030 19.09158
6.60206 14.3800 0.408283 0.92806 18.94424
6.60206 14.3800 0.408283 0.94582 18.77611
6.60206 14.3800 0.408283 0.96358 18.58907
6.60206 14.3800 0.408283 0.98134 18.41444
6.60206 14.3800 0.408283 0.99910 18.18670
6.60206 14.3800 0.408283 1.01686 17.99536
6.60206 14.3800 0.408283 1.03462 17.75237
6.60206 14.3800 0.408283 1.05238 17.50093
6.60206 14.3800 0.408283 1.07014 17.25355
6.60206 14.3800 0.408283 1.08790 16.91387
6.60206 14.3800 0.408283 1.10567 16.67502
6.60206 14.3800 0.408283 1.12343 16.31362
6.60206 14.3800 0.408283 1.14119 15.99061
6.60206 14.3800 0.408283 1.15895 15.62799
6.60206 14.3800 0.408283 1.17671 15.13576
6.60206 14.3800 0.408283 1.19447 14.83940
6.60206 14.3800 0.408283 1.21223 14.29760
6.60206 14.3800 0.408283 1.22999 13.91615
6.60206 14.3800 0.408283 1.24775 13.37294
6.60206 14.3800 0.408283 1.26551 12.76675
6.60206 14.3800 0.408283 1.28327 12.32757
6.60206 14.3800 0.408283 1.30103 11.53929
6.60206 14.3800 0.591717 -1.52288 19.09619
6.60206 14.3800 0.591717 -1.50512 19.10976
6.60206 14.3800 0.591717 -1.48736 19.13259
6.60206 14.3800 0.591717 -1.46960 19.16177
6.60206 14.3800 0.591717 -1.45184 19.19193
6.60206 14.3800 0.591717 -1.43408 19.22206
6.60206 14.3800 0.591717 -1.41632 19.25366
6.60206 14.3800 0.591717 -1.39856 19.27906
6.60206 14.3800 0.591717 -1.38080 19.29871
6.60206 14.3800 0.591717 -1.36303 19.33561
6.60206 14.3800 0.591717 -1.34527 19.37380
6.60206 14.3800 0.591717 -1.32751 19.40106
6.60206 14.3800 0.591717 -1.30975 19.43077
6.60206 14.3800 0.591717 -1.29199 19.46371
6.60206 14.3800 0.591717 -1.27423 19.48905
6.60206 14.3800 0.591717 -1.25647 19.51174
6.60206 14.3800 0.591717 -1.23871 19.54041
6.60206 14.3800 0.591717 -1.22095 19.56830
6.60206 14.3800 0.591717 -1.20319 19.59543
6.60206 14.3800 0.591717 -1.18543 19.62494
6.60206 14.3800 0.591717 -1.16767 19.65522
6.60206 14.3800 0.591717 -1.14991 19.68174
6.60206 14.3800 0.591717 -1.13215 19.70835
6.60206 14.3800 0.591717 -1.11439 19.73643
6.60206 14.3800 0.591717 -1.09663 19.76311
6.60206 14.3800 0.591717 -1.07887 19.78872
6.60206 14.3800 0.591717 -1.06111 19.81435
6.60206 14.3800 0.591717 -1.04335 19.83960
6.60206 14.3800 0.591717 -1.02559 19.86445
6.60206 14.3800 0.591717 -1.00783 19.88983
6.60206 14.3800 0.591717 -0.99007 19.91570
6.60206 14.3800 0.591717 -0.97231 19.93981
6.60206 14.3800 0.591717 -0.95454 19.96327
6.60206 14.3800 0.591717 -0.93678 19.98647
6.60206 14.3800 0.591717 -0.91902 20.00914
6.60206 14.3800 0.591717 -0.90126 20.03124
6.60206 14.3800 0.591717 -0.88350 20.05140
6.60206 14.3800 0.591717 -0.86574 20.07072
6.60206 14.3800 0.591717 -0.84798 20.08769
6.60206 14.3800 0.591717 -0.83022 20.10313
6.60206 14.3800 0.591717 -0.81246 20.11569
6.60206 14.3800 0.591717 -0.79470 20.12202
6.60206 14.3800 0.591717 -0.77694 20.12505
6.60206 14.3800 0.591717 -0.75918 20.11398
6.60206 14.3800 0.591717 -0.74142 20.08710
6.60206 14.3800 0.591717 -0.72366 20.02677
6.60206 14.3800 0.591717 -0.70590 19.88203
6.60206 14.3800 0.591717 -0.68814 19.98573
6.60206 14.3800 0.591717 -0.67038 20.13180
6.60206 14.3800 0.591717 -0.65262 20.22945
6.60206 14.3800 0.591717 -0.63486 20.30214
6.60206 14.3800 0.591717 -0.61710 20.36304
6.60206 14.3800 0.591717 -0.59934 20.41544
6.60206 14.3800 0.591717 -0.58158 20.46146
6.60206 14.3800 0.591717 -0.56382 20.50399
6.60206 14.3800 0.591717 -0.54605 20.54318
6.60206 14.3800 0.591717 -0.52829 20.58042
6.60206 14.3800 0.591717 -0.51053 20.61590
6.60206 14.3800 0.591717 -0.49277 20.64984
6.60206 14.3800 0.591717 -0.47501 20.68253
6.60206 14.3800 0.591717 -0.45725 20.71424
6.60206 14.3800 0.591717 -0.43949 20.74501
6.60206 14.3800 0.591717 -0.42173 20.77499
6.60206 14.3800 0.591717 -0.40397 20.80418
6.60206 14.3800 0.591717 -0.38621 20.83264
6.60206 14.3800 0.591717 -0.36845 20.86027
6.60206 14.3800 0.591717 -0.35069 20.88721
6.60206 14.3800 0.591717 -0.33293 20.91340
6.60206 14.3800 0.591717 -0.31517 20.93888
6.60206 14.3800 0.591717 -0.29741 20.96375
6.60206 14.3800 0.591717 -0.27965 20.98780
6.60206 14.3800 0.591717 -0.26189 21.01131
6.60206 14.3800 0.591717 -0.24413 21.03390
6.60206 14.3800 0.591717 -0.22637 21.05589
6.60206 14.3800 0.591717 -0.20861 21.07733
6.60206 14.3800 0.591717 -0.19085 21.09763
6.60206 14.3800 0.591717 -0.17309 21.11747
6.60206 14.3800 0.591717 -0.15533 21.13633
6.60206 14.3800 0.591717 -0.13757 21.15456
6.60206 14.3800 0.591717 -0.11980 21.17198
6.60206 14.3800 0.591717 -0.10204 21.18838
6.60206 14.3800 0.591717 -0.08428 21.20439
6.60206 14.3800 0.591717 -0.06652 21.21889
6.60206 14.3800 0.591717 -0.04876 21.23291
6.60206 14.3800 0.591717 -0.03100 21.24593
6.60206 14.3800 0.591717 -0.01324 21.25786
6.60206 14.3800 0.591717 0.00452 21.26931
6.60206 14.3800 0.591717 0.02228 21.27897
6.60206 14.3800 0.591717 0.04004 21.28818
6.60206 14.3800 0.591717 0.05780 21.29608
6.60206 14.3800 0.591717 0.07556 21.30283
6.60206 14.3800 0.591717 0.09332 21.30881
6.60206 14.3800 0.591717 0.11108 21.31295
6.60206 14.3800 0.591717 0.12884 21.31651
6.60206 14.3800 0.591717 0.14660 21.31830
6.60206 14.3800 0.591717 0.16436 21.31899
6.60206 14.3800 0.591717 0.18212 21.31856
6.60206 14.3800 0.591717 0.19988 21.31621
6.60206 14.3800 0.591717 0.21764 21.31305
6.60206 14.3800 0.591717 0.23540 21.30778
6.60206 14.3800 0.591717 0.25316 21.30135
6.60206 14.3800 0.591717 0.27092 21.29335
6.60206 14.3800 0.591717 0.28869 21.28349
6.60206 14.3800 0.591717 0.30645 21.27240
6.60206 14.3800 0.591717 0.32421 21.25903
6.60206 14.3800 0.591717 0.34197 21.24424
6.60206 14.3800 0.591717 0.35973 21.22749
6.60206 14.3800 0.591717 0.37749 21.20886
6.60206 14.3800 0.591717 0.39525 21.18832
6.60206 14.3800 0.591717 0.41301 21.16571
6.60206 14.3800 0.591717 0.43077 21.14100
6.60206 14.3800 0.591717 0.44853 21.11413
6.60206 14.3800 0.591717 0.46629 21.08513
6.60206 14.3800 0.591717 0.48405 21.05338
6.60206 14.3800 0.591717 0.50181 21.01997
6.60206 14.3800 0.591717 0.51957 20.98323
6.60206 14.3800 0.591717 0.53733 20.94458
6.60206 14.3800 0.591717 0.55509 20.90298
6.60206 14.3800 0.591717 0.57285 20.85785
6.60206 14.3800 0.591717 0.59061 20.81127
6.60206 14.3800 0.591717 0.60837 20.75942
6.60206 14.3800 0.591717 0.62613 20.70676
6.60206 14.3800 0.591717 0.64389 20.64920
6.60206 14.3800 0.591717 0.66165 20.58767
6.60206 14.3800 0.591717 0.67941 20.52433
6.60206 14.3800 0.591717 0.69718 20.45250
6.60206 14.3800 0.591717 0.71494 20.38265
6.60206 14.3800 0.591717 0.73270 20.30377
6.60206 14.3800 0.591717 0.75046 20.22134
6.60206 14.3800 0.591717 0.76822 20.13546
6.60206 14.3800 0.591717 0.78598 20.03650
6.60206 14.3800 0.591717 0.80374 19.94412
6.60206 14.3800 0.591717 0.82150 19.83497
6.60206 14.3800 0.591717 0.83926 19.72510
6.60206 14.3800 0.591717 0.85702 19.60703
6.60206 14.3800 0.591717 0.87478 19.47176
6.60206 14.3800 0.591717 0.89254 19.34643
6.60206 14.3800 0.591717 0.91030 19.19167
6.60206 14.3800 0.591717 0.92806 19.04573
6.60206 14.3800 0.591717 0.94582 18.87925
6.60206 14.3800 0.591717 0.96358 18.69371
6.60206 14.3800 0.591717 0.98134 18.52011
6.60206 14.3800 0.591717 0.99910 18.29375
6.60206 14.3800 0.591717 1.01686 18.10297
6.60206 14.3800 0.591717 1.03462 17.86081
6.60206 14.3800 0.591717 1.05238 17.60981
6.60206 14.3800 0.591717 1.07014 17.36274
6.60206 14.3800 0.591717 1.08790 17.02326
6.60206 14.3800 0.591717 1.10567 16.78435
6.60206 14.3800 0.591717 1.12343 16.42278
6.60206 14.3800 0.591717 1.14119 16.09951
6.60206 14.3800 0.591717 1.15895 15.73650
6.60206 14.3800 0.591717 1.17671 15.24354
6.60206 14.3800 0.591717 1.19447 14.94690
6.60206 14.3800 0.591717 1.21223 14.40413
6.60206 14.3800 0.591717 1.22999 14.02227
6.60206 14.3800 0.591717 1.24775 13.47795
6.60206 14.3800 0.591717 1.26551 12.87065
6.60206 14.3800 0.591717 1.28327 12.43056
6.60206 14.3800 0.591717 1.30103 11.63989
6.60206 14.3800 0.762766 -1.52288 19.12722
6.60206 14.3800 0.762766 -1.50512 19.14122
6.60206 14.3800 0.762766 -1.48736 19.17917
6.60206 14.3800 0.762766 -1.46960 19.23174
6.60206 14.3800 0.762766 -1.45184 19.22110
6.60206 14.3800 0.762766 -1.43408 19.21496
6.60206 14.3800 0.762766 -1.41632 19.27101
6.60206 14.3800 0.762766 -1.39856 19.31150
6.60206 14.3800 0.762766 -1.38080 19.33899
6.60206 14.3800 0.762766 -1.36303 19.36156
6.60206 14.3800 0.762766 -1.34527 19.38492
6.60206 14.3800 0.762766 -1.32751 19.42440
6.60206 14.3800 0.762766 -1.30975 19.45452
6.60206 14.3800 0.762766 -1.29199 19.47350
6.60206 14.3800 0.762766 -1.27423 19.50336
6.60206 14.3800 0.762766 -1.25647 19.53610
6.60206 14.3800 0.762766 -1.23871 19.56010
6.60206 14.3800 0.762766 -1.22095 19.58526
6.60206 14.3800 0.762766 -1.20319 19.61281
6.60206 14.3800 0.762766 -1.18543 19.64122
6.60206 14.3800 0.762766 -1.16767 19.66972
6.60206 14.3800 0.762766 -1.14991 19.69693
6.60206 14.3800 0.762766 -1.13215 19.72299
6.60206 14.3800 0.762766 -1.11439 19.74709
6.60206 14.3800 0.762766 -1.09663 19.77308
6.60206 14.3800 0.762766 -1.07887 19.80021
6.60206 14.3800 0.762766 -1.06111 19.82717
6.60206 14.3800 0.762766 -1.04335 19.85335
6.60206 14.3800 0.762766 -1.02559 19.87779
6.60206 14.3800 0.762766 -1.00783 19.90156
6.60206 14.3800 0.762766 -0.99007 19.92471
6.60206 14.3800 0.762766 -0.97231 19.94876
6.60206 14.3800 0.762766 -0.95454 19.97268
6.60206 14.3800 0.762766 -0.93678 19.99584
6.60206 14.3800 0.762766 -0.91902 20.01802
6.60206 14.3800 0.762766 -0.90126 20.03906
6.60206 14.3800 0.762766 -0.88350 20.05931
6.60206 14.3800 0.762766 -0.86574 20.07912
6.60206 14.3800 0.762766 -0.84798 20.09619
6.60206 14.3800 0.762766 -0.83022 20.11169
6.60206 14.3800 0.762766 -0.81246 20.12425
6.60206 14.3800 0.762766 -0.79470 20.13068
6.60206 14.3800 0.762766 -0.77694 20.13386
6.60206 14.3800 0.762766 -0.75918 20.12301
6.60206 14.3800 0.762766 -0.74142 20.09688
6.60206 14.3800 0.762766 -0.72366 20.03861
6.60206 14.3800 0.762766 -0.70590 19.90058
6.60206 14.3800 0.762766 -0.68814 20.00094
6.60206 14.3800 0.762766 -0.67038 20.14155
6.60206 14.3800 0.762766 -0.65262 20.23645
6.60206 14.3800 0.762766 -0.63486 20.30763
6.60206 14.3800 0.762766 -0.61710 20.36745
6.60206 14.3800 0.762766 -0.59934 20.41908
6.60206 14.3800 0.762766 -0.58158 20.46443
6.60206 14.3800 0.762766 -0.56382 20.50639
6.60206 14.3800 0.762766 -0.54605 20.54501
6.60206 14.3800 0.762766 -0.52829 20.58168
6.60206 14.3800 0.762766 -0.51053 20.61657
6.60206 14.3800 0.762766 -0.49277 20.64990
6.60206 14.3800 0.762766 -0.47501 20.68201
6.60206 14.3800 0.762766 -0.45725 20.71323
6.60206 14.3800 0.762766 -0.43949 20.74345
6.60206 14.3800 0.762766 -0.42173 20.77266
6.60206 14.3800 0.762766 -0.40397 20.80107
6.60206 14.3800 0.762766 -0.38621 20.82879
6.60206 14.3800 0.762766 -0.36845 20.85565
6.60206 14.3800 0.762766 -0.35069 20.88184
6.60206 14.3800 0.762766 -0.33293 20.90725
6.60206 14.3800 0.762766 -0.31517 20.93187
6.60206 14.3800 0.762766 -0.29741 20.95586
6.60206 14.3800 0.762766 -0.27965 20.97901
6.60206 14.3800 0.762766 -0.26189 21.00165
6.60206 14.3800 0.762766 -0.24413 21.02335
6.60206 14.3800 0.762766 -0.22637 21.04439
6.60206 14.3800 0.762766 -0.20861 21.06480
6.60206 14.3800 0.762766 -0.19085 21.08415
6.60206 14.3800 0.762766 -0.17309 21.10307
6.60206 14.3800 0.762766 -0.15533 21.12086
6.60206 14.3800 0.762766 -0.13757 21.13805
6.60206 14.3800 0.762766 -0.11980 21.15444
6.60206 14.3800 0.762766 -0.10204 21.16980
6.60206 14.3800 0.762766 -0.08428 21.18477
6.60206 14.3800 0.762766 -0.06652 21.19820
6.60206 14.3800 0.762766 -0.04876 21.21112
6.60206 14.3800 0.762766 -0.03100 21.22302
6.60206 14.3800 0.762766 -0.01324 21.23379
6.60206 14.3800 0.762766 0.00452 21.24408
6.60206 14.3800 0.762766 0.02228 21.25250
6.60206 14.3800 0.762766 0.04004 21.26044
6.60206 14.3800 0.762766 0.05780 21.26700
6.60206 14.3800 0.762766 0.07556 21.27242
6.60206 14.3800 0.762766 0.09332 21.27705
6.60206 14.3800 0.762766 0.11108 21.27978
6.60206 14.3800 0.762766 0.12884 21.28188
6.60206 14.3800 0.762766 0.14660 21.28216
6.60206 14.3800 0.762766 0.16436 21.28128
6.60206 14.3800 0.762766 0.18212 21.27920
6.60206 14.3800 0.762766 0.19988 21.27519
6.60206 14.3800 0.762766 0.21764 21.27028
6.60206 14.3800 0.762766 0.23540 21.26323
6.60206 14.3800 0.762766 0.25316 21.25494
6.60206 14.3800 0.762766 0.27092 21.24499
6.60206 14.3800 0.762766 0.28869 21.23314
6.60206 14.3800 0.762766 0.30645 21.21993
6.60206 14.3800 0.762766 0.32421 21.20446
6.60206 14.3800 0.762766 0.34197 21.18743
6.60206 14.3800 0.762766 0.35973 21.16836
6.60206 14.3800 0.762766 0.37749 21.14737
6.60206 14.3800 0.762766 0.39525 21.12427
6.60206 14.3800 0.762766 0.41301 21.09919
6.60206 14.3800 0.762766 0.43077 21.07177
6.60206 14.3800 0.762766 0.44853 21.04217
6.60206 14.3800 0.762766 0.46629 21.01035
6.60206 14.3800 0.762766 0.48405 20.97553
6.60206 14.3800 0.762766 0.50181 20.93919
6.60206 14.3800 0.762766 0.51957 20.89916
6.60206 14.3800 0.762766 0.53733 20.85732
6.60206 14.3800 0.762766 0.55509 20.81229
6.60206 14.3800 0.762766 0.57285 20.76349
6.60206 14.3800 0.762766 0.59061 20.71341
6.60206 14.3800 0.762766 0.60837 20.65747
6.60206 14.3800 0.762766 0.62613 20.60105
6.60206 14.3800 0.762766 0.64389 20.53927
6.60206 14.3800 0.762766 0.66165 20.47331
6.60206 14.3800 0.762766 0.67941 20.40567
6.60206 14.3800 0.762766 0.69718 20.32862
6.60206 14.3800 0.762766 0.71494 20.25434
6.60206 14.3800 0.762766 0.73270 20.17007
6.60206 14.3800 0.762766 0.75046 20.08226
6.60206 14.3800 0.762766 0.76822 19.99092
6.60206 14.3800 0.762766 0.78598 19.88519
6.60206 14.3800 0.762766 0.80374 19.78750
6.60206 14.3800 0.762766 0.82150 19.67122
6.60206 14.3800 0.762766 0.83926 19.55486
6.60206 14.3800 0.762766 0.85702 19.42965
6.60206 14.3800 0.762766 0.87478 19.28585
6.60206 14.3800 0.762766 0.89254 19.15389
6.60206 14.3800 0.762766 0.91030 18.98952
6.60206 14.3800 0.762766 0.92806 18.83617
6.60206 14.3800 0.762766 0.94582 18.66031
6.60206 14.3800 0.762766 0.96358 18.46468
6.60206 14.3800 0.762766 0.98134 18.28294
6.60206 14.3800 0.762766 0.99910 18.04404
6.60206 14.3800 0.762766 1.01686 17.84604
6.60206 14.3800 0.762766 1.03462 17.59215
6.60206 14.3800 0.762766 1.05238 17.33126
6.60206 14.3800 0.762766 1.07014 17.07480
6.60206 14.3800 0.762766 1.08790 16.72119
6.60206 14.3800 0.762766 1.10567 16.47729
6.60206 14.3800 0.762766 1.12343 16.10349
6.60206 14.3800 0.762766 1.14119 15.77388
6.60206 14.3800 0.762766 1.15895 15.40207
6.60206 14.3800 0.762766 1.17671 14.89942
6.60206 14.3800 0.762766 1.19447 14.60052
6.60206 14.3800 0.762766 1.21223 14.05121
6.60206 14.3800 0.762766 1.22999 13.66857
6.60206 14.3800 0.762766 1.24775 13.12251
6.60206 14.3800 0.762766 1.26551 12.51737
6.60206 14.3800 0.762766 1.28327 12.07969
6.60206 14.3800 0.762766 1.30103 11.29967
6.60206 14.3800 0.898333 -1.52288 19.13971
6.60206 14.3800 0.898333 -1.50512 19.14395
6.60206 14.3800 0.898333 -1.48736 19.16541
6.60206 14.3800 0.898333 -1.46960 19.19893
6.60206 14.3800 0.898333 -1.45184 19.23852
6.60206 14.3800 0.898333 -1.43408 19.27912
6.60206 14.3800 0.898333 -1.41632 19.32558
6.60206 14.3800 0.898333 -1.39856 19.35223
6.60206 14.3800 0.898333 -1.38080 19.36075
6.60206 14.3800 0.898333 -1.36303 19.37607
6.60206 14.3800 0.898333 -1.34527 19.39605
6.60206 14.3800 0.898333 -1.32751 19.43912
6.60206 14.3800 0.898333 -1.30975 19.47281
6.60206 14.3800 0.898333 -1.29199 19.49573
6.60206 14.3800 0.898333 -1.27423 19.51778
6.60206 14.3800 0.898333 -1.25647 19.53942
6.60206 14.3800 0.898333 -1.23871 19.56162
6.60206 14.3800 0.898333 -1.22095 19.58724
6.60206 14.3800 0.898333 -1.20319 19.61917
6.60206 14.3800 0.898333 -1.18543 19.64557
6.60206 14.3800 0.898333 -1.16767 19.66907
6.60206 14.3800 0.898333 -1.14991 19.69725
6.60206 14.3800 0.898333 -1.13215 19.72481
6.60206 14.3800 0.898333 -1.11439 19.75123
6.60206 14.3800 0.898333 -1.09663 19.77603
6.60206 14.3800 0.898333 -1.07887 19.79964
6.60206 14.3800 0.898333 -1.06111 19.82470
6.60206 14.3800 0.898333 -1.04335 19.84976
6.60206 14.3800 0.898333 -1.02559 19.87513
6.60206 14.3800 0.898333 -1.00783 19.90012
6.60206 14.3800 0.898333 -0.99007 19.92475
6.60206 14.3800 0.898333 -0.97231 19.94807
6.60206 14.3800 0.898333 -0.95454 19.97081
6.60206 14.3800 0.898333 -0.93678 19.99272
6.60206 14.3800 0.898333 -0.91902 20.01426
6.60206 14.3800 0.898333 -0.90126 20.03541
6.60206 14.3800 0.898333 -0.88350 20.05532
6.60206 14.3800 0.898333 -0.86574 20.07464
6.60206 14.3800 0.898333 -0.84798 20.09113
6.60206 14.3800 0.898333 -0.83022 20.10569
6.60206 14.3800 0.898333 -0.81246 20.11662
6.60206 14.3800 0.898333 -0.79470 20.12142
6.60206 14.3800 0.898333 -0.77694 20.12290
6.60206 14.3800 0.898333 -0.75918 20.11094
6.60206 14.3800 0.898333 -0.74142 20.08546
6.60206 14.3800 0.898333 -0.72366 20.03349
6.60206 14.3800 0.898333 -0.70590 19.91433
6.60206 14.3800 0.898333 -0.68814 20.00581
6.60206 14.3800 0.898333 -0.67038 20.13104
6.60206 14.3800 0.898333 -0.65262 20.21945
6.60206 14.3800 0.898333 -0.63486 20.28840
6.60206 14.3800 0.898333 -0.61710 20.34726
6.60206 14.3800 0.898333 -0.59934 20.39869
6.60206 14.3800 0.898333 -0.58158 20.44403
6.60206 14.3800 0.898333 -0.56382 20.48599
6.60206 14.3800 0.898333 -0.54605 20.52443
6.60206 14.3800 0.898333 -0.52829 20.56074
6.60206 14.3800 0.898333 -0.51053 20.59507
6.60206 14.3800 0.898333 -0.49277 20.62776
6.60206 14.3800 0.898333 -0.47501 20.65923
6.60206 14.3800 0.898333 -0.45725 20.68917
6.60206 14.3800 0.898333 -0.43949 20.71821
6.60206 14.3800 0.898333 -0.42173 20.74632
6.60206 14.3800 0.898333 -0.40397 20.77336
6.60206 14.3800 0.898333 -0.38621 20.79963
6.60206 14.3800 0.898333 -0.36845 20.82483
6.60206 14.3800 0.898333 -0.35069 20.84939
6.60206 14.3800 0.898333 -0.33293 20.87307
6.60206 14.3800 0.898333 -0.31517 20.89589
6.60206 14.3800 0.898333 -0.29741 20.91807
6.60206 14.3800 0.898333 -0.27965 20.93915
6.60206 14.3800 0.898333 -0.26189 20.95973
6.60206 14.3800 0.898333 -0.24413 20.97924
6.60206 14.3800 0.898333 -0.22637 20.99806
6.60206 14.3800 0.898333 -0.20861 21.01623
6.60206 14.3800 0.898333 -0.19085 21.03320
6.60206 14.3800 0.898333 -0.17309 21.04974
6.60206 14.3800 0.898333 -0.15533 21.06496
6.60206 14.3800 0.898333 -0.13757 21.07954
6.60206 14.3800 0.898333 -0.11980 21.09326
6.60206 14.3800 0.898333 -0.10204 21.10576
6.60206 14.3800 0.898333 -0.08428 21.11784
6.60206 14.3800 0.898333 -0.06652 21.12822
6.60206 14.3800 0.898333 -0.04876 21.13803
6.60206 14.3800 0.898333 -0.03100 21.14664
6.60206 14.3800 0.898333 -0.01324 21.15399
6.60206 14.3800 0.898333 0.00452 21.16077
6.60206 14.3800 0.898333 0.02228 21.16552
6.60206 14.3800 0.898333 0.04004 21.16970
6.60206 14.3800 0.898333 0.05780 21.17228
6.60206 14.3800 0.898333 0.07556 21.17356
6.60206 14.3800 0.898333 0.09332 21.17389
6.60206 14.3800 0.898333 0.11108 21.17210
6.60206 14.3800 0.898333 0.12884 21.16951
6.60206 14.3800 0.898333 0.14660 21.16492
6.60206 14.3800 0.898333 0.16436 21.15898
6.60206 14.3800 0.898333 0.18212 21.15159
6.60206 14.3800 0.898333 0.19988 21.14211
6.60206 14.3800 0.898333 0.21764 21.13142
6.60206 14.3800 0.898333 0.23540 21.11845
6.60206 14.3800 0.898333 0.25316 21.10394
6.60206 14.3800 0.898333 0.27092 21.08749
6.60206 14.3800 0.898333 0.28869 21.06902
6.60206 14.3800 0.898333 0.30645 21.04865
6.60206 14.3800 0.898333 0.32421 21.02612
6.60206 14.3800 0.898333 0.34197 21.00150
6.60206 14.3800 0.898333 0.35973 20.97460
6.60206 14.3800 0.898333 0.37749 20.94563
6.60206 14.3800 0.898333 0.39525 20.91376
6.60206 14.3800 0.898333 0.41301 20.88036
6.60206 14.3800 0.898333 0.43077 20.84370
6.60206 14.3800 0.898333 0.44853 20.80486
6.60206 14.3800 0.898333 0.46629 20.76344
6.60206 14.3800 0.898333 0.48405 20.71812
6.60206 14.3800 0.898333 0.50181 20.67195
6.60206 14.3800 0.898333 0.51957 20.62067
6.60206 14.3800 0.898333 0.53733 20.56806
6.60206 14.3800 0.898333 0.55509 20.51149
6.60206 14.3800 0.898333 0.57285 20.45027
6.60206 14.3800 0.898333 0.59061 20.38852
6.60206 14.3800 0.898333 0.60837 20.31878
6.60206 14.3800 0.898333 0.62613 20.25002
6.60206 14.3800 0.898333 0.64389 20.17420
6.60206 14.3800 0.898333 0.66165 20.09369
6.60206 14.3800 0.898333 0.67941 20.01210
6.60206 14.3800 0.898333 0.69718 19.91793
6.60206 14.3800 0.898333 0.71494 19.82981
6.60206 14.3800 0.898333 0.73270 19.72833
6.60206 14.3800 0.898333 0.75046 19.62385
6.60206 14.3800 0.898333 0.76822 19.51580
6.60206 14.3800 0.898333 0.78598 19.38933
6.60206 14.3800 0.898333 0.80374 19.27653
6.60206 14.3800 0.898333 0.82150 19.13947
6.60206 14.3800 0.898333 0.83926 19.00541
6.60206 14.3800 0.898333 0.85702 18.86102
6.60206 14.3800 0.898333 0.87478 18.69511
6.60206 14.3800 0.898333 0.89254 18.54763
6.60206 14.3800 0.898333 0.91030 18.36081
6.60206 14.3800 0.898333 0.92806 18.19269
6.60206 14.3800 0.898333 0.94582 17.99857
6.60206 14.3800 0.898333 0.96358 17.78616
6.60206 14.3800 0.898333 0.98134 17.59305
6.60206 14.3800 0.898333 0.99910 17.33898
6.60206 14.3800 0.898333 1.01686 17.13606
6.60206 14.3800 0.898333 1.03462 16.87508
6.60206 14.3800 0.898333 1.05238 16.61321
6.60206 14.3800 0.898333 1.07014 16.35811
6.60206 14.3800 0.898333 1.08790 16.01266
6.60206 14.3800 0.898333 1.10567 15.77541
6.60206 14.3800 0.898333 1.12343 15.41865
6.60206 14.3800 0.898333 1.14119 15.10348
6.60206 14.3800 0.898333 1.15895 14.75334
6.60206 14.3800 0.898333 1.17671 14.28558
6.60206 14.3800 0.898333 1.19447 13.99929
6.60206 14.3800 0.898333 1.21223 13.49239
6.60206 14.3800 0.898333 1.22999 13.12624
6.60206 14.3800 0.898333 1.24775 12.62248
6.60206 14.3800 0.898333 1.26551 12.05381
6.60206 14.3800 0.898333 1.28327 11.64290
6.60206 14.3800 0.898333 1.30103 10.91935
6.60206 14.3800 0.980145 -1.52288 19.17107
6.60206 14.3800 0.980145 -1.50512 19.20067
6.60206 14.3800 0.980145 -1.48736 19.21506
6.60206 14.3800 0.980145 -1.46960 19.21835
6.60206 14.3800 0.980145 -1.45184 19.24556
6.60206 14.3800 0.980145 -1.43408 19.27443
6.60206 14.3800 0.980145 -1.41632 19.29866
6.60206 14.3800 0.980145 -1.39856 19.31875
6.60206 14.3800 0.980145 -1.38080 19.33487
6.60206 14.3800 0.980145 -1.36303 19.36672
6.60206 14.3800 0.980145 -1.34527 19.39919
6.60206 14.3800 0.980145 -1.32751 19.41406
6.60206 14.3800 0.980145 -1.30975 19.43728
6.60206 14.3800 0.980145 -1.29199 19.47124
6.60206 14.3800 0.980145 -1.27423 19.49479
6.60206 14.3800 0.980145 -1.25647 19.51496
6.60206 14.3800 0.980145 -1.23871 19.54661
6.60206 14.3800 0.980145 -1.22095 19.57367
6.60206 14.3800 0.980145 -1.20319 19.59333
6.60206 14.3800 0.980145 -1.18543 19.61477
6.60206 14.3800 0.980145 -1.16767 19.63703
6.60206 14.3800 0.980145 -1.14991 19.66352
6.60206 14.3800 0.980145 -1.13215 19.69047
6.60206 14.3800 0.980145 -1.11439 19.71895
6.60206 14.3800 0.980145 -1.09663 19.74493
6.60206 14.3800 0.980145 -1.07887 19.76911
6.60206 14.3800 0.980145 -1.06111 19.79441
6.60206 14.3800 0.980145 -1.04335 19.81957
6.60206 14.3800 0.980145 -1.02559 19.84466
6.60206 14.3800 0.980145 -1.00783 19.86921
6.60206 14.3800 0.980145 -0.99007 19.89325
6.60206 14.3800 0.980145 -0.97231 19.91652
6.60206 14.3800 0.980145 -0.95454 19.93934
6.60206 14.3800 0.980145 -0.93678 19.96137
6.60206 14.3800 0.980145 -0.91902 19.98243
6.60206 14.3800 0.980145 -0.90126 20.00231
6.60206 14.3800 0.980145 -0.88350 20.02018
6.60206 14.3800 0.980145 -0.86574 20.03720
6.60206 14.3800 0.980145 -0.84798 20.05025
6.60206 14.3800 0.980145 -0.83022 20.06147
6.60206 14.3800 0.980145 -0.81246 20.06906
6.60206 14.3800 0.980145 -0.79470 20.07168
6.60206 14.3800 0.980145 -0.77694 20.07157
6.60206 14.3800 0.980145 -0.75918 20.06301
6.60206 14.3800 0.980145 -0.74142 20.04711
6.60206 14.3800 0.980145 -0.72366 20.01757
6.60206 14.3800 0.980145 -0.70590 19.95257
6.60206 14.3800 0.980145 -0.68814 20.01705
6.60206 14.3800 0.980145 -0.67038 20.10427
6.60206 14.3800 0.980145 -0.65262 20.17195
6.60206 14.3800 0.980145 -0.63486 20.22957
6.60206 14.3800 0.980145 -0.61710 20.28125
6.60206 14.3800 0.980145 -0.59934 20.32829
6.60206 14.3800 0.980145 -0.58158 20.37124
6.60206 14.3800 0.980145 -0.56382 20.41148
6.60206 14.3800 0.980145 -0.54605 20.44883
6.60206 14.3800 0.980145 -0.52829 20.48419
6.60206 14.3800 0.980145 -0.51053 20.51766
6.60206 14.3800 0.980145 -0.49277 20.54935
6.60206 14.3800 0.980145 -0.47501 20.57980
6.60206 14.3800 0.980145 -0.45725 20.60852
6.60206 14.3800 0.980145 -0.43949 20.63621
6.60206 14.3800 0.980145 -0.42173 20.66266
6.60206 14.3800 0.980145 -0.40397 20.68791
6.60206 14.3800 0.980145 -0.38621 20.71240
6.60206 14.3800 0.980145 -0.36845 20.73540
6.60206 14.3800 0.980145 -0.35069 20.75774
6.60206 14.3800 0.980145 -0.33293 20.77894
6.60206 14.3800 0.980145 -0.31517 20.79915
6.60206 14.3800 0.980145 -0.29741 20.81866
6.60206 14.3800 0.980145 -0.27965 20.83672
6.60206 14.3800 0.980145 -0.26189 20.85427
6.60206 14.3800 0.980145 -0.24413 20.87049
6.60206 14.3800 0.980145 -0.22637 20.88584
6.60206 14.3800 0.980145 -0.20861 20.90036
6.60206 14.3800 0.980145 -0.19085 20.91340
6.60206 14.3800 0.980145 -0.17309 20.92596
6.60206 14.3800 0.980145 -0.15533 20.93680
6.60206 14.3800 0.980145 -0.13757 20.94686
6.60206 14.3800 0.980145 -0.11980 20.95580
6.60206 14.3800 0.980145 -0.10204 20.96318
6.60206 14.3800 0.980145 -0.08428 20.97001
6.60206 14.3800 0.980145 -0.06652 20.97463
6.60206 14.3800 0.980145 -0.04876 20.97850
6.60206 14.3800 0.980145 -0.03100 20.98081
6.60206 14.3800 0.980145 -0.01324 20.98150
6.60206 14.3800 0.980145 0.00452 20.98131
6.60206 14.3800 0.980145 0.02228 20.97858
6.60206 14.3800 0.980145 0.04004 20.97496
6.60206 14.3800 0.980145 0.05780 20.96927
6.60206 14.3800 0.980145 0.07556 20.96188
6.60206 14.3800 0.980145 0.09332 20.95301
6.60206 14.3800 0.980145 0.11108 20.94163
6.60206 14.3800 0.980145 0.12884 20.92885
6.60206 14.3800 0.980145 0.14660 20.91361
6.60206 14.3800 0.980145 0.16436 20.89648
6.60206 14.3800 0.980145 0.18212 20.87717
6.60206 14.3800 0.980145 0.19988 20.85550
6.60206 14.3800 0.980145 0.21764 20.83158
6.60206 14.3800 0.980145 0.23540 20.80523
6.60206 14.3800 0.980145 0.25316 20.77642
6.60206 14.3800 0.980145 0.27092 20.74487
6.60206 14.3800 0.980145 0.28869 20.71110
6.60206 14.3800 0.980145 0.30645 20.67371
6.60206 14.3800 0.980145 0.32421 20.63481
6.60206 14.3800 0.980145 0.34197 20.59211
6.60206 14.3800 0.980145 0.35973 20.54663
6.60206 14.3800 0.980145 0.37749 20.49872
6.60206 14.3800 0.980145 0.39525 20.44550
6.60206 14.3800 0.980145 0.41301 20.39265
6.60206 14.3800 0.980145 0.43077 20.33361
6.60206 14.3800 0.980145 0.44853 20.27286
6.60206 14.3800 0.980145 0.46629 20.20868
6.60206 14.3800 0.980145 0.48405 20.13815
6.60206 14.3800 0.980145 0.50181 20.06953
6.60206 14.3800 0.980145 0.51957 19.99168
6.60206 14.3800 0.980145 0.53733 19.91510
6.60206 14.3800 0.980145 0.55509 19.83268
6.60206 14.3800 0.980145 0.57285 19.74417
6.60206 14.3800 0.980145 0.59061 19.65846
6.60206 14.3800 0.980145 0.60837 19.55981
6.60206 14.3800 0.980145 0.62613 19.46814
6.60206 14.3800 0.980145 0.64389 19.36620
6.60206 14.3800 0.980145 0.66165 19.26083
6.60206 14.3800 0.980145 0.67941 19.15772
6.60206 14.3800 0.980145 0.69718 19.03808
6.60206 14.3800 0.980145 0.71494 18.93435
6.60206 14.3800 0.980145 0.73270 18.81408
6.60206 14.3800 0.980145 0.75046 18.69637
6.60206 14.3800 0.980145 0.76822 18.57858
6.60206 14.3800 0.980145 0.78598 18.44426
6.60206 14.3800 0.980145 0.80374 18.33271
6.60206 14.3800 0.980145 0.82150 18.19968
6.60206 14.3800 0.980145 0.83926 18.07676
6.60206 14.3800 0.980145 0.85702 17.94870
6.60206 14.3800 0.980145 0.87478 17.80877
6.60206 14.3800 0.980145 0.89254 17.68663
6.60206 14.3800 0.980145 0.91030 17.53977
6.60206 14.3800 0.980145 0.92806 17.40680
6.60206 14.3800 0.980145 0.94582 17.25854
6.60206 14.3800 0.980145 0.96358 17.09789
6.60206 14.3800 0.980145 0.98134 16.94741
6.60206 14.3800 0.980145 0.99910 16.75829
6.60206 14.3800 0.980145 1.01686 16.59333
6.60206 14.3800 0.980145 1.03462 16.39138
6.60206 14.3800 0.980145 1.05238 16.17874
6.60206 14.3800 0.980145 1.07014 15.96870
6.60206 14.3800 0.980145 1.08790 15.68800
6.60206 14.3800 0.980145 1.10567 15.47514
6.60206 14.3800 0.980145 1.12343 15.17222
6.60206 14.3800 0.980145 1.14119 14.88770
6.60206 14.3800 0.980145 1.15895 14.57703
6.60206 14.3800 0.980145 1.17671 14.15743
6.60206 14.3800 0.980145 1.19447 13.88585
6.60206 14.3800 0.980145 1.21223 13.42186
6.60206 14.3800 0.980145 1.22999 13.07033
6.60206 14.3800 0.980145 1.24775 12.59985
6.60206 14.3800 0.980145 1.26551 12.05660
6.60206 14.3800 0.980145 1.28327 11.66254
6.60206 14.3800 0.980145 1.30103 10.97130
6.69897 14.3800 0.019855 -1.52288 18.97346
6.69897 14.3800 0.019855 -1.50512 19.00407
6.69897 14.3800 0.019855 -1.48736 19.03556
6.69897 14.3800 0.019855 -1.46960 19.06736
6.69897 14.3800 0.019855 -1.45184 19.09855
6.69897 14.3800 0.019855 -1.43408 19.12919
6.69897 14.3800 0.019855 -1.41632 19.16035
6.69897 14.3800 0.019855 -1.39856 19.19090
6.69897 14.3800 0.019855 -1.38080 19.22091
6.69897 14.3800 0.019855 -1.36303 19.25224
6.69897 14.3800 0.019855 -1.34527 19.28319
6.69897 14.3800 0.019855 -1.32751 19.31360
6.69897 14.3800 0.019855 -1.30975 19.34398
6.69897 14.3800 0.019855 -1.29199 19.37463
6.69897 14.3800 0.019855 -1.27423 19.40490
6.69897 14.3800 0.019855 -1.25647 19.43455
6.69897 14.3800 0.019855 -1.23871 19.46441
6.69897 14.3800 0.019855 -1.22095 19.49384
6.69897 14.3800 0.019855 -1.20319 19.52317
6.69897 14.3800 0.019855 -1.18543 19.55228
6.69897 14.3800 0.019855 -1.16767 19.58093
6.69897 14.3800 0.019855 -1.14991 19.60940
6.69897 14.3800 0.019855 -1.13215 19.63738
6.69897 14.3800 0.019855 -1.11439 19.66512
6.69897 14.3800 0.019855 -1.09663 19.69237
6.69897 14.3800 0.019855 -1.07887 19.71911
6.69897 14.3800 0.019855 -1.06111 19.74526
6.69897 14.3800 0.019855 -1.04335 19.77087
6.69897 14.3800 0.019855 -1.02559 19.79587
6.69897 14.3800 0.019855 -1.00783 19.82013
6.69897 14.3800 0.019855 -0.99007 19.84371
6.69897 14.3800 0.019855 -0.97231 19.86616
6.69897 14.3800 0.019855 -0.95454 19.88800
6.69897 14.3800 0.019855 -0.93678 19.90830
6.69897 14.3800 0.019855 -0.91902 19.92757
6.69897 14.3800 0.019855 -0.90126 19.94555
6.69897 14.3800 0.019855 -0.88350 19.96145
6.69897 14.3800 0.019855 -0.86574 19.97651
6.69897 14.3800 0.019855 -0.84798 19.98801
6.69897 14.3800 0.019855 -0.83022 19.99795
6.69897 14.3800 0.019855 -0.81246 20.00472
6.69897 14.3800 0.019855 -0.79470 20.00710
6.69897 14.3800 0.019855 -0.77694 20.00704
6.69897 14.3800 0.019855 -0.75918 19.99849
6.69897 14.3800 0.019855 -0.74142 19.98091
6.69897 14.3800 0.019855 -0.72366 19.93996
6.69897 14.3800 0.019855 -0.70590 19.75723
6.69897 14.3800 0.019855 -0.68814 19.90055
6.69897 14.3800 0.019855 -0.67038 20.03396
6.69897 14.3800 0.019855 -0.65262 20.11292
6.69897 14.3800 0.019855 -0.63486 20.17712
6.69897 14.3800 0.019855 -0.61710 20.23463
6.69897 14.3800 0.019855 -0.59934 20.28698
6.69897 14.3800 0.019855 -0.58158 20.33579
6.69897 14.3800 0.019855 -0.56382 20.38153
6.69897 14.3800 0.019855 -0.54605 20.42504
6.69897 14.3800 0.019855 -0.52829 20.46638
6.69897 14.3800 0.019855 -0.51053 20.50592
6.69897 14.3800 0.019855 -0.49277 20.54391
6.69897 14.3800 0.019855 -0.47501 20.58035
6.69897 14.3800 0.019855 -0.45725 20.61556
6.69897 14.3800 0.019855 -0.43949 20.64947
6.69897 14.3800 0.019855 -0.42173 20.68224
6.69897 14.3800 0.019855 -0.40397 20.71391
6.69897 14.3800 0.019855 -0.38621 20.74459
6.69897 14.3800 0.019855 -0.36845 20.77417
6.69897 14.3800 0.019855 -0.35069 20.80286
6.69897 14.3800 0.019855 -0.33293 20.83055
6.69897 14.3800 0.019855 -0.31517 20.85727
6.69897 14.3800 0.019855 -0.29741 20.88322
6.69897 14.3800 0.019855 -0.27965 20.90798
6.69897 14.3800 0.019855 -0.26189 20.93206
6.69897 14.3800 0.019855 -0.24413 20.95500
6.69897 14.3800 0.019855 -0.22637 20.97705
6.69897 14.3800 0.019855 -0.20861 20.99829
6.69897 14.3800 0.019855 -0.19085 21.01819
6.69897 14.3800 0.019855 -0.17309 21.03753
6.69897 14.3800 0.019855 -0.15533 21.05535
6.69897 14.3800 0.019855 -0.13757 21.07236
6.69897 14.3800 0.019855 -0.11980 21.08833
6.69897 14.3800 0.019855 -0.10204 21.10283
6.69897 14.3800 0.019855 -0.08428 21.11678
6.69897 14.3800 0.019855 -0.06652 21.12866
6.69897 14.3800 0.019855 -0.04876 21.13983
6.69897 14.3800 0.019855 -0.03100 21.14954
6.69897 14.3800 0.019855 -0.01324 21.15769
6.69897 14.3800 0.019855 0.00452 21.16510
6.69897 14.3800 0.019855 0.02228 21.16999
6.69897 14.3800 0.019855 0.04004 21.17415
6.69897 14.3800 0.019855 0.05780 21.17631
6.69897 14.3800 0.019855 0.07556 21.17685
6.69897 14.3800 0.019855 0.09332 21.17617
6.69897 14.3800 0.019855 0.11108 21.17286
6.69897 14.3800 0.019855 0.12884 21.16851
6.69897 14.3800 0.019855 0.14660 21.16165
6.69897 14.3800 0.019855 0.16436 21.15309
6.69897 14.3800 0.019855 0.18212 21.14267
6.69897 14.3800 0.019855 0.19988 21.12972
6.69897 14.3800 0.019855 0.21764 21.11516
6.69897 14.3800 0.019855 0.23540 21.09789
6.69897 14.3800 0.019855 0.25316 21.07869
6.69897 14.3800 0.019855 0.27092 21.05710
6.69897 14.3800 0.019855 0.28869 21.03329
6.69897 14.3800 0.019855 0.30645 21.00700
6.69897 14.3800 0.019855 0.32421 20.97873
6.69897 14.3800 0.019855 0.34197 20.94796
6.69897 14.3800 0.019855 0.35973 20.91499
6.69897 14.3800 0.019855 0.37749 20.88029
6.69897 14.3800 0.019855 0.39525 20.84239
6.69897 14.3800 0.019855 0.41301 20.80470
6.69897 14.3800 0.019855 0.43077 20.76380
6.69897 14.3800 0.019855 0.44853 20.72249
6.69897 14.3800 0.019855 0.46629 20.68023
6.69897 14.3800 0.019855 0.48405 20.63568
6.69897 14.3800 0.019855 0.50181 20.59391
6.69897 14.3800 0.019855 0.51957 20.54930
6.69897 14.3800 0.019855 0.53733 20.50763
6.69897 14.3800 0.019855 0.55509 20.46569
6.69897 14.3800 0.019855 0.57285 20.42393
6.69897 14.3800 0.019855 0.59061 20.38557
6.69897 14.3800 0.019855 0.60837 20.34537
6.69897 14.3800 0.019855 0.62613 20.30891
6.69897 14.3800 0.019855 0.64389 20.27111
6.69897 14.3800 0.019855 0.66165 20.23336
6.69897 14.3800 0.019855 0.67941 20.19555
6.69897 14.3800 0.019855 0.69718 20.15468
6.69897 14.3800 0.019855 0.71494 20.11347
6.69897 14.3800 0.019855 0.73270 20.06788
6.69897 14.3800 0.019855 0.75046 20.01871
6.69897 14.3800 0.019855 0.76822 19.96543
6.69897 14.3800 0.019855 0.78598 19.90469
6.69897 14.3800 0.019855 0.80374 19.84143
6.69897 14.3800 0.019855 0.82150 19.76850
6.69897 14.3800 0.019855 0.83926 19.68991
6.69897 14.3800 0.019855 0.85702 19.60380
6.69897 14.3800 0.019855 0.87478 19.50410
6.69897 14.3800 0.019855 0.89254 19.40486
6.69897 14.3800 0.019855 0.91030 19.28517
6.69897 14.3800 0.019855 0.92806 19.16509
6.69897 14.3800 0.019855 0.94582 19.02932
6.69897 14.3800 0.019855 0.96358 18.87545
6.69897 14.3800 0.019855 0.98134 18.72682
6.69897 14.3800 0.019855 0.99910 18.53719
6.69897 14.3800 0.019855 1.01686 18.36858
6.69897 14.3800 0.019855 1.03462 18.16065
6.69897 14.3800 0.019855 1.05238 17.94031
6.69897 14.3800 0.019855 1.07014 17.72257
6.69897 14.3800 0.019855 1.08790 17.42913
6.69897 14.3800 0.019855 1.10567 17.21041
6.69897 14.3800 0.019855 1.12343 16.89521
6.69897 14.3800 0.019855 1.14119 16.60306
6.69897 14.3800 0.019855 1.15895 16.28305
6.69897 14.3800 0.019855 1.17671 15.85236
6.69897 14.3800 0.019855 1.19447 15.57789
6.69897 14.3800 0.019855 1.21223 15.10632
6.69897 14.3800 0.019855 1.22999 14.75358
6.69897 14.3800 0.019855 1.24775 14.28101
6.69897 14.3800 0.019855 1.26551 13.74036
6.69897 14.3800 0.019855 1.28327 13.34923
6.69897 14.3800 0.019855 1.30103 12.67076
6.69897 14.3800 0.101667 -1.52288 19.05645
6.69897 14.3800 0.101667 -1.50512 19.08870
6.69897 14.3800 0.101667 -1.48736 19.11824
6.69897 14.3800 0.101667 -1.46960 19.14577
6.69897 14.3800 0.101667 -1.45184 19.17723
6.69897 14.3800 0.101667 -1.43408 19.20788
6.69897 14.3800 0.101667 -1.41632 19.23567
6.69897 14.3800 0.101667 -1.39856 19.26620
6.69897 14.3800 0.101667 -1.38080 19.29915
6.69897 14.3800 0.101667 -1.36303 19.33016
6.69897 14.3800 0.101667 -1.34527 19.36031
6.69897 14.3800 0.101667 -1.32751 19.39162
6.69897 14.3800 0.101667 -1.30975 19.42178
6.69897 14.3800 0.101667 -1.29199 19.45084
6.69897 14.3800 0.101667 -1.27423 19.48099
6.69897 14.3800 0.101667 -1.25647 19.51098
6.69897 14.3800 0.101667 -1.23871 19.53972
6.69897 14.3800 0.101667 -1.22095 19.56896
6.69897 14.3800 0.101667 -1.20319 19.59968
6.69897 14.3800 0.101667 -1.18543 19.62949
6.69897 14.3800 0.101667 -1.16767 19.65848
6.69897 14.3800 0.101667 -1.14991 19.68733
6.69897 14.3800 0.101667 -1.13215 19.71588
6.69897 14.3800 0.101667 -1.11439 19.74478
6.69897 14.3800 0.101667 -1.09663 19.77330
6.69897 14.3800 0.101667 -1.07887 19.80138
6.69897 14.3800 0.101667 -1.06111 19.82992
6.69897 14.3800 0.101667 -1.04335 19.85785
6.69897 14.3800 0.101667 -1.02559 19.88480
6.69897 14.3800 0.101667 -1.00783 19.91149
6.69897 14.3800 0.101667 -0.99007 19.93793
6.69897 14.3800 0.101667 -0.97231 19.96327
6.69897 14.3800 0.101667 -0.95454 19.98798
6.69897 14.3800 0.101667 -0.93678 20.01179
6.69897 14.3800 0.101667 -0.91902 20.03463
6.69897 14.3800 0.101667 -0.90126 20.05634
6.69897 14.3800 0.101667 -0.88350 20.07594
6.69897 14.3800 0.101667 -0.86574 20.09462
6.69897 14.3800 0.101667 -0.84798 20.10950
6.69897 14.3800 0.101667 -0.83022 20.12230
6.69897 14.3800 0.101667 -0.81246 20.13109
6.69897 14.3800 0.101667 -0.79470 20.13391
6.69897 14.3800 0.101667 -0.77694 20.13344
6.69897 14.3800 0.101667 -0.75918 20.12136
6.69897 14.3800 0.101667 -0.74142 20.09786
6.69897 14.3800 0.101667 -0.72366 20.05047
6.69897 14.3800 0.101667 -0.70590 19.90788
6.69897 14.3800 0.101667 -0.68814 20.02190
6.69897 14.3800 0.101667 -0.67038 20.15232
6.69897 14.3800 0.101667 -0.65262 20.24189
6.69897 14.3800 0.101667 -0.63486 20.31463
6.69897 14.3800 0.101667 -0.61710 20.37802
6.69897 14.3800 0.101667 -0.59934 20.43442
6.69897 14.3800 0.101667 -0.58158 20.48533
6.69897 14.3800 0.101667 -0.56382 20.53241
6.69897 14.3800 0.101667 -0.54605 20.57607
6.69897 14.3800 0.101667 -0.52829 20.61723
6.69897 14.3800 0.101667 -0.51053 20.65622
6.69897 14.3800 0.101667 -0.49277 20.69343
6.69897 14.3800 0.101667 -0.47501 20.72908
6.69897 14.3800 0.101667 -0.45725 20.76331
6.69897 14.3800 0.101667 -0.43949 20.79636
6.69897 14.3800 0.101667 -0.42173 20.82839
6.69897 14.3800 0.101667 -0.40397 20.85935
6.69897 14.3800 0.101667 -0.38621 20.88938
6.69897 14.3800 0.101667 -0.36845 20.91856
6.69897 14.3800 0.101667 -0.35069 20.94694
6.69897 14.3800 0.101667 -0.33293 20.97451
6.69897 14.3800 0.101667 -0.31517 21.00127
6.69897 14.3800 0.101667 -0.29741 21.02735
6.69897 14.3800 0.101667 -0.27965 21.05255
6.69897 14.3800 0.101667 -0.26189 21.07714
6.69897 14.3800 0.101667 -0.24413 21.10082
6.69897 14.3800 0.101667 -0.22637 21.12377
6.69897 14.3800 0.101667 -0.20861 21.14607
6.69897 14.3800 0.101667 -0.19085 21.16732
6.69897 14.3800 0.101667 -0.17309 21.18807
6.69897 14.3800 0.101667 -0.15533 21.20768
6.69897 14.3800 0.101667 -0.13757 21.22661
6.69897 14.3800 0.101667 -0.11980 21.24470
6.69897 14.3800 0.101667 -0.10204 21.26165
6.69897 14.3800 0.101667 -0.08428 21.27815
6.69897 14.3800 0.101667 -0.06652 21.29304
6.69897 14.3800 0.101667 -0.04876 21.30734
6.69897 14.3800 0.101667 -0.03100 21.32052
6.69897 14.3800 0.101667 -0.01324 21.33247
6.69897 14.3800 0.101667 0.00452 21.34387
6.69897 14.3800 0.101667 0.02228 21.35327
6.69897 14.3800 0.101667 0.04004 21.36212
6.69897 14.3800 0.101667 0.05780 21.36943
6.69897 14.3800 0.101667 0.07556 21.37547
6.69897 14.3800 0.101667 0.09332 21.38063
6.69897 14.3800 0.101667 0.11108 21.38366
6.69897 14.3800 0.101667 0.12884 21.38601
6.69897 14.3800 0.101667 0.14660 21.38633
6.69897 14.3800 0.101667 0.16436 21.38538
6.69897 14.3800 0.101667 0.18212 21.38308
6.69897 14.3800 0.101667 0.19988 21.37864
6.69897 14.3800 0.101667 0.21764 21.37319
6.69897 14.3800 0.101667 0.23540 21.36535
6.69897 14.3800 0.101667 0.25316 21.35612
6.69897 14.3800 0.101667 0.27092 21.34505
6.69897 14.3800 0.101667 0.28869 21.33189
6.69897 14.3800 0.101667 0.30645 21.31718
6.69897 14.3800 0.101667 0.32421 21.30000
6.69897 14.3800 0.101667 0.34197 21.28108
6.69897 14.3800 0.101667 0.35973 21.25993
6.69897 14.3800 0.101667 0.37749 21.23671
6.69897 14.3800 0.101667 0.39525 21.21111
6.69897 14.3800 0.101667 0.41301 21.18356
6.69897 14.3800 0.101667 0.43077 21.15342
6.69897 14.3800 0.101667 0.44853 21.12108
6.69897 14.3800 0.101667 0.46629 21.08646
6.69897 14.3800 0.101667 0.48405 21.04865
6.69897 14.3800 0.101667 0.50181 21.00971
6.69897 14.3800 0.101667 0.51957 20.96684
6.69897 14.3800 0.101667 0.53733 20.92264
6.69897 14.3800 0.101667 0.55509 20.87543
6.69897 14.3800 0.101667 0.57285 20.82472
6.69897 14.3800 0.101667 0.59061 20.77361
6.69897 14.3800 0.101667 0.60837 20.71689
6.69897 14.3800 0.101667 0.62613 20.66101
6.69897 14.3800 0.101667 0.64389 20.60054
6.69897 14.3800 0.101667 0.66165 20.53724
6.69897 14.3800 0.101667 0.67941 20.47374
6.69897 14.3800 0.101667 0.69718 20.40272
6.69897 14.3800 0.101667 0.71494 20.33610
6.69897 14.3800 0.101667 0.73270 20.26202
6.69897 14.3800 0.101667 0.75046 20.18677
6.69897 14.3800 0.101667 0.76822 20.11004
6.69897 14.3800 0.101667 0.78598 20.02399
6.69897 14.3800 0.101667 0.80374 19.94476
6.69897 14.3800 0.101667 0.82150 19.85354
6.69897 14.3800 0.101667 0.83926 19.76259
6.69897 14.3800 0.101667 0.85702 19.66604
6.69897 14.3800 0.101667 0.87478 19.55769
6.69897 14.3800 0.101667 0.89254 19.45493
6.69897 14.3800 0.101667 0.91030 19.33198
6.69897 14.3800 0.101667 0.92806 19.21217
6.69897 14.3800 0.101667 0.94582 19.07754
6.69897 14.3800 0.101667 0.96358 18.92671
6.69897 14.3800 0.101667 0.98134 18.78133
6.69897 14.3800 0.101667 0.99910 18.59702
6.69897 14.3800 0.101667 1.01686 18.43215
6.69897 14.3800 0.101667 1.03462 18.22967
6.69897 14.3800 0.101667 1.05238 18.01413
6.69897 14.3800 0.101667 1.07014 17.80060
6.69897 14.3800 0.101667 1.08790 17.51308
6.69897 14.3800 0.101667 1.10567 17.29653
6.69897 14.3800 0.101667 1.12343 16.98587
6.69897 14.3800 0.101667 1.14119 16.69614
6.69897 14.3800 0.101667 1.15895 16.37908
6.69897 14.3800 0.101667 1.17671 15.95172
6.69897 14.3800 0.101667 1.19447 15.67822
6.69897 14.3800 0.101667 1.21223 15.20936
6.69897 14.3800 0.101667 1.22999 14.85757
6.69897 14.3800 0.101667 1.24775 14.38710
6.69897 14.3800 0.101667 1.26551 13.84824
6.69897 14.3800 0.101667 1.28327 13.45835
6.69897 14.3800 0.101667 1.30103 12.78260
6.69897 14.3800 0.237234 -1.52288 19.10890
6.69897 14.3800 0.237234 -1.50512 19.14825
6.69897 14.3800 0.237234 -1.48736 19.17901
6.69897 14.3800 0.237234 -1.46960 19.20392
6.69897 14.3800 0.237234 -1.45184 19.22772
6.69897 14.3800 0.237234 -1.43408 19.25290
6.69897 14.3800 0.237234 -1.41632 19.28533
6.69897 14.3800 0.237234 -1.39856 19.31702
6.69897 14.3800 0.237234 -1.38080 19.34804
6.69897 14.3800 0.237234 -1.36303 19.37752
6.69897 14.3800 0.237234 -1.34527 19.40654
6.69897 14.3800 0.237234 -1.32751 19.43856
6.69897 14.3800 0.237234 -1.30975 19.46938
6.69897 14.3800 0.237234 -1.29199 19.49908
6.69897 14.3800 0.237234 -1.27423 19.52783
6.69897 14.3800 0.237234 -1.25647 19.55594
6.69897 14.3800 0.237234 -1.23871 19.58670
6.69897 14.3800 0.237234 -1.22095 19.61605
6.69897 14.3800 0.237234 -1.20319 19.64367
6.69897 14.3800 0.237234 -1.18543 19.67216
6.69897 14.3800 0.237234 -1.16767 19.70074
6.69897 14.3800 0.237234 -1.14991 19.72931
6.69897 14.3800 0.237234 -1.13215 19.75759
6.69897 14.3800 0.237234 -1.11439 19.78619
6.69897 14.3800 0.237234 -1.09663 19.81525
6.69897 14.3800 0.237234 -1.07887 19.84442
6.69897 14.3800 0.237234 -1.06111 19.87139
6.69897 14.3800 0.237234 -1.04335 19.89802
6.69897 14.3800 0.237234 -1.02559 19.92583
6.69897 14.3800 0.237234 -1.00783 19.95293
6.69897 14.3800 0.237234 -0.99007 19.97938
6.69897 14.3800 0.237234 -0.97231 20.00552
6.69897 14.3800 0.237234 -0.95454 20.03120
6.69897 14.3800 0.237234 -0.93678 20.05618
6.69897 14.3800 0.237234 -0.91902 20.08033
6.69897 14.3800 0.237234 -0.90126 20.10353
6.69897 14.3800 0.237234 -0.88350 20.12517
6.69897 14.3800 0.237234 -0.86574 20.14604
6.69897 14.3800 0.237234 -0.84798 20.16379
6.69897 14.3800 0.237234 -0.83022 20.17960
6.69897 14.3800 0.237234 -0.81246 20.19180
6.69897 14.3800 0.237234 -0.79470 20.19774
6.69897 14.3800 0.237234 -0.77694 20.20034
6.69897 14.3800 0.237234 -0.75918 20.18976
6.69897 14.3800 0.237234 -0.74142 20.16562
6.69897 14.3800 0.237234 -0.72366 20.11343
6.69897 14.3800 0.237234 -0.70590 19.97421
6.69897 14.3800 0.237234 -0.68814 20.08259
6.69897 14.3800 0.237234 -0.67038 20.22070
6.69897 14.3800 0.237234 -0.65262 20.31522
6.69897 14.3800 0.237234 -0.63486 20.38899
6.69897 14.3800 0.237234 -0.61710 20.45190
6.69897 14.3800 0.237234 -0.59934 20.50690
6.69897 14.3800 0.237234 -0.58158 20.55575
6.69897 14.3800 0.237234 -0.56382 20.60086
6.69897 14.3800 0.237234 -0.54605 20.64253
6.69897 14.3800 0.237234 -0.52829 20.68193
6.69897 14.3800 0.237234 -0.51053 20.71933
6.69897 14.3800 0.237234 -0.49277 20.75524
6.69897 14.3800 0.237234 -0.47501 20.78976
6.69897 14.3800 0.237234 -0.45725 20.82319
6.69897 14.3800 0.237234 -0.43949 20.85560
6.69897 14.3800 0.237234 -0.42173 20.88719
6.69897 14.3800 0.237234 -0.40397 20.91797
6.69897 14.3800 0.237234 -0.38621 20.94794
6.69897 14.3800 0.237234 -0.36845 20.97724
6.69897 14.3800 0.237234 -0.35069 21.00580
6.69897 14.3800 0.237234 -0.33293 21.03366
6.69897 14.3800 0.237234 -0.31517 21.06091
6.69897 14.3800 0.237234 -0.29741 21.08759
6.69897 14.3800 0.237234 -0.27965 21.11351
6.69897 14.3800 0.237234 -0.26189 21.13887
6.69897 14.3800 0.237234 -0.24413 21.16354
6.69897 14.3800 0.237234 -0.22637 21.18758
6.69897 14.3800 0.237234 -0.20861 21.21103
6.69897 14.3800 0.237234 -0.19085 21.23364
6.69897 14.3800 0.237234 -0.17309 21.25577
6.69897 14.3800 0.237234 -0.15533 21.27693
6.69897 14.3800 0.237234 -0.13757 21.29749
6.69897 14.3800 0.237234 -0.11980 21.31736
6.69897 14.3800 0.237234 -0.10204 21.33625
6.69897 14.3800 0.237234 -0.08428 21.35473
6.69897 14.3800 0.237234 -0.06652 21.37190
6.69897 14.3800 0.237234 -0.04876 21.38855
6.69897 14.3800 0.237234 -0.03100 21.40427
6.69897 14.3800 0.237234 -0.01324 21.41893
6.69897 14.3800 0.237234 0.00452 21.43313
6.69897 14.3800 0.237234 0.02228 21.44567
6.69897 14.3800 0.237234 0.04004 21.45776
6.69897 14.3800 0.237234 0.05780 21.46856
6.69897 14.3800 0.237234 0.07556 21.47829
6.69897 14.3800 0.237234 0.09332 21.48730
6.69897 14.3800 0.237234 0.11108 21.49451
6.69897 14.3800 0.237234 0.12884 21.50118
6.69897 14.3800 0.237234 0.14660 21.50615
6.69897 14.3800 0.237234 0.16436 21.51006
6.69897 14.3800 0.237234 0.18212 21.51291
6.69897 14.3800 0.237234 0.19988 21.51388
6.69897 14.3800 0.237234 0.21764 21.51413
6.69897 14.3800 0.237234 0.23540 21.51226
6.69897 14.3800 0.237234 0.25316 21.50930
6.69897 14.3800 0.237234 0.27092 21.50484
6.69897 14.3800 0.237234 0.28869 21.49850
6.69897 14.3800 0.237234 0.30645 21.49110
6.69897 14.3800 0.237234 0.32421 21.48130
6.69897 14.3800 0.237234 0.34197 21.47024
6.69897 14.3800 0.237234 0.35973 21.45723
6.69897 14.3800 0.237234 0.37749 21.44234
6.69897 14.3800 0.237234 0.39525 21.42577
6.69897 14.3800 0.237234 0.41301 21.40690
6.69897 14.3800 0.237234 0.43077 21.38621
6.69897 14.3800 0.237234 0.44853 21.36331
6.69897 14.3800 0.237234 0.46629 21.33834
6.69897 14.3800 0.237234 0.48405 21.31089
6.69897 14.3800 0.237234 0.50181 21.28150
6.69897 14.3800 0.237234 0.51957 21.24924
6.69897 14.3800 0.237234 0.53733 21.21488
6.69897 14.3800 0.237234 0.55509 21.17780
6.69897 14.3800 0.237234 0.57285 21.13748
6.69897 14.3800 0.237234 0.59061 21.09549
6.69897 14.3800 0.237234 0.60837 21.04890
6.69897 14.3800 0.237234 0.62613 21.00111
6.69897 14.3800 0.237234 0.64389 20.94899
6.69897 14.3800 0.237234 0.66165 20.89317
6.69897 14.3800 0.237234 0.67941 20.83549
6.69897 14.3800 0.237234 0.69718 20.77047
6.69897 14.3800 0.237234 0.71494 20.70662
6.69897 14.3800 0.237234 0.73270 20.63503
6.69897 14.3800 0.237234 0.75046 20.56008
6.69897 14.3800 0.237234 0.76822 20.48197
6.69897 14.3800 0.237234 0.78598 20.39273
6.69897 14.3800 0.237234 0.80374 20.30853
6.69897 14.3800 0.237234 0.82150 20.21030
6.69897 14.3800 0.237234 0.83926 20.11102
6.69897 14.3800 0.237234 0.85702 20.00483
6.69897 14.3800 0.237234 0.87478 19.88423
6.69897 14.3800 0.237234 0.89254 19.77120
6.69897 14.3800 0.237234 0.91030 19.63418
6.69897 14.3800 0.237234 0.92806 19.50326
6.69897 14.3800 0.237234 0.94582 19.35575
6.69897 14.3800 0.237234 0.96358 19.19187
6.69897 14.3800 0.237234 0.98134 19.03680
6.69897 14.3800 0.237234 0.99910 18.83928
6.69897 14.3800 0.237234 1.01686 18.66748
6.69897 14.3800 0.237234 1.03462 18.45523
6.69897 14.3800 0.237234 1.05238 18.23249
6.69897 14.3800 0.237234 1.07014 18.01301
6.69897 14.3800 0.237234 1.08790 17.71795
6.69897 14.3800 0.237234 1.10567 17.49894
6.69897 14.3800 0.237234 1.12343 17.18318
6.69897 14.3800 0.237234 1.14119 16.89088
6.69897 14.3800 0.237234 1.15895 16.57066
6.69897 14.3800 0.237234 1.17671 16.13970
6.69897 14.3800 0.237234 1.19447 15.86506
6.69897 14.3800 0.237234 1.21223 15.39292
6.69897 14.3800 0.237234 1.22999 15.03981
6.69897 14.3800 0.237234 1.24775 14.56640
6.69897 14.3800 0.237234 1.26551 14.02478
6.69897 14.3800 0.237234 1.28327 13.63297
6.69897 14.3800 0.237234 1.30103 12.95289
6.69897 14.3800 0.408283 -1.52288 19.15768
6.69897 14.3800 0.408283 -1.50512 19.18663
6.69897 14.3800 0.408283 -1.48736 19.20992
6.69897 14.3800 0.408283 -1.46960 19.22923
6.69897 14.3800 0.408283 -1.45184 19.26983
6.69897 14.3800 0.408283 -1.43408 19.30771
6.69897 14.3800 0.408283 -1.41632 19.32901
6.69897 14.3800 0.408283 -1.39856 19.35459
6.69897 14.3800 0.408283 -1.38080 19.38412
6.69897 14.3800 0.408283 -1.36303 19.41329
6.69897 14.3800 0.408283 -1.34527 19.44206
6.69897 14.3800 0.408283 -1.32751 19.47190
6.69897 14.3800 0.408283 -1.30975 19.50107
6.69897 14.3800 0.408283 -1.29199 19.52968
6.69897 14.3800 0.408283 -1.27423 19.55764
6.69897 14.3800 0.408283 -1.25647 19.58510
6.69897 14.3800 0.408283 -1.23871 19.61521
6.69897 14.3800 0.408283 -1.22095 19.64512
6.69897 14.3800 0.408283 -1.20319 19.67537
6.69897 14.3800 0.408283 -1.18543 19.70464
6.69897 14.3800 0.408283 -1.16767 19.73308
6.69897 14.3800 0.408283 -1.14991 19.76148
6.69897 14.3800 0.408283 -1.13215 19.78905
6.69897 14.3800 0.408283 -1.11439 19.81552
6.69897 14.3800 0.408283 -1.09663 19.84401
6.69897 14.3800 0.408283 -1.07887 19.87363
6.69897 14.3800 0.408283 -1.06111 19.90094
6.69897 14.3800 0.408283 -1.04335 19.92762
6.69897 14.3800 0.408283 -1.02559 19.95441
6.69897 14.3800 0.408283 -1.00783 19.98111
6.69897 14.3800 0.408283 -0.99007 20.00773
6.69897 14.3800 0.408283 -0.97231 20.03344
6.69897 14.3800 0.408283 -0.95454 20.05858
6.69897 14.3800 0.408283 -0.93678 20.08316
6.69897 14.3800 0.408283 -0.91902 20.10728
6.69897 14.3800 0.408283 -0.90126 20.13098
6.69897 14.3800 0.408283 -0.88350 20.15336
6.69897 14.3800 0.408283 -0.86574 20.17506
6.69897 14.3800 0.408283 -0.84798 20.19402
6.69897 14.3800 0.408283 -0.83022 20.21133
6.69897 14.3800 0.408283 -0.81246 20.22565
6.69897 14.3800 0.408283 -0.79470 20.23401
6.69897 14.3800 0.408283 -0.77694 20.23926
6.69897 14.3800 0.408283 -0.75918 20.23103
6.69897 14.3800 0.408283 -0.74142 20.20841
6.69897 14.3800 0.408283 -0.72366 20.15481
6.69897 14.3800 0.408283 -0.70590 20.01411
6.69897 14.3800 0.408283 -0.68814 20.12206
6.69897 14.3800 0.408283 -0.67038 20.26462
6.69897 14.3800 0.408283 -0.65262 20.35997
6.69897 14.3800 0.408283 -0.63486 20.43219
6.69897 14.3800 0.408283 -0.61710 20.49332
6.69897 14.3800 0.408283 -0.59934 20.54641
6.69897 14.3800 0.408283 -0.58158 20.59347
6.69897 14.3800 0.408283 -0.56382 20.63701
6.69897 14.3800 0.408283 -0.54605 20.67729
6.69897 14.3800 0.408283 -0.52829 20.71560
6.69897 14.3800 0.408283 -0.51053 20.75218
6.69897 14.3800 0.408283 -0.49277 20.78752
6.69897 14.3800 0.408283 -0.47501 20.82163
6.69897 14.3800 0.408283 -0.45725 20.85502
6.69897 14.3800 0.408283 -0.43949 20.88742
6.69897 14.3800 0.408283 -0.42173 20.91901
6.69897 14.3800 0.408283 -0.40397 20.94989
6.69897 14.3800 0.408283 -0.38621 20.98001
6.69897 14.3800 0.408283 -0.36845 21.00956
6.69897 14.3800 0.408283 -0.35069 21.03842
6.69897 14.3800 0.408283 -0.33293 21.06670
6.69897 14.3800 0.408283 -0.31517 21.09442
6.69897 14.3800 0.408283 -0.29741 21.12159
6.69897 14.3800 0.408283 -0.27965 21.14805
6.69897 14.3800 0.408283 -0.26189 21.17396
6.69897 14.3800 0.408283 -0.24413 21.19928
6.69897 14.3800 0.408283 -0.22637 21.22399
6.69897 14.3800 0.408283 -0.20861 21.24814
6.69897 14.3800 0.408283 -0.19085 21.27154
6.69897 14.3800 0.408283 -0.17309 21.29447
6.69897 14.3800 0.408283 -0.15533 21.31653
6.69897 14.3800 0.408283 -0.13757 21.33805
6.69897 14.3800 0.408283 -0.11980 21.35897
6.69897 14.3800 0.408283 -0.10204 21.37896
6.69897 14.3800 0.408283 -0.08428 21.39853
6.69897 14.3800 0.408283 -0.06652 21.41695
6.69897 14.3800 0.408283 -0.04876 21.43488
6.69897 14.3800 0.408283 -0.03100 21.45195
6.69897 14.3800 0.408283 -0.01324 21.46809
6.69897 14.3800 0.408283 0.00452 21.48382
6.69897 14.3800 0.408283 0.02228 21.49807
6.69897 14.3800 0.408283 0.04004 21.51188
6.69897 14.3800 0.408283 0.05780 21.52452
6.69897 14.3800 0.408283 0.07556 21.53620
6.69897 14.3800 0.408283 0.09332 21.54727
6.69897 14.3800 0.408283 0.11108 21.55671
6.69897 14.3800 0.408283 0.12884 21.56567
6.69897 14.3800 0.408283 0.14660 21.57308
6.69897 14.3800 0.408283 0.16436 21.57955
6.69897 14.3800 0.408283 0.18212 21.58509
6.69897 14.3800 0.408283 0.19988 21.58889
6.69897 14.3800 0.408283 0.21764 21.59210
6.69897 14.3800 0.408283 0.23540 21.59335
6.69897 14.3800 0.408283 0.25316 21.59365
6.69897 14.3800 0.408283 0.27092 21.59259
6.69897 14.3800 0.408283 0.28869 21.58979
6.69897 14.3800 0.408283 0.30645 21.58613
6.69897 14.3800 0.408283 0.32421 21.58016
6.69897 14.3800 0.408283 0.34197 21.57313
6.69897 14.3800 0.408283 0.35973 21.56433
6.69897 14.3800 0.408283 0.37749 21.55375
6.69897 14.3800 0.408283 0.39525 21.54181
6.69897 14.3800 0.408283 0.41301 21.52752
6.69897 14.3800 0.408283 0.43077 21.51175
6.69897 14.3800 0.408283 0.44853 21.49386
6.69897 14.3800 0.408283 0.46629 21.47404
6.69897 14.3800 0.408283 0.48405 21.45211
6.69897 14.3800 0.408283 0.50181 21.42805
6.69897 14.3800 0.408283 0.51957 21.40165
6.69897 14.3800 0.408283 0.53733 21.37301
6.69897 14.3800 0.408283 0.55509 21.34192
6.69897 14.3800 0.408283 0.57285 21.30795
6.69897 14.3800 0.408283 0.59061 21.27197
6.69897 14.3800 0.408283 0.60837 21.23217
6.69897 14.3800 0.408283 0.62613 21.19057
6.69897 14.3800 0.408283 0.64389 21.14518
6.69897 14.3800 0.408283 0.66165 21.09621
6.69897 14.3800 0.408283 0.67941 21.04500
6.69897 14.3800 0.408283 0.69718 20.98745
6.69897 14.3800 0.408283 0.71494 20.92974
6.69897 14.3800 0.408283 0.73270 20.86522
6.69897 14.3800 0.408283 0.75046 20.79693
6.69897 14.3800 0.408283 0.76822 20.72517
6.69897 14.3800 0.408283 0.78598 20.64324
6.69897 14.3800 0.408283 0.80374 20.56427
6.69897 14.3800 0.408283 0.82150 20.47252
6.69897 14.3800 0.408283 0.83926 20.37849
6.69897 14.3800 0.408283 0.85702 20.27745
6.69897 14.3800 0.408283 0.87478 20.16222
6.69897 14.3800 0.408283 0.89254 20.05264
6.69897 14.3800 0.408283 0.91030 19.91996
6.69897 14.3800 0.408283 0.92806 19.79155
6.69897 14.3800 0.408283 0.94582 19.64669
6.69897 14.3800 0.408283 0.96358 19.48476
6.69897 14.3800 0.408283 0.98134 19.33068
6.69897 14.3800 0.408283 0.99910 19.13403
6.69897 14.3800 0.408283 1.01686 18.96209
6.69897 14.3800 0.408283 1.03462 18.74945
6.69897 14.3800 0.408283 1.05238 18.52572
6.69897 14.3800 0.408283 1.07014 18.30511
6.69897 14.3800 0.408283 1.08790 18.00786
6.69897 14.3800 0.408283 1.10567 17.78766
6.69897 14.3800 0.408283 1.12343 17.46927
6.69897 14.3800 0.408283 1.14119 17.17502
6.69897 14.3800 0.408283 1.15895 16.85219
6.69897 14.3800 0.408283 1.17671 16.41732
6.69897 14.3800 0.408283 1.19447 16.14115
6.69897 14.3800 0.408283 1.21223 15.66434
6.69897 14.3800 0.408283 1.22999 15.30902
6.69897 14.3800 0.408283 1.24775 14.83052
6.69897 14.3800 0.408283 1.26551 14.28347
6.69897 14.3800 0.408283 1.28327 13.88774
6.69897 14.3800 0.408283 1.30103 13.19783
6.69897 14.3800 0.591717 -1.52288 19.20149
6.69897 14.3800 0.591717 -1.50512 19.20690
6.69897 14.3800 0.591717 -1.48736 19.23317
6.69897 14.3800 0.591717 -1.46960 19.27351
6.69897 14.3800 0.591717 -1.45184 19.29498
6.69897 14.3800 0.591717 -1.43408 19.31899
6.69897 14.3800 0.591717 -1.41632 19.36394
6.69897 14.3800 0.591717 -1.39856 19.39383
6.69897 14.3800 0.591717 -1.38080 19.41025
6.69897 14.3800 0.591717 -1.36303 19.44552
6.69897 14.3800 0.591717 -1.34527 19.48181
6.69897 14.3800 0.591717 -1.32751 19.50096
6.69897 14.3800 0.591717 -1.30975 19.52345
6.69897 14.3800 0.591717 -1.29199 19.55030
6.69897 14.3800 0.591717 -1.27423 19.57761
6.69897 14.3800 0.591717 -1.25647 19.60500
6.69897 14.3800 0.591717 -1.23871 19.64031
6.69897 14.3800 0.591717 -1.22095 19.67131
6.69897 14.3800 0.591717 -1.20319 19.69586
6.69897 14.3800 0.591717 -1.18543 19.72528
6.69897 14.3800 0.591717 -1.16767 19.75666
6.69897 14.3800 0.591717 -1.14991 19.78295
6.69897 14.3800 0.591717 -1.13215 19.80907
6.69897 14.3800 0.591717 -1.11439 19.83611
6.69897 14.3800 0.591717 -1.09663 19.86414
6.69897 14.3800 0.591717 -1.07887 19.89264
6.69897 14.3800 0.591717 -1.06111 19.92026
6.69897 14.3800 0.591717 -1.04335 19.94706
6.69897 14.3800 0.591717 -1.02559 19.97251
6.69897 14.3800 0.591717 -1.00783 19.99922
6.69897 14.3800 0.591717 -0.99007 20.02707
6.69897 14.3800 0.591717 -0.97231 20.05242
6.69897 14.3800 0.591717 -0.95454 20.07698
6.69897 14.3800 0.591717 -0.93678 20.10179
6.69897 14.3800 0.591717 -0.91902 20.12561
6.69897 14.3800 0.591717 -0.90126 20.14829
6.69897 14.3800 0.591717 -0.88350 20.17060
6.69897 14.3800 0.591717 -0.86574 20.19255
6.69897 14.3800 0.591717 -0.84798 20.21200
6.69897 14.3800 0.591717 -0.83022 20.22991
6.69897 14.3800 0.591717 -0.81246 20.24506
6.69897 14.3800 0.591717 -0.79470 20.25456
6.69897 14.3800 0.591717 -0.77694 20.26113
6.69897 14.3800 0.591717 -0.75918 20.25467
6.69897 14.3800 0.591717 -0.74142 20.23353
6.69897 14.3800 0.591717 -0.72366 20.18042
6.69897 14.3800 0.591717 -0.70590 20.04037
6.69897 14.3800 0.591717 -0.68814 20.14773
6.69897 14.3800 0.591717 -0.67038 20.29049
6.69897 14.3800 0.591717 -0.65262 20.38471
6.69897 14.3800 0.591717 -0.63486 20.45524
6.69897 14.3800 0.591717 -0.61710 20.51479
6.69897 14.3800 0.591717 -0.59934 20.56643
6.69897 14.3800 0.591717 -0.58158 20.61241
6.69897 14.3800 0.591717 -0.56382 20.65508
6.69897 14.3800 0.591717 -0.54605 20.69475
6.69897 14.3800 0.591717 -0.52829 20.73252
6.69897 14.3800 0.591717 -0.51053 20.76865
6.69897 14.3800 0.591717 -0.49277 20.80354
6.69897 14.3800 0.591717 -0.47501 20.83724
6.69897 14.3800 0.591717 -0.45725 20.87050
6.69897 14.3800 0.591717 -0.43949 20.90275
6.69897 14.3800 0.591717 -0.42173 20.93419
6.69897 14.3800 0.591717 -0.40397 20.96498
6.69897 14.3800 0.591717 -0.38621 20.99504
6.69897 14.3800 0.591717 -0.36845 21.02455
6.69897 14.3800 0.591717 -0.35069 21.05337
6.69897 14.3800 0.591717 -0.33293 21.08163
6.69897 14.3800 0.591717 -0.31517 21.10930
6.69897 14.3800 0.591717 -0.29741 21.13642
6.69897 14.3800 0.591717 -0.27965 21.16293
6.69897 14.3800 0.591717 -0.26189 21.18889
6.69897 14.3800 0.591717 -0.24413 21.21422
6.69897 14.3800 0.591717 -0.22637 21.23896
6.69897 14.3800 0.591717 -0.20861 21.26316
6.69897 14.3800 0.591717 -0.19085 21.28661
6.69897 14.3800 0.591717 -0.17309 21.30960
6.69897 14.3800 0.591717 -0.15533 21.33181
6.69897 14.3800 0.591717 -0.13757 21.35347
6.69897 14.3800 0.591717 -0.11980 21.37448
6.69897 14.3800 0.591717 -0.10204 21.39460
6.69897 14.3800 0.591717 -0.08428 21.41431
6.69897 14.3800 0.591717 -0.06652 21.43297
6.69897 14.3800 0.591717 -0.04876 21.45114
6.69897 14.3800 0.591717 -0.03100 21.46847
6.69897 14.3800 0.591717 -0.01324 21.48490
6.69897 14.3800 0.591717 0.00452 21.50091
6.69897 14.3800 0.591717 0.02228 21.51551
6.69897 14.3800 0.591717 0.04004 21.52970
6.69897 14.3800 0.591717 0.05780 21.54277
6.69897 14.3800 0.591717 0.07556 21.55494
6.69897 14.3800 0.591717 0.09332 21.56650
6.69897 14.3800 0.591717 0.11108 21.57647
6.69897 14.3800 0.591717 0.12884 21.58599
6.69897 14.3800 0.591717 0.14660 21.59403
6.69897 14.3800 0.591717 0.16436 21.60116
6.69897 14.3800 0.591717 0.18212 21.60739
6.69897 14.3800 0.591717 0.19988 21.61195
6.69897 14.3800 0.591717 0.21764 21.61594
6.69897 14.3800 0.591717 0.23540 21.61804
6.69897 14.3800 0.591717 0.25316 21.61922
6.69897 14.3800 0.591717 0.27092 21.61910
6.69897 14.3800 0.591717 0.28869 21.61727
6.69897 14.3800 0.591717 0.30645 21.61464
6.69897 14.3800 0.591717 0.32421 21.60973
6.69897 14.3800 0.591717 0.34197 21.60382
6.69897 14.3800 0.591717 0.35973 21.59617
6.69897 14.3800 0.591717 0.37749 21.58679
6.69897 14.3800 0.591717 0.39525 21.57612
6.69897 14.3800 0.591717 0.41301 21.56309
6.69897 14.3800 0.591717 0.43077 21.54868
6.69897 14.3800 0.591717 0.44853 21.53217
6.69897 14.3800 0.591717 0.46629 21.51378
6.69897 14.3800 0.591717 0.48405 21.49338
6.69897 14.3800 0.591717 0.50181 21.47080
6.69897 14.3800 0.591717 0.51957 21.44602
6.69897 14.3800 0.591717 0.53733 21.41896
6.69897 14.3800 0.591717 0.55509 21.38953
6.69897 14.3800 0.591717 0.57285 21.35730
6.69897 14.3800 0.591717 0.59061 21.32300
6.69897 14.3800 0.591717 0.60837 21.28508
6.69897 14.3800 0.591717 0.62613 21.24521
6.69897 14.3800 0.591717 0.64389 21.20170
6.69897 14.3800 0.591717 0.66165 21.15466
6.69897 14.3800 0.591717 0.67941 21.10528
6.69897 14.3800 0.591717 0.69718 21.04985
6.69897 14.3800 0.591717 0.71494 20.99392
6.69897 14.3800 0.591717 0.73270 20.93144
6.69897 14.3800 0.591717 0.75046 20.86513
6.69897 14.3800 0.591717 0.76822 20.79529
6.69897 14.3800 0.591717 0.78598 20.71559
6.69897 14.3800 0.591717 0.80374 20.63830
6.69897 14.3800 0.591717 0.82150 20.54865
6.69897 14.3800 0.591717 0.83926 20.45642
6.69897 14.3800 0.591717 0.85702 20.35720
6.69897 14.3800 0.591717 0.87478 20.24398
6.69897 14.3800 0.591717 0.89254 20.13583
6.69897 14.3800 0.591717 0.91030 20.00504
6.69897 14.3800 0.591717 0.92806 19.87794
6.69897 14.3800 0.591717 0.94582 19.73456
6.69897 14.3800 0.591717 0.96358 19.57402
6.69897 14.3800 0.591717 0.98134 19.42091
6.69897 14.3800 0.591717 0.99910 19.22556
6.69897 14.3800 0.591717 1.01686 19.05423
6.69897 14.3800 0.591717 1.03462 18.84245
6.69897 14.3800 0.591717 1.05238 18.61930
6.69897 14.3800 0.591717 1.07014 18.39913
6.69897 14.3800 0.591717 1.08790 18.10238
6.69897 14.3800 0.591717 1.10567 17.88229
6.69897 14.3800 0.591717 1.12343 17.56413
6.69897 14.3800 0.591717 1.14119 17.26992
6.69897 14.3800 0.591717 1.15895 16.94714
6.69897 14.3800 0.591717 1.17671 16.51220
6.69897 14.3800 0.591717 1.19447 16.23598
6.69897 14.3800 0.591717 1.21223 15.75895
6.69897 14.3800 0.591717 1.22999 15.40347
6.69897 14.3800 0.591717 1.24775 14.92456
6.69897 14.3800 0.591717 1.26551 14.37691
6.69897 14.3800 0.591717 1.28327 13.98068
6.69897 14.3800 0.591717 1.30103 13.28920
6.69897 14.3800 0.762766 -1.52288 19.22100
6.69897 14.3800 0.762766 -1.50512 19.21443
6.69897 14.3800 0.762766 -1.48736 19.25125
6.69897 14.3800 0.762766 -1.46960 19.31544
6.69897 14.3800 0.762766 -1.45184 19.33935
6.69897 14.3800 0.762766 -1.43408 19.35633
6.69897 14.3800 0.762766 -1.41632 19.36584
6.69897 14.3800 0.762766 -1.39856 19.39637
6.69897 14.3800 0.762766 -1.38080 19.44568
6.69897 14.3800 0.762766 -1.36303 19.46781
6.69897 14.3800 0.762766 -1.34527 19.48504
6.69897 14.3800 0.762766 -1.32751 19.51315
6.69897 14.3800 0.762766 -1.30975 19.54328
6.69897 14.3800 0.762766 -1.29199 19.57614
6.69897 14.3800 0.762766 -1.27423 19.60336
6.69897 14.3800 0.762766 -1.25647 19.62838
6.69897 14.3800 0.762766 -1.23871 19.65467
6.69897 14.3800 0.762766 -1.22095 19.68336
6.69897 14.3800 0.762766 -1.20319 19.71670
6.69897 14.3800 0.762766 -1.18543 19.74552
6.69897 14.3800 0.762766 -1.16767 19.77186
6.69897 14.3800 0.762766 -1.14991 19.79519
6.69897 14.3800 0.762766 -1.13215 19.82020
6.69897 14.3800 0.762766 -1.11439 19.85040
6.69897 14.3800 0.762766 -1.09663 19.87971
6.69897 14.3800 0.762766 -1.07887 19.90823
6.69897 14.3800 0.762766 -1.06111 19.93241
6.69897 14.3800 0.762766 -1.04335 19.95651
6.69897 14.3800 0.762766 -1.02559 19.98339
6.69897 14.3800 0.762766 -1.00783 20.00970
6.69897 14.3800 0.762766 -0.99007 20.03548
6.69897 14.3800 0.762766 -0.97231 20.06071
6.69897 14.3800 0.762766 -0.95454 20.08550
6.69897 14.3800 0.762766 -0.93678 20.10997
6.69897 14.3800 0.762766 -0.91902 20.13393
6.69897 14.3800 0.762766 -0.90126 20.15736
6.69897 14.3800 0.762766 -0.88350 20.17955
6.69897 14.3800 0.762766 -0.86574 20.20110
6.69897 14.3800 0.762766 -0.84798 20.22022
6.69897 14.3800 0.762766 -0.83022 20.23793
6.69897 14.3800 0.762766 -0.81246 20.25312
6.69897 14.3800 0.762766 -0.79470 20.26269
6.69897 14.3800 0.762766 -0.77694 20.26936
6.69897 14.3800 0.762766 -0.75918 20.26313
6.69897 14.3800 0.762766 -0.74142 20.24258
6.69897 14.3800 0.762766 -0.72366 20.19119
6.69897 14.3800 0.762766 -0.70590 20.05705
6.69897 14.3800 0.762766 -0.68814 20.16144
6.69897 14.3800 0.762766 -0.67038 20.29946
6.69897 14.3800 0.762766 -0.65262 20.39140
6.69897 14.3800 0.762766 -0.63486 20.46065
6.69897 14.3800 0.762766 -0.61710 20.51936
6.69897 14.3800 0.762766 -0.59934 20.57038
6.69897 14.3800 0.762766 -0.58158 20.61581
6.69897 14.3800 0.762766 -0.56382 20.65800
6.69897 14.3800 0.762766 -0.54605 20.69727
6.69897 14.3800 0.762766 -0.52829 20.73469
6.69897 14.3800 0.762766 -0.51053 20.77050
6.69897 14.3800 0.762766 -0.49277 20.80510
6.69897 14.3800 0.762766 -0.47501 20.83850
6.69897 14.3800 0.762766 -0.45725 20.87114
6.69897 14.3800 0.762766 -0.43949 20.90282
6.69897 14.3800 0.762766 -0.42173 20.93371
6.69897 14.3800 0.762766 -0.40397 20.96395
6.69897 14.3800 0.762766 -0.38621 20.99348
6.69897 14.3800 0.762766 -0.36845 21.02247
6.69897 14.3800 0.762766 -0.35069 21.05077
6.69897 14.3800 0.762766 -0.33293 21.07843
6.69897 14.3800 0.762766 -0.31517 21.10548
6.69897 14.3800 0.762766 -0.29741 21.13197
6.69897 14.3800 0.762766 -0.27965 21.15775
6.69897 14.3800 0.762766 -0.26189 21.18300
6.69897 14.3800 0.762766 -0.24413 21.20760
6.69897 14.3800 0.762766 -0.22637 21.23160
6.69897 14.3800 0.762766 -0.20861 21.25505
6.69897 14.3800 0.762766 -0.19085 21.27775
6.69897 14.3800 0.762766 -0.17309 21.30000
6.69897 14.3800 0.762766 -0.15533 21.32128
6.69897 14.3800 0.762766 -0.13757 21.34204
6.69897 14.3800 0.762766 -0.11980 21.36218
6.69897 14.3800 0.762766 -0.10204 21.38144
6.69897 14.3800 0.762766 -0.08428 21.40030
6.69897 14.3800 0.762766 -0.06652 21.41797
6.69897 14.3800 0.762766 -0.04876 21.43516
6.69897 14.3800 0.762766 -0.03100 21.45148
6.69897 14.3800 0.762766 -0.01324 21.46691
6.69897 14.3800 0.762766 0.00452 21.48192
6.69897 14.3800 0.762766 0.02228 21.49544
6.69897 14.3800 0.762766 0.04004 21.50854
6.69897 14.3800 0.762766 0.05780 21.52051
6.69897 14.3800 0.762766 0.07556 21.53153
6.69897 14.3800 0.762766 0.09332 21.54195
6.69897 14.3800 0.762766 0.11108 21.55069
6.69897 14.3800 0.762766 0.12884 21.55897
6.69897 14.3800 0.762766 0.14660 21.56574
6.69897 14.3800 0.762766 0.16436 21.57156
6.69897 14.3800 0.762766 0.18212 21.57643
6.69897 14.3800 0.762766 0.19988 21.57958
6.69897 14.3800 0.762766 0.21764 21.58212
6.69897 14.3800 0.762766 0.23540 21.58269
6.69897 14.3800 0.762766 0.25316 21.58229
6.69897 14.3800 0.762766 0.27092 21.58053
6.69897 14.3800 0.762766 0.28869 21.57703
6.69897 14.3800 0.762766 0.30645 21.57264
6.69897 14.3800 0.762766 0.32421 21.56593
6.69897 14.3800 0.762766 0.34197 21.55813
6.69897 14.3800 0.762766 0.35973 21.54853
6.69897 14.3800 0.762766 0.37749 21.53713
6.69897 14.3800 0.762766 0.39525 21.52432
6.69897 14.3800 0.762766 0.41301 21.50915
6.69897 14.3800 0.762766 0.43077 21.49245
6.69897 14.3800 0.762766 0.44853 21.47358
6.69897 14.3800 0.762766 0.46629 21.45275
6.69897 14.3800 0.762766 0.48405 21.42972
6.69897 14.3800 0.762766 0.50181 21.40457
6.69897 14.3800 0.762766 0.51957 21.37695
6.69897 14.3800 0.762766 0.53733 21.34706
6.69897 14.3800 0.762766 0.55509 21.31463
6.69897 14.3800 0.762766 0.57285 21.27919
6.69897 14.3800 0.762766 0.59061 21.24174
6.69897 14.3800 0.762766 0.60837 21.20024
6.69897 14.3800 0.762766 0.62613 21.15696
6.69897 14.3800 0.762766 0.64389 21.10968
6.69897 14.3800 0.762766 0.66165 21.05866
6.69897 14.3800 0.762766 0.67941 21.00534
6.69897 14.3800 0.762766 0.69718 20.94527
6.69897 14.3800 0.762766 0.71494 20.88519
6.69897 14.3800 0.762766 0.73270 20.81783
6.69897 14.3800 0.762766 0.75046 20.74653
6.69897 14.3800 0.762766 0.76822 20.67162
6.69897 14.3800 0.762766 0.78598 20.58577
6.69897 14.3800 0.762766 0.80374 20.50338
6.69897 14.3800 0.762766 0.82150 20.40718
6.69897 14.3800 0.762766 0.83926 20.30876
6.69897 14.3800 0.762766 0.85702 20.20286
6.69897 14.3800 0.762766 0.87478 20.08168
6.69897 14.3800 0.762766 0.89254 19.96709
6.69897 14.3800 0.762766 0.91030 19.82737
6.69897 14.3800 0.762766 0.92806 19.69299
6.69897 14.3800 0.762766 0.94582 19.54077
6.69897 14.3800 0.762766 0.96358 19.37058
6.69897 14.3800 0.762766 0.98134 19.20956
6.69897 14.3800 0.762766 0.99910 19.00245
6.69897 14.3800 0.762766 1.01686 18.82378
6.69897 14.3800 0.762766 1.03462 18.60093
6.69897 14.3800 0.762766 1.05238 18.36796
6.69897 14.3800 0.762766 1.07014 18.13876
6.69897 14.3800 0.762766 1.08790 17.82853
6.69897 14.3800 0.762766 1.10567 17.60306
6.69897 14.3800 0.762766 1.12343 17.27321
6.69897 14.3800 0.762766 1.14119 16.97227
6.69897 14.3800 0.762766 1.15895 16.64101
6.69897 14.3800 0.762766 1.17671 16.19633
6.69897 14.3800 0.762766 1.19447 15.91762
6.69897 14.3800 0.762766 1.21223 15.43394
6.69897 14.3800 0.762766 1.22999 15.07739
6.69897 14.3800 0.762766 1.24775 14.59653
6.69897 14.3800 0.762766 1.26551 14.05081
6.69897 14.3800 0.762766 1.28327 13.65685
6.69897 14.3800 0.762766 1.30103 12.97536
6.69897 14.3800 0.898333 -1.52288 19.20024
6.69897 14.3800 0.898333 -1.50512 19.20466
6.69897 14.3800 0.898333 -1.48736 19.25195
6.69897 14.3800 0.898333 -1.46960 19.32397
6.69897 14.3800 0.898333 -1.45184 19.33703
6.69897 14.3800 0.898333 -1.43408 19.34888
6.69897 14.3800 0.898333 -1.41632 19.38788
6.69897 14.3800 0.898333 -1.39856 19.42135
6.69897 14.3800 0.898333 -1.38080 19.44995
6.69897 14.3800 0.898333 -1.36303 19.47990
6.69897 14.3800 0.898333 -1.34527 19.50822
6.69897 14.3800 0.898333 -1.32751 19.52518
6.69897 14.3800 0.898333 -1.30975 19.54795
6.69897 14.3800 0.898333 -1.29199 19.57825
6.69897 14.3800 0.898333 -1.27423 19.60717
6.69897 14.3800 0.898333 -1.25647 19.63506
6.69897 14.3800 0.898333 -1.23871 19.65880
6.69897 14.3800 0.898333 -1.22095 19.68465
6.69897 14.3800 0.898333 -1.20319 19.71456
6.69897 14.3800 0.898333 -1.18543 19.74409
6.69897 14.3800 0.898333 -1.16767 19.77309
6.69897 14.3800 0.898333 -1.14991 19.80097
6.69897 14.3800 0.898333 -1.13215 19.82798
6.69897 14.3800 0.898333 -1.11439 19.85378
6.69897 14.3800 0.898333 -1.09663 19.88015
6.69897 14.3800 0.898333 -1.07887 19.90676
6.69897 14.3800 0.898333 -1.06111 19.93008
6.69897 14.3800 0.898333 -1.04335 19.95377
6.69897 14.3800 0.898333 -1.02559 19.98150
6.69897 14.3800 0.898333 -1.00783 20.00786
6.69897 14.3800 0.898333 -0.99007 20.03297
6.69897 14.3800 0.898333 -0.97231 20.05874
6.69897 14.3800 0.898333 -0.95454 20.08414
6.69897 14.3800 0.898333 -0.93678 20.10777
6.69897 14.3800 0.898333 -0.91902 20.13119
6.69897 14.3800 0.898333 -0.90126 20.15445
6.69897 14.3800 0.898333 -0.88350 20.17604
6.69897 14.3800 0.898333 -0.86574 20.19687
6.69897 14.3800 0.898333 -0.84798 20.21551
6.69897 14.3800 0.898333 -0.83022 20.23248
6.69897 14.3800 0.898333 -0.81246 20.24638
6.69897 14.3800 0.898333 -0.79470 20.25438
6.69897 14.3800 0.898333 -0.77694 20.25929
6.69897 14.3800 0.898333 -0.75918 20.25182
6.69897 14.3800 0.898333 -0.74142 20.23148
6.69897 14.3800 0.898333 -0.72366 20.18514
6.69897 14.3800 0.898333 -0.70590 20.06677
6.69897 14.3800 0.898333 -0.68814 20.16389
6.69897 14.3800 0.898333 -0.67038 20.28907
6.69897 14.3800 0.898333 -0.65262 20.37590
6.69897 14.3800 0.898333 -0.63486 20.44367
6.69897 14.3800 0.898333 -0.61710 20.50190
6.69897 14.3800 0.898333 -0.59934 20.55308
6.69897 14.3800 0.898333 -0.58158 20.59877
6.69897 14.3800 0.898333 -0.56382 20.64120
6.69897 14.3800 0.898333 -0.54605 20.68057
6.69897 14.3800 0.898333 -0.52829 20.71794
6.69897 14.3800 0.898333 -0.51053 20.75350
6.69897 14.3800 0.898333 -0.49277 20.78776
6.69897 14.3800 0.898333 -0.47501 20.82081
6.69897 14.3800 0.898333 -0.45725 20.85274
6.69897 14.3800 0.898333 -0.43949 20.88373
6.69897 14.3800 0.898333 -0.42173 20.91391
6.69897 14.3800 0.898333 -0.40397 20.94326
6.69897 14.3800 0.898333 -0.38621 20.97185
6.69897 14.3800 0.898333 -0.36845 20.99962
6.69897 14.3800 0.898333 -0.35069 21.02674
6.69897 14.3800 0.898333 -0.33293 21.05319
6.69897 14.3800 0.898333 -0.31517 21.07890
6.69897 14.3800 0.898333 -0.29741 21.10400
6.69897 14.3800 0.898333 -0.27965 21.12834
6.69897 14.3800 0.898333 -0.26189 21.15215
6.69897 14.3800 0.898333 -0.24413 21.17510
6.69897 14.3800 0.898333 -0.22637 21.19740
6.69897 14.3800 0.898333 -0.20861 21.21911
6.69897 14.3800 0.898333 -0.19085 21.23989
6.69897 14.3800 0.898333 -0.17309 21.26024
6.69897 14.3800 0.898333 -0.15533 21.27954
6.69897 14.3800 0.898333 -0.13757 21.29827
6.69897 14.3800 0.898333 -0.11980 21.31627
6.69897 14.3800 0.898333 -0.10204 21.33327
6.69897 14.3800 0.898333 -0.08428 21.34988
6.69897 14.3800 0.898333 -0.06652 21.36510
6.69897 14.3800 0.898333 -0.04876 21.37982
6.69897 14.3800 0.898333 -0.03100 21.39358
6.69897 14.3800 0.898333 -0.01324 21.40629
6.69897 14.3800 0.898333 0.00452 21.41855
6.69897 14.3800 0.898333 0.02228 21.42909
6.69897 14.3800 0.898333 0.04004 21.43918
6.69897 14.3800 0.898333 0.05780 21.44797
6.69897 14.3800 0.898333 0.07556 21.45568
6.69897 14.3800 0.898333 0.09332 21.46264
6.69897 14.3800 0.898333 0.11108 21.46776
6.69897 14.3800 0.898333 0.12884 21.47232
6.69897 14.3800 0.898333 0.14660 21.47515
6.69897 14.3800 0.898333 0.16436 21.47687
6.69897 14.3800 0.898333 0.18212 21.47746
6.69897 14.3800 0.898333 0.19988 21.47614
6.69897 14.3800 0.898333 0.21764 21.47402
6.69897 14.3800 0.898333 0.23540 21.46973
6.69897 14.3800 0.898333 0.25316 21.46426
6.69897 14.3800 0.898333 0.27092 21.45718
6.69897 14.3800 0.898333 0.28869 21.44818
6.69897 14.3800 0.898333 0.30645 21.43796
6.69897 14.3800 0.898333 0.32421 21.42530
6.69897 14.3800 0.898333 0.34197 21.41121
6.69897 14.3800 0.898333 0.35973 21.39506
6.69897 14.3800 0.898333 0.37749 21.37692
6.69897 14.3800 0.898333 0.39525 21.35683
6.69897 14.3800 0.898333 0.41301 21.33448
6.69897 14.3800 0.898333 0.43077 21.30998
6.69897 14.3800 0.898333 0.44853 21.28317
6.69897 14.3800 0.898333 0.46629 21.25409
6.69897 14.3800 0.898333 0.48405 21.22214
6.69897 14.3800 0.898333 0.50181 21.18831
6.69897 14.3800 0.898333 0.51957 21.15103
6.69897 14.3800 0.898333 0.53733 21.11163
6.69897 14.3800 0.898333 0.55509 21.06909
6.69897 14.3800 0.898333 0.57285 21.02279
6.69897 14.3800 0.898333 0.59061 20.97485
6.69897 14.3800 0.898333 0.60837 20.92129
6.69897 14.3800 0.898333 0.62613 20.86676
6.69897 14.3800 0.898333 0.64389 20.80696
6.69897 14.3800 0.898333 0.66165 20.74283
6.69897 14.3800 0.898333 0.67941 20.67673
6.69897 14.3800 0.898333 0.69718 20.60138
6.69897 14.3800 0.898333 0.71494 20.52820
6.69897 14.3800 0.898333 0.73270 20.44516
6.69897 14.3800 0.898333 0.75046 20.35828
6.69897 14.3800 0.898333 0.76822 20.26771
6.69897 14.3800 0.898333 0.78598 20.16275
6.69897 14.3800 0.898333 0.80374 20.06549
6.69897 14.3800 0.898333 0.82150 19.94976
6.69897 14.3800 0.898333 0.83926 19.83390
6.69897 14.3800 0.898333 0.85702 19.70937
6.69897 14.3800 0.898333 0.87478 19.56657
6.69897 14.3800 0.898333 0.89254 19.43591
6.69897 14.3800 0.898333 0.91030 19.27379
6.69897 14.3800 0.898333 0.92806 19.12330
6.69897 14.3800 0.898333 0.94582 18.95182
6.69897 14.3800 0.898333 0.96358 18.76280
6.69897 14.3800 0.898333 0.98134 18.58832
6.69897 14.3800 0.898333 0.99910 18.36277
6.69897 14.3800 0.898333 1.01686 18.17613
6.69897 14.3800 0.898333 1.03462 17.94196
6.69897 14.3800 0.898333 1.05238 17.70350
6.69897 14.3800 0.898333 1.07014 17.47152
6.69897 14.3800 0.898333 1.08790 17.16247
6.69897 14.3800 0.898333 1.10567 16.94147
6.69897 14.3800 0.898333 1.12343 16.62234
6.69897 14.3800 0.898333 1.14119 16.33338
6.69897 14.3800 0.898333 1.15895 16.01934
6.69897 14.3800 0.898333 1.17671 15.60487
6.69897 14.3800 0.898333 1.19447 15.33886
6.69897 14.3800 0.898333 1.21223 14.89387
6.69897 14.3800 0.898333 1.22999 14.55552
6.69897 14.3800 0.898333 1.24775 14.11435
6.69897 14.3800 0.898333 1.26551 13.60699
6.69897 14.3800 0.898333 1.28327 13.23850
6.69897 14.3800 0.898333 1.30103 12.61238
6.69897 14.3800 0.980145 -1.52288 19.23077
6.69897 14.3800 0.980145 -1.50512 19.26352
6.69897 14.3800 0.980145 -1.48736 19.30454
6.69897 14.3800 0.980145 -1.46960 19.35003
6.69897 14.3800 0.980145 -1.45184 19.35051
6.69897 14.3800 0.980145 -1.43408 19.35006
6.69897 14.3800 0.980145 -1.41632 19.37399
6.69897 14.3800 0.980145 -1.39856 19.39947
6.69897 14.3800 0.980145 -1.38080 19.42637
6.69897 14.3800 0.980145 -1.36303 19.45522
6.69897 14.3800 0.980145 -1.34527 19.48263
6.69897 14.3800 0.980145 -1.32751 19.49856
6.69897 14.3800 0.980145 -1.30975 19.52042
6.69897 14.3800 0.980145 -1.29199 19.54996
6.69897 14.3800 0.980145 -1.27423 19.58776
6.69897 14.3800 0.980145 -1.25647 19.62648
6.69897 14.3800 0.980145 -1.23871 19.64426
6.69897 14.3800 0.980145 -1.22095 19.66533
6.69897 14.3800 0.980145 -1.20319 19.69244
6.69897 14.3800 0.980145 -1.18543 19.71871
6.69897 14.3800 0.980145 -1.16767 19.74433
6.69897 14.3800 0.980145 -1.14991 19.76915
6.69897 14.3800 0.980145 -1.13215 19.79456
6.69897 14.3800 0.980145 -1.11439 19.82223
6.69897 14.3800 0.980145 -1.09663 19.84911
6.69897 14.3800 0.980145 -1.07887 19.87532
6.69897 14.3800 0.980145 -1.06111 19.90336
6.69897 14.3800 0.980145 -1.04335 19.93053
6.69897 14.3800 0.980145 -1.02559 19.95481
6.69897 14.3800 0.980145 -1.00783 19.97936
6.69897 14.3800 0.980145 -0.99007 20.00415
6.69897 14.3800 0.980145 -0.97231 20.03020
6.69897 14.3800 0.980145 -0.95454 20.05595
6.69897 14.3800 0.980145 -0.93678 20.07952
6.69897 14.3800 0.980145 -0.91902 20.10224
6.69897 14.3800 0.980145 -0.90126 20.12399
6.69897 14.3800 0.980145 -0.88350 20.14383
6.69897 14.3800 0.980145 -0.86574 20.16282
6.69897 14.3800 0.980145 -0.84798 20.17826
6.69897 14.3800 0.980145 -0.83022 20.19196
6.69897 14.3800 0.980145 -0.81246 20.20231
6.69897 14.3800 0.980145 -0.79470 20.20793
6.69897 14.3800 0.980145 -0.77694 20.21103
6.69897 14.3800 0.980145 -0.75918 20.20585
6.69897 14.3800 0.980145 -0.74142 20.19332
6.69897 14.3800 0.980145 -0.72366 20.16638
6.69897 14.3800 0.980145 -0.70590 20.09830
6.69897 14.3800 0.980145 -0.68814 20.16988
6.69897 14.3800 0.980145 -0.67038 20.26210
6.69897 14.3800 0.980145 -0.65262 20.33187
6.69897 14.3800 0.980145 -0.63486 20.39096
6.69897 14.3800 0.980145 -0.61710 20.44400
6.69897 14.3800 0.980145 -0.59934 20.49231
6.69897 14.3800 0.980145 -0.58158 20.53678
6.69897 14.3800 0.980145 -0.56382 20.57850
6.69897 14.3800 0.980145 -0.54605 20.61769
6.69897 14.3800 0.980145 -0.52829 20.65496
6.69897 14.3800 0.980145 -0.51053 20.69051
6.69897 14.3800 0.980145 -0.49277 20.72452
6.69897 14.3800 0.980145 -0.47501 20.75726
6.69897 14.3800 0.980145 -0.45725 20.78871
6.69897 14.3800 0.980145 -0.43949 20.81912
6.69897 14.3800 0.980145 -0.42173 20.84849
6.69897 14.3800 0.980145 -0.40397 20.87685
6.69897 14.3800 0.980145 -0.38621 20.90441
6.69897 14.3800 0.980145 -0.36845 20.93092
6.69897 14.3800 0.980145 -0.35069 20.95672
6.69897 14.3800 0.980145 -0.33293 20.98160
6.69897 14.3800 0.980145 -0.31517 21.00564
6.69897 14.3800 0.980145 -0.29741 21.02903
6.69897 14.3800 0.980145 -0.27965 21.05133
6.69897 14.3800 0.980145 -0.26189 21.07309
6.69897 14.3800 0.980145 -0.24413 21.09382
6.69897 14.3800 0.980145 -0.22637 21.11380
6.69897 14.3800 0.980145 -0.20861 21.13308
6.69897 14.3800 0.980145 -0.19085 21.15119
6.69897 14.3800 0.980145 -0.17309 21.16885
6.69897 14.3800 0.980145 -0.15533 21.18517
6.69897 14.3800 0.980145 -0.13757 21.20082
6.69897 14.3800 0.980145 -0.11980 21.21559
6.69897 14.3800 0.980145 -0.10204 21.22909
6.69897 14.3800 0.980145 -0.08428 21.24215
6.69897 14.3800 0.980145 -0.06652 21.25342
6.69897 14.3800 0.980145 -0.04876 21.26411
6.69897 14.3800 0.980145 -0.03100 21.27357
6.69897 14.3800 0.980145 -0.01324 21.28168
6.69897 14.3800 0.980145 0.00452 21.28919
6.69897 14.3800 0.980145 0.02228 21.29453
6.69897 14.3800 0.980145 0.04004 21.29925
6.69897 14.3800 0.980145 0.05780 21.30226
6.69897 14.3800 0.980145 0.07556 21.30387
6.69897 14.3800 0.980145 0.09332 21.30444
6.69897 14.3800 0.980145 0.11108 21.30271
6.69897 14.3800 0.980145 0.12884 21.30009
6.69897 14.3800 0.980145 0.14660 21.29525
6.69897 14.3800 0.980145 0.16436 21.28890
6.69897 14.3800 0.980145 0.18212 21.28093
6.69897 14.3800 0.980145 0.19988 21.27061
6.69897 14.3800 0.980145 0.21764 21.25890
6.69897 14.3800 0.980145 0.23540 21.24458
6.69897 14.3800 0.980145 0.25316 21.22849
6.69897 14.3800 0.980145 0.27092 21.21013
6.69897 14.3800 0.980145 0.28869 21.18943
6.69897 14.3800 0.980145 0.30645 21.16646
6.69897 14.3800 0.980145 0.32421 21.14095
6.69897 14.3800 0.980145 0.34197 21.11294
6.69897 14.3800 0.980145 0.35973 21.08221
6.69897 14.3800 0.980145 0.37749 21.04901
6.69897 14.3800 0.980145 0.39525 21.01223
6.69897 14.3800 0.980145 0.41301 20.97379
6.69897 14.3800 0.980145 0.43077 20.93129
6.69897 14.3800 0.980145 0.44853 20.88627
6.69897 14.3800 0.980145 0.46629 20.83820
6.69897 14.3800 0.980145 0.48405 20.78531
6.69897 14.3800 0.980145 0.50181 20.73188
6.69897 14.3800 0.980145 0.51957 20.67205
6.69897 14.3800 0.980145 0.53733 20.61125
6.69897 14.3800 0.980145 0.55509 20.54581
6.69897 14.3800 0.980145 0.57285 20.47504
6.69897 14.3800 0.980145 0.59061 20.40466
6.69897 14.3800 0.980145 0.60837 20.32463
6.69897 14.3800 0.980145 0.62613 20.24750
6.69897 14.3800 0.980145 0.64389 20.16237
6.69897 14.3800 0.980145 0.66165 20.07308
6.69897 14.3800 0.980145 0.67941 19.98420
6.69897 14.3800 0.980145 0.69718 19.88179
6.69897 14.3800 0.980145 0.71494 19.78940
6.69897 14.3800 0.980145 0.73270 19.68340
6.69897 14.3800 0.980145 0.75046 19.57735
6.69897 14.3800 0.980145 0.76822 19.47016
6.69897 14.3800 0.980145 0.78598 19.34758
6.69897 14.3800 0.980145 0.80374 19.24255
6.69897 14.3800 0.980145 0.82150 19.11816
6.69897 14.3800 0.980145 0.83926 19.00115
6.69897 14.3800 0.980145 0.85702 18.87925
6.69897 14.3800 0.980145 0.87478 18.74584
6.69897 14.3800 0.980145 0.89254 18.62907
6.69897 14.3800 0.980145 0.91030 18.49003
6.69897 14.3800 0.980145 0.92806 18.36463
6.69897 14.3800 0.980145 0.94582 18.22651
6.69897 14.3800 0.980145 0.96358 18.07879
6.69897 14.3800 0.980145 0.98134 17.94092
6.69897 14.3800 0.980145 0.99910 17.77146
6.69897 14.3800 0.980145 1.01686 17.62209
6.69897 14.3800 0.980145 1.03462 17.44315
6.69897 14.3800 0.980145 1.05238 17.25453
6.69897 14.3800 0.980145 1.07014 17.06794
6.69897 14.3800 0.980145 1.08790 16.82456
6.69897 14.3800 0.980145 1.10567 16.63164
6.69897 14.3800 0.980145 1.12343 16.36840
6.69897 14.3800 0.980145 1.14119 16.11429
6.69897 14.3800 0.980145 1.15895 15.84155
6.69897 14.3800 0.980145 1.17671 15.47816
6.69897 14.3800 0.980145 1.19447 15.22904
6.69897 14.3800 0.980145 1.21223 14.82807
6.69897 14.3800 0.980145 1.22999 14.50676
6.69897 14.3800 0.980145 1.24775 14.09841
6.69897 14.3800 0.980145 1.26551 13.61795
6.69897 14.3800 0.980145 1.28327 13.26546
6.69897 14.3800 0.980145 1.30103 12.67031
6.79934 14.3800 0.019855 -1.52288 19.08227
6.79934 14.3800 0.019855 -1.50512 19.11455
6.79934 14.3800 0.019855 -1.48736 19.14657
6.79934 14.3800 0.019855 -1.46960 19.17816
6.79934 14.3800 0.019855 -1.45184 19.20999
6.79934 14.3800 0.019855 -1.43408 19.24127
6.79934 14.3800 0.019855 -1.41632 19.27277
6.79934 14.3800 0.019855 -1.39856 19.30406
6.79934 14.3800 0.019855 -1.38080 19.33516
6.79934 14.3800 0.019855 -1.36303 19.36658
6.79934 14.3800 0.019855 -1.34527 19.39757
6.79934 14.3800 0.019855 -1.32751 19.42935
6.79934 14.3800 0.019855 -1.30975 19.46042
6.79934 14.3800 0.019855 -1.29199 19.49092
6.79934 14.3800 0.019855 -1.27423 19.52188
6.79934 14.3800 0.019855 -1.25647 19.55246
6.79934 14.3800 0.019855 -1.23871 19.58300
6.79934 14.3800 0.019855 -1.22095 19.61314
6.79934 14.3800 0.019855 -1.20319 19.64328
6.79934 14.3800 0.019855 -1.18543 19.67312
6.79934 14.3800 0.019855 -1.16767 19.70244
6.79934 14.3800 0.019855 -1.14991 19.73187
6.79934 14.3800 0.019855 -1.13215 19.76072
6.79934 14.3800 0.019855 -1.11439 19.78926
6.79934 14.3800 0.019855 -1.09663 19.81746
6.79934 14.3800 0.019855 -1.07887 19.84525
6.79934 14.3800 0.019855 -1.06111 19.87261
6.79934 14.3800 0.019855 -1.04335 19.89939
6.79934 14.3800 0.019855 -1.02559 19.92560
6.79934 14.3800 0.019855 -1.00783 19.95115
6.79934 14.3800 0.019855 -0.99007 19.97609
6.79934 14.3800 0.019855 -0.97231 19.99995
6.79934 14.3800 0.019855 -0.95454 20.02319
6.79934 14.3800 0.019855 -0.93678 20.04509
6.79934 14.3800 0.019855 -0.91902 20.06603
6.79934 14.3800 0.019855 -0.90126 20.08577
6.79934 14.3800 0.019855 -0.88350 20.10354
6.79934 14.3800 0.019855 -0.86574 20.12049
6.79934 14.3800 0.019855 -0.84798 20.13406
6.79934 14.3800 0.019855 -0.83022 20.14608
6.79934 14.3800 0.019855 -0.81246 20.15505
6.79934 14.3800 0.019855 -0.79470 20.15962
6.79934 14.3800 0.019855 -0.77694 20.16184
6.79934 14.3800 0.019855 -0.75918 20.15534
6.79934 14.3800 0.019855 -0.74142 20.13937
6.79934 14.3800 0.019855 -0.72366 20.09811
6.79934 14.3800 0.019855 -0.70590 19.91774
6.79934 14.3800 0.019855 -0.68814 20.06024
6.79934 14.3800 0.019855 -0.67038 20.20085
6.79934 14.3800 0.019855 -0.65262 20.28333
6.79934 14.3800 0.019855 -0.63486 20.34941
6.79934 14.3800 0.019855 -0.61710 20.40829
6.79934 14.3800 0.019855 -0.59934 20.46167
6.79934 14.3800 0.019855 -0.58158 20.51143
6.79934 14.3800 0.019855 -0.56382 20.55801
6.79934 14.3800 0.019855 -0.54605 20.60246
6.79934 14.3800 0.019855 -0.52829 20.64476
6.79934 14.3800 0.019855 -0.51053 20.68531
6.79934 14.3800 0.019855 -0.49277 20.72448
6.79934 14.3800 0.019855 -0.47501 20.76208
6.79934 14.3800 0.019855 -0.45725 20.79875
6.79934 14.3800 0.019855 -0.43949 20.83414
6.79934 14.3800 0.019855 -0.42173 20.86857
6.79934 14.3800 0.019855 -0.40397 20.90207
6.79934 14.3800 0.019855 -0.38621 20.93458
6.79934 14.3800 0.019855 -0.36845 20.96638
6.79934 14.3800 0.019855 -0.35069 20.99726
6.79934 14.3800 0.019855 -0.33293 21.02741
6.79934 14.3800 0.019855 -0.31517 21.05677
6.79934 14.3800 0.019855 -0.29741 21.08540
6.79934 14.3800 0.019855 -0.27965 21.11324
6.79934 14.3800 0.019855 -0.26189 21.14039
6.79934 14.3800 0.019855 -0.24413 21.16675
6.79934 14.3800 0.019855 -0.22637 21.19237
6.79934 14.3800 0.019855 -0.20861 21.21731
6.79934 14.3800 0.019855 -0.19085 21.24131
6.79934 14.3800 0.019855 -0.17309 21.26474
6.79934 14.3800 0.019855 -0.15533 21.28713
6.79934 14.3800 0.019855 -0.13757 21.30881
6.79934 14.3800 0.019855 -0.11980 21.32970
6.79934 14.3800 0.019855 -0.10204 21.34948
6.79934 14.3800 0.019855 -0.08428 21.36877
6.79934 14.3800 0.019855 -0.06652 21.38655
6.79934 14.3800 0.019855 -0.04876 21.40372
6.79934 14.3800 0.019855 -0.03100 21.41979
6.79934 14.3800 0.019855 -0.01324 21.43464
6.79934 14.3800 0.019855 0.00452 21.44892
6.79934 14.3800 0.019855 0.02228 21.46122
6.79934 14.3800 0.019855 0.04004 21.47296
6.79934 14.3800 0.019855 0.05780 21.48315
6.79934 14.3800 0.019855 0.07556 21.49205
6.79934 14.3800 0.019855 0.09332 21.50006
6.79934 14.3800 0.019855 0.11108 21.50586
6.79934 14.3800 0.019855 0.12884 21.51097
6.79934 14.3800 0.019855 0.14660 21.51398
6.79934 14.3800 0.019855 0.16436 21.51566
6.79934 14.3800 0.019855 0.18212 21.51597
6.79934 14.3800 0.019855 0.19988 21.51397
6.79934 14.3800 0.019855 0.21764 21.51099
6.79934 14.3800 0.019855 0.23540 21.50542
6.79934 14.3800 0.019855 0.25316 21.49844
6.79934 14.3800 0.019855 0.27092 21.48954
6.79934 14.3800 0.019855 0.28869 21.47839
6.79934 14.3800 0.019855 0.30645 21.46577
6.79934 14.3800 0.019855 0.32421 21.45047
6.79934 14.3800 0.019855 0.34197 21.43352
6.79934 14.3800 0.019855 0.35973 21.41435
6.79934 14.3800 0.019855 0.37749 21.39321
6.79934 14.3800 0.019855 0.39525 21.36991
6.79934 14.3800 0.019855 0.41301 21.34489
6.79934 14.3800 0.019855 0.43077 21.31774
6.79934 14.3800 0.019855 0.44853 21.28896
6.79934 14.3800 0.019855 0.46629 21.25870
6.79934 14.3800 0.019855 0.48405 21.22623
6.79934 14.3800 0.019855 0.50181 21.19392
6.79934 14.3800 0.019855 0.51957 21.15923
6.79934 14.3800 0.019855 0.53733 21.12504
6.79934 14.3800 0.019855 0.55509 21.08994
6.79934 14.3800 0.019855 0.57285 21.05397
6.79934 14.3800 0.019855 0.59061 21.01971
6.79934 14.3800 0.019855 0.60837 20.98350
6.79934 14.3800 0.019855 0.62613 20.94979
6.79934 14.3800 0.019855 0.64389 20.91493
6.79934 14.3800 0.019855 0.66165 20.88012
6.79934 14.3800 0.019855 0.67941 20.84574
6.79934 14.3800 0.019855 0.69718 20.80903
6.79934 14.3800 0.019855 0.71494 20.77289
6.79934 14.3800 0.019855 0.73270 20.73347
6.79934 14.3800 0.019855 0.75046 20.69170
6.79934 14.3800 0.019855 0.76822 20.64676
6.79934 14.3800 0.019855 0.78598 20.59633
6.79934 14.3800 0.019855 0.80374 20.54320
6.79934 14.3800 0.019855 0.82150 20.48267
6.79934 14.3800 0.019855 0.83926 20.41680
6.79934 14.3800 0.019855 0.85702 20.34440
6.79934 14.3800 0.019855 0.87478 20.26105
6.79934 14.3800 0.019855 0.89254 20.17591
6.79934 14.3800 0.019855 0.91030 20.07490
6.79934 14.3800 0.019855 0.92806 19.97110
6.79934 14.3800 0.019855 0.94582 19.85450
6.79934 14.3800 0.019855 0.96358 19.72214
6.79934 14.3800 0.019855 0.98134 19.59182
6.79934 14.3800 0.019855 0.99910 19.42891
6.79934 14.3800 0.019855 1.01686 19.27895
6.79934 14.3800 0.019855 1.03462 19.09810
6.79934 14.3800 0.019855 1.05238 18.90413
6.79934 14.3800 0.019855 1.07014 18.71152
6.79934 14.3800 0.019855 1.08790 18.45744
6.79934 14.3800 0.019855 1.10567 18.25854
6.79934 14.3800 0.019855 1.12343 17.98401
6.79934 14.3800 0.019855 1.14119 17.72199
6.79934 14.3800 0.019855 1.15895 17.44031
6.79934 14.3800 0.019855 1.17671 17.06604
6.79934 14.3800 0.019855 1.19447 16.81389
6.79934 14.3800 0.019855 1.21223 16.40583
6.79934 14.3800 0.019855 1.22999 16.08345
6.79934 14.3800 0.019855 1.24775 15.67385
6.79934 14.3800 0.019855 1.26551 15.19706
6.79934 14.3800 0.019855 1.28327 14.84847
6.79934 14.3800 0.019855 1.30103 14.26786
6.79934 14.3800 0.101667 -1.52288 19.16763
6.79934 14.3800 0.101667 -1.50512 19.19350
6.79934 14.3800 0.101667 -1.48736 19.22154
6.79934 14.3800 0.101667 -1.46960 19.25087
6.79934 14.3800 0.101667 -1.45184 19.28271
6.79934 14.3800 0.101667 -1.43408 19.31427
6.79934 14.3800 0.101667 -1.41632 19.34604
6.79934 14.3800 0.101667 -1.39856 19.37775
6.79934 14.3800 0.101667 -1.38080 19.40937
6.79934 14.3800 0.101667 -1.36303 19.44067
6.79934 14.3800 0.101667 -1.34527 19.47125
6.79934 14.3800 0.101667 -1.32751 19.50154
6.79934 14.3800 0.101667 -1.30975 19.53134
6.79934 14.3800 0.101667 -1.29199 19.56082
6.79934 14.3800 0.101667 -1.27423 19.59091
6.79934 14.3800 0.101667 -1.25647 19.62073
6.79934 14.3800 0.101667 -1.23871 19.65083
6.79934 14.3800 0.101667 -1.22095 19.68142
6.79934 14.3800 0.101667 -1.20319 19.71357
6.79934 14.3800 0.101667 -1.18543 19.74394
6.79934 14.3800 0.101667 -1.16767 19.77306
6.79934 14.3800 0.101667 -1.14991 19.80287
6.79934 14.3800 0.101667 -1.13215 19.83242
6.79934 14.3800 0.101667 -1.11439 19.86246
6.79934 14.3800 0.101667 -1.09663 19.89186
6.79934 14.3800 0.101667 -1.07887 19.92063
6.79934 14.3800 0.101667 -1.06111 19.94939
6.79934 14.3800 0.101667 -1.04335 19.97775
6.79934 14.3800 0.101667 -1.02559 20.00633
6.79934 14.3800 0.101667 -1.00783 20.03444
6.79934 14.3800 0.101667 -0.99007 20.06212
6.79934 14.3800 0.101667 -0.97231 20.08876
6.79934 14.3800 0.101667 -0.95454 20.11476
6.79934 14.3800 0.101667 -0.93678 20.14011
6.79934 14.3800 0.101667 -0.91902 20.16455
6.79934 14.3800 0.101667 -0.90126 20.18797
6.79934 14.3800 0.101667 -0.88350 20.20954
6.79934 14.3800 0.101667 -0.86574 20.23023
6.79934 14.3800 0.101667 -0.84798 20.24743
6.79934 14.3800 0.101667 -0.83022 20.26271
6.79934 14.3800 0.101667 -0.81246 20.27436
6.79934 14.3800 0.101667 -0.79470 20.28033
6.79934 14.3800 0.101667 -0.77694 20.28328
6.79934 14.3800 0.101667 -0.75918 20.27495
6.79934 14.3800 0.101667 -0.74142 20.25533
6.79934 14.3800 0.101667 -0.72366 20.21113
6.79934 14.3800 0.101667 -0.70590 20.06522
6.79934 14.3800 0.101667 -0.68814 20.18577
6.79934 14.3800 0.101667 -0.67038 20.31960
6.79934 14.3800 0.101667 -0.65262 20.40892
6.79934 14.3800 0.101667 -0.63486 20.48070
6.79934 14.3800 0.101667 -0.61710 20.54325
6.79934 14.3800 0.101667 -0.59934 20.59892
6.79934 14.3800 0.101667 -0.58158 20.64938
6.79934 14.3800 0.101667 -0.56382 20.69617
6.79934 14.3800 0.101667 -0.54605 20.73989
6.79934 14.3800 0.101667 -0.52829 20.78129
6.79934 14.3800 0.101667 -0.51053 20.82073
6.79934 14.3800 0.101667 -0.49277 20.85863
6.79934 14.3800 0.101667 -0.47501 20.89501
6.79934 14.3800 0.101667 -0.45725 20.93040
6.79934 14.3800 0.101667 -0.43949 20.96462
6.79934 14.3800 0.101667 -0.42173 20.99794
6.79934 14.3800 0.101667 -0.40397 21.03044
6.79934 14.3800 0.101667 -0.38621 21.06205
6.79934 14.3800 0.101667 -0.36845 21.09308
6.79934 14.3800 0.101667 -0.35069 21.12332
6.79934 14.3800 0.101667 -0.33293 21.15298
6.79934 14.3800 0.101667 -0.31517 21.18198
6.79934 14.3800 0.101667 -0.29741 21.21032
6.79934 14.3800 0.101667 -0.27965 21.23809
6.79934 14.3800 0.101667 -0.26189 21.26523
6.79934 14.3800 0.101667 -0.24413 21.29177
6.79934 14.3800 0.101667 -0.22637 21.31770
6.79934 14.3800 0.101667 -0.20861 21.34308
6.79934 14.3800 0.101667 -0.19085 21.36771
6.79934 14.3800 0.101667 -0.17309 21.39184
6.79934 14.3800 0.101667 -0.15533 21.41516
6.79934 14.3800 0.101667 -0.13757 21.43790
6.79934 14.3800 0.101667 -0.11980 21.45999
6.79934 14.3800 0.101667 -0.10204 21.48122
6.79934 14.3800 0.101667 -0.08428 21.50201
6.79934 14.3800 0.101667 -0.06652 21.52164
6.79934 14.3800 0.101667 -0.04876 21.54075
6.79934 14.3800 0.101667 -0.03100 21.55899
6.79934 14.3800 0.101667 -0.01324 21.57626
6.79934 14.3800 0.101667 0.00452 21.59307
6.79934 14.3800 0.101667 0.02228 21.60833
6.79934 14.3800 0.101667 0.04004 21.62312
6.79934 14.3800 0.101667 0.05780 21.63671
6.79934 14.3800 0.101667 0.07556 21.64926
6.79934 14.3800 0.101667 0.09332 21.66113
6.79934 14.3800 0.101667 0.11108 21.67124
6.79934 14.3800 0.101667 0.12884 21.68082
6.79934 14.3800 0.101667 0.14660 21.68875
6.79934 14.3800 0.101667 0.16436 21.69563
6.79934 14.3800 0.101667 0.18212 21.70147
6.79934 14.3800 0.101667 0.19988 21.70541
6.79934 14.3800 0.101667 0.21764 21.70870
6.79934 14.3800 0.101667 0.23540 21.70982
6.79934 14.3800 0.101667 0.25316 21.70988
6.79934 14.3800 0.101667 0.27092 21.70844
6.79934 14.3800 0.101667 0.28869 21.70506
6.79934 14.3800 0.101667 0.30645 21.70071
6.79934 14.3800 0.101667 0.32421 21.69380
6.79934 14.3800 0.101667 0.34197 21.68570
6.79934 14.3800 0.101667 0.35973 21.67562
6.79934 14.3800 0.101667 0.37749 21.66359
6.79934 14.3800 0.101667 0.39525 21.65000
6.79934 14.3800 0.101667 0.41301 21.63388
6.79934 14.3800 0.101667 0.43077 21.61610
6.79934 14.3800 0.101667 0.44853 21.59603
6.79934 14.3800 0.101667 0.46629 21.57390
6.79934 14.3800 0.101667 0.48405 21.54945
6.79934 14.3800 0.101667 0.50181 21.52293
6.79934 14.3800 0.101667 0.51957 21.49383
6.79934 14.3800 0.101667 0.53733 21.46262
6.79934 14.3800 0.101667 0.55509 21.42895
6.79934 14.3800 0.101667 0.57285 21.39237
6.79934 14.3800 0.101667 0.59061 21.35426
6.79934 14.3800 0.101667 0.60837 21.31224
6.79934 14.3800 0.101667 0.62613 21.26925
6.79934 14.3800 0.101667 0.64389 21.22275
6.79934 14.3800 0.101667 0.66165 21.17336
6.79934 14.3800 0.101667 0.67941 21.12273
6.79934 14.3800 0.101667 0.69718 21.06647
6.79934 14.3800 0.101667 0.71494 21.01161
6.79934 14.3800 0.101667 0.73270 20.95110
6.79934 14.3800 0.101667 0.75046 20.88852
6.79934 14.3800 0.101667 0.76822 20.82401
6.79934 14.3800 0.101667 0.78598 20.75196
6.79934 14.3800 0.101667 0.80374 20.68354
6.79934 14.3800 0.101667 0.82150 20.60572
6.79934 14.3800 0.101667 0.83926 20.52686
6.79934 14.3800 0.101667 0.85702 20.44307
6.79934 14.3800 0.101667 0.87478 20.34935
6.79934 14.3800 0.101667 0.89254 20.25877
6.79934 14.3800 0.101667 0.91030 20.15201
6.79934 14.3800 0.101667 0.92806 20.04618
6.79934 14.3800 0.101667 0.94582 19.92817
6.79934 14.3800 0.101667 0.96358 19.79611
6.79934 14.3800 0.101667 0.98134 19.66699
6.79934 14.3800 0.101667 0.99910 19.50646
6.79934 14.3800 0.101667 1.01686 19.35872
6.79934 14.3800 0.101667 1.03462 19.18099
6.79934 14.3800 0.101667 1.05238 18.99007
6.79934 14.3800 0.101667 1.07014 18.80015
6.79934 14.3800 0.101667 1.08790 18.54985
6.79934 14.3800 0.101667 1.10567 18.35254
6.79934 14.3800 0.101667 1.12343 18.08097
6.79934 14.3800 0.101667 1.14119 17.82071
6.79934 14.3800 0.101667 1.15895 17.54102
6.79934 14.3800 0.101667 1.17671 17.16910
6.79934 14.3800 0.101667 1.19447 16.91775
6.79934 14.3800 0.101667 1.21223 16.51172
6.79934 14.3800 0.101667 1.22999 16.19026
6.79934 14.3800 0.101667 1.24775 15.78240
6.79934 14.3800 0.101667 1.26551 15.30740
6.79934 14.3800 0.101667 1.28327 14.95996
6.79934 14.3800 0.101667 1.30103 14.38202
6.79934 14.3800 0.237234 -1.52288 19.21964
6.79934 14.3800 0.237234 -1.50512 19.25688
6.79934 14.3800 0.237234 -1.48736 19.28588
6.79934 14.3800 0.237234 -1.46960 19.30923
6.79934 14.3800 0.237234 -1.45184 19.33445
6.79934 14.3800 0.237234 -1.43408 19.36201
6.79934 14.3800 0.237234 -1.41632 19.39938
6.79934 14.3800 0.237234 -1.39856 19.42878
6.79934 14.3800 0.237234 -1.38080 19.45102
6.79934 14.3800 0.237234 -1.36303 19.48182
6.79934 14.3800 0.237234 -1.34527 19.51373
6.79934 14.3800 0.237234 -1.32751 19.54402
6.79934 14.3800 0.237234 -1.30975 19.57330
6.79934 14.3800 0.237234 -1.29199 19.60163
6.79934 14.3800 0.237234 -1.27423 19.63215
6.79934 14.3800 0.237234 -1.25647 19.66282
6.79934 14.3800 0.237234 -1.23871 19.69109
6.79934 14.3800 0.237234 -1.22095 19.72013
6.79934 14.3800 0.237234 -1.20319 19.75111
6.79934 14.3800 0.237234 -1.18543 19.78160
6.79934 14.3800 0.237234 -1.16767 19.81145
6.79934 14.3800 0.237234 -1.14991 19.84252
6.79934 14.3800 0.237234 -1.13215 19.87273
6.79934 14.3800 0.237234 -1.11439 19.90202
6.79934 14.3800 0.237234 -1.09663 19.93013
6.79934 14.3800 0.237234 -1.07887 19.95727
6.79934 14.3800 0.237234 -1.06111 19.98616
6.79934 14.3800 0.237234 -1.04335 20.01504
6.79934 14.3800 0.237234 -1.02559 20.04488
6.79934 14.3800 0.237234 -1.00783 20.07336
6.79934 14.3800 0.237234 -0.99007 20.10062
6.79934 14.3800 0.237234 -0.97231 20.12762
6.79934 14.3800 0.237234 -0.95454 20.15414
6.79934 14.3800 0.237234 -0.93678 20.18009
6.79934 14.3800 0.237234 -0.91902 20.20553
6.79934 14.3800 0.237234 -0.90126 20.23046
6.79934 14.3800 0.237234 -0.88350 20.25406
6.79934 14.3800 0.237234 -0.86574 20.27691
6.79934 14.3800 0.237234 -0.84798 20.29700
6.79934 14.3800 0.237234 -0.83022 20.31521
6.79934 14.3800 0.237234 -0.81246 20.33006
6.79934 14.3800 0.237234 -0.79470 20.33924
6.79934 14.3800 0.237234 -0.77694 20.34548
6.79934 14.3800 0.237234 -0.75918 20.33926
6.79934 14.3800 0.237234 -0.74142 20.32008
6.79934 14.3800 0.237234 -0.72366 20.27289
6.79934 14.3800 0.237234 -0.70590 20.13279
6.79934 14.3800 0.237234 -0.68814 20.24712
6.79934 14.3800 0.237234 -0.67038 20.38546
6.79934 14.3800 0.237234 -0.65262 20.47786
6.79934 14.3800 0.237234 -0.63486 20.54952
6.79934 14.3800 0.237234 -0.61710 20.61095
6.79934 14.3800 0.237234 -0.59934 20.66487
6.79934 14.3800 0.237234 -0.58158 20.71310
6.79934 14.3800 0.237234 -0.56382 20.75782
6.79934 14.3800 0.237234 -0.54605 20.79963
6.79934 14.3800 0.237234 -0.52829 20.83933
6.79934 14.3800 0.237234 -0.51053 20.87721
6.79934 14.3800 0.237234 -0.49277 20.91385
6.79934 14.3800 0.237234 -0.47501 20.94916
6.79934 14.3800 0.237234 -0.45725 20.98369
6.79934 14.3800 0.237234 -0.43949 21.01722
6.79934 14.3800 0.237234 -0.42173 21.05007
6.79934 14.3800 0.237234 -0.40397 21.08219
6.79934 14.3800 0.237234 -0.38621 21.11348
6.79934 14.3800 0.237234 -0.36845 21.14445
6.79934 14.3800 0.237234 -0.35069 21.17469
6.79934 14.3800 0.237234 -0.33293 21.20449
6.79934 14.3800 0.237234 -0.31517 21.23369
6.79934 14.3800 0.237234 -0.29741 21.26228
6.79934 14.3800 0.237234 -0.27965 21.29049
6.79934 14.3800 0.237234 -0.26189 21.31813
6.79934 14.3800 0.237234 -0.24413 21.34534
6.79934 14.3800 0.237234 -0.22637 21.37195
6.79934 14.3800 0.237234 -0.20861 21.39799
6.79934 14.3800 0.237234 -0.19085 21.42350
6.79934 14.3800 0.237234 -0.17309 21.44851
6.79934 14.3800 0.237234 -0.15533 21.47287
6.79934 14.3800 0.237234 -0.13757 21.49669
6.79934 14.3800 0.237234 -0.11980 21.51994
6.79934 14.3800 0.237234 -0.10204 21.54250
6.79934 14.3800 0.237234 -0.08428 21.56464
6.79934 14.3800 0.237234 -0.06652 21.58582
6.79934 14.3800 0.237234 -0.04876 21.60651
6.79934 14.3800 0.237234 -0.03100 21.62645
6.79934 14.3800 0.237234 -0.01324 21.64559
6.79934 14.3800 0.237234 0.00452 21.66432
6.79934 14.3800 0.237234 0.02228 21.68181
6.79934 14.3800 0.237234 0.04004 21.69885
6.79934 14.3800 0.237234 0.05780 21.71487
6.79934 14.3800 0.237234 0.07556 21.73002
6.79934 14.3800 0.237234 0.09332 21.74459
6.79934 14.3800 0.237234 0.11108 21.75771
6.79934 14.3800 0.237234 0.12884 21.77039
6.79934 14.3800 0.237234 0.14660 21.78167
6.79934 14.3800 0.237234 0.16436 21.79208
6.79934 14.3800 0.237234 0.18212 21.80165
6.79934 14.3800 0.237234 0.19988 21.80961
6.79934 14.3800 0.237234 0.21764 21.81706
6.79934 14.3800 0.237234 0.23540 21.82267
6.79934 14.3800 0.237234 0.25316 21.82742
6.79934 14.3800 0.237234 0.27092 21.83094
6.79934 14.3800 0.237234 0.28869 21.83279
6.79934 14.3800 0.237234 0.30645 21.83394
6.79934 14.3800 0.237234 0.32421 21.83279
6.79934 14.3800 0.237234 0.34197 21.83074
6.79934 14.3800 0.237234 0.35973 21.82701
6.79934 14.3800 0.237234 0.37749 21.82157
6.79934 14.3800 0.237234 0.39525 21.81501
6.79934 14.3800 0.237234 0.41301 21.80595
6.79934 14.3800 0.237234 0.43077 21.79572
6.79934 14.3800 0.237234 0.44853 21.78337
6.79934 14.3800 0.237234 0.46629 21.76919
6.79934 14.3800 0.237234 0.48405 21.75322
6.79934 14.3800 0.237234 0.50181 21.73487
6.79934 14.3800 0.237234 0.51957 21.71466
6.79934 14.3800 0.237234 0.53733 21.69205
6.79934 14.3800 0.237234 0.55509 21.66724
6.79934 14.3800 0.237234 0.57285 21.63986
6.79934 14.3800 0.237234 0.59061 21.61022
6.79934 14.3800 0.237234 0.60837 21.57750
6.79934 14.3800 0.237234 0.62613 21.54255
6.79934 14.3800 0.237234 0.64389 21.50439
6.79934 14.3800 0.237234 0.66165 21.46294
6.79934 14.3800 0.237234 0.67941 21.41908
6.79934 14.3800 0.237234 0.69718 21.37007
6.79934 14.3800 0.237234 0.71494 21.31997
6.79934 14.3800 0.237234 0.73270 21.26431
6.79934 14.3800 0.237234 0.75046 21.20501
6.79934 14.3800 0.237234 0.76822 21.14243
6.79934 14.3800 0.237234 0.78598 21.07152
6.79934 14.3800 0.237234 0.80374 21.00193
6.79934 14.3800 0.237234 0.82150 20.92207
6.79934 14.3800 0.237234 0.83926 20.83953
6.79934 14.3800 0.237234 0.85702 20.75098
6.79934 14.3800 0.237234 0.87478 20.65069
6.79934 14.3800 0.237234 0.89254 20.55379
6.79934 14.3800 0.237234 0.91030 20.43847
6.79934 14.3800 0.237234 0.92806 20.32508
6.79934 14.3800 0.237234 0.94582 20.19840
6.79934 14.3800 0.237234 0.96358 20.05709
6.79934 14.3800 0.237234 0.98134 19.92077
6.79934 14.3800 0.237234 0.99910 19.75051
6.79934 14.3800 0.237234 1.01686 19.59702
6.79934 14.3800 0.237234 1.03462 19.41159
6.79934 14.3800 0.237234 1.05238 19.21447
6.79934 14.3800 0.237234 1.07014 19.01939
6.79934 14.3800 0.237234 1.08790 18.76233
6.79934 14.3800 0.237234 1.10567 18.56233
6.79934 14.3800 0.237234 1.12343 18.28571
6.79934 14.3800 0.237234 1.14119 18.02238
6.79934 14.3800 0.237234 1.15895 17.73914
6.79934 14.3800 0.237234 1.17671 17.36274
6.79934 14.3800 0.237234 1.19447 17.10975
6.79934 14.3800 0.237234 1.21223 16.69943
6.79934 14.3800 0.237234 1.22999 16.37595
6.79934 14.3800 0.237234 1.24775 15.96425
6.79934 14.3800 0.237234 1.26551 15.48542
6.79934 14.3800 0.237234 1.28327 15.13557
6.79934 14.3800 0.237234 1.30103 14.55235
6.79934 14.3800 0.408283 -1.52288 19.27186
6.79934 14.3800 0.408283 -1.50512 19.28514
6.79934 14.3800 0.408283 -1.48736 19.31378
6.79934 14.3800 0.408283 -1.46960 19.35251
6.79934 14.3800 0.408283 -1.45184 19.37659
6.79934 14.3800 0.408283 -1.43408 19.40044
6.79934 14.3800 0.408283 -1.41632 19.43215
6.79934 14.3800 0.408283 -1.39856 19.46300
6.79934 14.3800 0.408283 -1.38080 19.49308
6.79934 14.3800 0.408283 -1.36303 19.52010
6.79934 14.3800 0.408283 -1.34527 19.54694
6.79934 14.3800 0.408283 -1.32751 19.58054
6.79934 14.3800 0.408283 -1.30975 19.61187
6.79934 14.3800 0.408283 -1.29199 19.64076
6.79934 14.3800 0.408283 -1.27423 19.66703
6.79934 14.3800 0.408283 -1.25647 19.69229
6.79934 14.3800 0.408283 -1.23871 19.72282
6.79934 14.3800 0.408283 -1.22095 19.75268
6.79934 14.3800 0.408283 -1.20319 19.78209
6.79934 14.3800 0.408283 -1.18543 19.81124
6.79934 14.3800 0.408283 -1.16767 19.83990
6.79934 14.3800 0.408283 -1.14991 19.87150
6.79934 14.3800 0.408283 -1.13215 19.90163
6.79934 14.3800 0.408283 -1.11439 19.92911
6.79934 14.3800 0.408283 -1.09663 19.95760
6.79934 14.3800 0.408283 -1.07887 19.98658
6.79934 14.3800 0.408283 -1.06111 20.01550
6.79934 14.3800 0.408283 -1.04335 20.04369
6.79934 14.3800 0.408283 -1.02559 20.07082
6.79934 14.3800 0.408283 -1.00783 20.09792
6.79934 14.3800 0.408283 -0.99007 20.12497
6.79934 14.3800 0.408283 -0.97231 20.15178
6.79934 14.3800 0.408283 -0.95454 20.17827
6.79934 14.3800 0.408283 -0.93678 20.20527
6.79934 14.3800 0.408283 -0.91902 20.23125
6.79934 14.3800 0.408283 -0.90126 20.25611
6.79934 14.3800 0.408283 -0.88350 20.27995
6.79934 14.3800 0.408283 -0.86574 20.30317
6.79934 14.3800 0.408283 -0.84798 20.32444
6.79934 14.3800 0.408283 -0.83022 20.34408
6.79934 14.3800 0.408283 -0.81246 20.36090
6.79934 14.3800 0.408283 -0.79470 20.37239
6.79934 14.3800 0.408283 -0.77694 20.38116
6.79934 14.3800 0.408283 -0.75918 20.37747
6.79934 14.3800 0.408283 -0.74142 20.36022
6.79934 14.3800 0.408283 -0.72366 20.31264
6.79934 14.3800 0.408283 -0.70590 20.17311
6.79934 14.3800 0.408283 -0.68814 20.28596
6.79934 14.3800 0.408283 -0.67038 20.42699
6.79934 14.3800 0.408283 -0.65262 20.51934
6.79934 14.3800 0.408283 -0.63486 20.58914
6.79934 14.3800 0.408283 -0.61710 20.64860
6.79934 14.3800 0.408283 -0.59934 20.70052
6.79934 14.3800 0.408283 -0.58158 20.74719
6.79934 14.3800 0.408283 -0.56382 20.79058
6.79934 14.3800 0.408283 -0.54605 20.83099
6.79934 14.3800 0.408283 -0.52829 20.86965
6.79934 14.3800 0.408283 -0.51053 20.90682
6.79934 14.3800 0.408283 -0.49277 20.94288
6.79934 14.3800 0.408283 -0.47501 20.97770
6.79934 14.3800 0.408283 -0.45725 21.01205
6.79934 14.3800 0.408283 -0.43949 21.04545
6.79934 14.3800 0.408283 -0.42173 21.07824
6.79934 14.3800 0.408283 -0.40397 21.11042
6.79934 14.3800 0.408283 -0.38621 21.14181
6.79934 14.3800 0.408283 -0.36845 21.17303
6.79934 14.3800 0.408283 -0.35069 21.20350
6.79934 14.3800 0.408283 -0.33293 21.23348
6.79934 14.3800 0.408283 -0.31517 21.26300
6.79934 14.3800 0.408283 -0.29741 21.29200
6.79934 14.3800 0.408283 -0.27965 21.32062
6.79934 14.3800 0.408283 -0.26189 21.34866
6.79934 14.3800 0.408283 -0.24413 21.37627
6.79934 14.3800 0.408283 -0.22637 21.40337
6.79934 14.3800 0.408283 -0.20861 21.43000
6.79934 14.3800 0.408283 -0.19085 21.45606
6.79934 14.3800 0.408283 -0.17309 21.48163
6.79934 14.3800 0.408283 -0.15533 21.50668
6.79934 14.3800 0.408283 -0.13757 21.53119
6.79934 14.3800 0.408283 -0.11980 21.55515
6.79934 14.3800 0.408283 -0.10204 21.57844
6.79934 14.3800 0.408283 -0.08428 21.60130
6.79934 14.3800 0.408283 -0.06652 21.62341
6.79934 14.3800 0.408283 -0.04876 21.64504
6.79934 14.3800 0.408283 -0.03100 21.66599
6.79934 14.3800 0.408283 -0.01324 21.68616
6.79934 14.3800 0.408283 0.00452 21.70590
6.79934 14.3800 0.408283 0.02228 21.72458
6.79934 14.3800 0.408283 0.04004 21.74284
6.79934 14.3800 0.408283 0.05780 21.76017
6.79934 14.3800 0.408283 0.07556 21.77673
6.79934 14.3800 0.408283 0.09332 21.79278
6.79934 14.3800 0.408283 0.11108 21.80753
6.79934 14.3800 0.408283 0.12884 21.82186
6.79934 14.3800 0.408283 0.14660 21.83495
6.79934 14.3800 0.408283 0.16436 21.84725
6.79934 14.3800 0.408283 0.18212 21.85879
6.79934 14.3800 0.408283 0.19988 21.86890
6.79934 14.3800 0.408283 0.21764 21.87856
6.79934 14.3800 0.408283 0.23540 21.88655
6.79934 14.3800 0.408283 0.25316 21.89378
6.79934 14.3800 0.408283 0.27092 21.89992
6.79934 14.3800 0.408283 0.28869 21.90453
6.79934 14.3800 0.408283 0.30645 21.90857
6.79934 14.3800 0.408283 0.32421 21.91046
6.79934 14.3800 0.408283 0.34197 21.91159
6.79934 14.3800 0.408283 0.35973 21.91121
6.79934 14.3800 0.408283 0.37749 21.90924
6.79934 14.3800 0.408283 0.39525 21.90636
6.79934 14.3800 0.408283 0.41301 21.90108
6.79934 14.3800 0.408283 0.43077 21.89484
6.79934 14.3800 0.408283 0.44853 21.88661
6.79934 14.3800 0.408283 0.46629 21.87670
6.79934 14.3800 0.408283 0.48405 21.86527
6.79934 14.3800 0.408283 0.50181 21.85145
6.79934 14.3800 0.408283 0.51957 21.83611
6.79934 14.3800 0.408283 0.53733 21.81840
6.79934 14.3800 0.408283 0.55509 21.79870
6.79934 14.3800 0.408283 0.57285 21.77672
6.79934 14.3800 0.408283 0.59061 21.75235
6.79934 14.3800 0.408283 0.60837 21.72543
6.79934 14.3800 0.408283 0.62613 21.69599
6.79934 14.3800 0.408283 0.64389 21.66373
6.79934 14.3800 0.408283 0.66165 21.62834
6.79934 14.3800 0.408283 0.67941 21.59033
6.79934 14.3800 0.408283 0.69718 21.54793
6.79934 14.3800 0.408283 0.71494 21.50355
6.79934 14.3800 0.408283 0.73270 21.45430
6.79934 14.3800 0.408283 0.75046 21.40122
6.79934 14.3800 0.408283 0.76822 21.34463
6.79934 14.3800 0.408283 0.78598 21.28053
6.79934 14.3800 0.408283 0.80374 21.21619
6.79934 14.3800 0.408283 0.82150 21.14260
6.79934 14.3800 0.408283 0.83926 21.06544
6.79934 14.3800 0.408283 0.85702 20.98221
6.79934 14.3800 0.408283 0.87478 20.88757
6.79934 14.3800 0.408283 0.89254 20.79469
6.79934 14.3800 0.408283 0.91030 20.68435
6.79934 14.3800 0.408283 0.92806 20.57437
6.79934 14.3800 0.408283 0.94582 20.45134
6.79934 14.3800 0.408283 0.96358 20.31331
6.79934 14.3800 0.408283 0.98134 20.17919
6.79934 14.3800 0.408283 0.99910 20.01162
6.79934 14.3800 0.408283 1.01686 19.85935
6.79934 14.3800 0.408283 1.03462 19.67546
6.79934 14.3800 0.408283 1.05238 19.47924
6.79934 14.3800 0.408283 1.07014 19.28473
6.79934 14.3800 0.408283 1.08790 19.02811
6.79934 14.3800 0.408283 1.10567 18.82800
6.79934 14.3800 0.408283 1.12343 18.55110
6.79934 14.3800 0.408283 1.14119 18.28720
6.79934 14.3800 0.408283 1.15895 18.00311
6.79934 14.3800 0.408283 1.17671 17.62497
6.79934 14.3800 0.408283 1.19447 17.37098
6.79934 14.3800 0.408283 1.21223 16.95782
6.79934 14.3800 0.408283 1.22999 16.63243
6.79934 14.3800 0.408283 1.24775 16.21688
6.79934 14.3800 0.408283 1.26551 15.73305
6.79934 14.3800 0.408283 1.28327 15.37968
6.79934 14.3800 0.408283 1.30103 14.78728
6.79934 14.3800 0.591717 -1.52288 19.27676
6.79934 14.3800 0.591717 -1.50512 19.32303
6.79934 14.3800 0.591717 -1.48736 19.34959
6.79934 14.3800 0.591717 -1.46960 19.36283
6.79934 14.3800 0.591717 -1.45184 19.40176
6.79934 14.3800 0.591717 -1.43408 19.44072
6.79934 14.3800 0.591717 -1.41632 19.47161
6.79934 14.3800 0.591717 -1.39856 19.49786
6.79934 14.3800 0.591717 -1.38080 19.51986
6.79934 14.3800 0.591717 -1.36303 19.54783
6.79934 14.3800 0.591717 -1.34527 19.57661
6.79934 14.3800 0.591717 -1.32751 19.60451
6.79934 14.3800 0.591717 -1.30975 19.63429
6.79934 14.3800 0.591717 -1.29199 19.66664
6.79934 14.3800 0.591717 -1.27423 19.69173
6.79934 14.3800 0.591717 -1.25647 19.71438
6.79934 14.3800 0.591717 -1.23871 19.74514
6.79934 14.3800 0.591717 -1.22095 19.77534
6.79934 14.3800 0.591717 -1.20319 19.80528
6.79934 14.3800 0.591717 -1.18543 19.83624
6.79934 14.3800 0.591717 -1.16767 19.86726
6.79934 14.3800 0.591717 -1.14991 19.89358
6.79934 14.3800 0.591717 -1.13215 19.92043
6.79934 14.3800 0.591717 -1.11439 19.94992
6.79934 14.3800 0.591717 -1.09663 19.97787
6.79934 14.3800 0.591717 -1.07887 20.00461
6.79934 14.3800 0.591717 -1.06111 20.03175
6.79934 14.3800 0.591717 -1.04335 20.05885
6.79934 14.3800 0.591717 -1.02559 20.08704
6.79934 14.3800 0.591717 -1.00783 20.11482
6.79934 14.3800 0.591717 -0.99007 20.14224
6.79934 14.3800 0.591717 -0.97231 20.16823
6.79934 14.3800 0.591717 -0.95454 20.19370
6.79934 14.3800 0.591717 -0.93678 20.21996
6.79934 14.3800 0.591717 -0.91902 20.24572
6.79934 14.3800 0.591717 -0.90126 20.27100
6.79934 14.3800 0.591717 -0.88350 20.29530
6.79934 14.3800 0.591717 -0.86574 20.31897
6.79934 14.3800 0.591717 -0.84798 20.34070
6.79934 14.3800 0.591717 -0.83022 20.36089
6.79934 14.3800 0.591717 -0.81246 20.37842
6.79934 14.3800 0.591717 -0.79470 20.39109
6.79934 14.3800 0.591717 -0.77694 20.40129
6.79934 14.3800 0.591717 -0.75918 20.39923
6.79934 14.3800 0.591717 -0.74142 20.38361
6.79934 14.3800 0.591717 -0.72366 20.33684
6.79934 14.3800 0.591717 -0.70590 20.19881
6.79934 14.3800 0.591717 -0.68814 20.31058
6.79934 14.3800 0.591717 -0.67038 20.45119
6.79934 14.3800 0.591717 -0.65262 20.54218
6.79934 14.3800 0.591717 -0.63486 20.61029
6.79934 14.3800 0.591717 -0.61710 20.66829
6.79934 14.3800 0.591717 -0.59934 20.71893
6.79934 14.3800 0.591717 -0.58158 20.76445
6.79934 14.3800 0.591717 -0.56382 20.80688
6.79934 14.3800 0.591717 -0.54605 20.84677
6.79934 14.3800 0.591717 -0.52829 20.88500
6.79934 14.3800 0.591717 -0.51053 20.92183
6.79934 14.3800 0.591717 -0.49277 20.95772
6.79934 14.3800 0.591717 -0.47501 20.99243
6.79934 14.3800 0.591717 -0.45725 21.02642
6.79934 14.3800 0.591717 -0.43949 21.05958
6.79934 14.3800 0.591717 -0.42173 21.09229
6.79934 14.3800 0.591717 -0.40397 21.12442
6.79934 14.3800 0.591717 -0.38621 21.15579
6.79934 14.3800 0.591717 -0.36845 21.18702
6.79934 14.3800 0.591717 -0.35069 21.21750
6.79934 14.3800 0.591717 -0.33293 21.24747
6.79934 14.3800 0.591717 -0.31517 21.27698
6.79934 14.3800 0.591717 -0.29741 21.30596
6.79934 14.3800 0.591717 -0.27965 21.33456
6.79934 14.3800 0.591717 -0.26189 21.36260
6.79934 14.3800 0.591717 -0.24413 21.39033
6.79934 14.3800 0.591717 -0.22637 21.41743
6.79934 14.3800 0.591717 -0.20861 21.44394
6.79934 14.3800 0.591717 -0.19085 21.47011
6.79934 14.3800 0.591717 -0.17309 21.49581
6.79934 14.3800 0.591717 -0.15533 21.52088
6.79934 14.3800 0.591717 -0.13757 21.54543
6.79934 14.3800 0.591717 -0.11980 21.56946
6.79934 14.3800 0.591717 -0.10204 21.59289
6.79934 14.3800 0.591717 -0.08428 21.61589
6.79934 14.3800 0.591717 -0.06652 21.63807
6.79934 14.3800 0.591717 -0.04876 21.65979
6.79934 14.3800 0.591717 -0.03100 21.68087
6.79934 14.3800 0.591717 -0.01324 21.70122
6.79934 14.3800 0.591717 0.00452 21.72117
6.79934 14.3800 0.591717 0.02228 21.74004
6.79934 14.3800 0.591717 0.04004 21.75851
6.79934 14.3800 0.591717 0.05780 21.77610
6.79934 14.3800 0.591717 0.07556 21.79294
6.79934 14.3800 0.591717 0.09332 21.80926
6.79934 14.3800 0.591717 0.11108 21.82431
6.79934 14.3800 0.591717 0.12884 21.83899
6.79934 14.3800 0.591717 0.14660 21.85251
6.79934 14.3800 0.591717 0.16436 21.86526
6.79934 14.3800 0.591717 0.18212 21.87727
6.79934 14.3800 0.591717 0.19988 21.88790
6.79934 14.3800 0.591717 0.21764 21.89810
6.79934 14.3800 0.591717 0.23540 21.90669
6.79934 14.3800 0.591717 0.25316 21.91455
6.79934 14.3800 0.591717 0.27092 21.92136
6.79934 14.3800 0.591717 0.28869 21.92669
6.79934 14.3800 0.591717 0.30645 21.93148
6.79934 14.3800 0.591717 0.32421 21.93421
6.79934 14.3800 0.591717 0.34197 21.93620
6.79934 14.3800 0.591717 0.35973 21.93672
6.79934 14.3800 0.591717 0.37749 21.93570
6.79934 14.3800 0.591717 0.39525 21.93380
6.79934 14.3800 0.591717 0.41301 21.92957
6.79934 14.3800 0.591717 0.43077 21.92442
6.79934 14.3800 0.591717 0.44853 21.91732
6.79934 14.3800 0.591717 0.46629 21.90859
6.79934 14.3800 0.591717 0.48405 21.89840
6.79934 14.3800 0.591717 0.50181 21.88584
6.79934 14.3800 0.591717 0.51957 21.87184
6.79934 14.3800 0.591717 0.53733 21.85548
6.79934 14.3800 0.591717 0.55509 21.83718
6.79934 14.3800 0.591717 0.57285 21.81667
6.79934 14.3800 0.591717 0.59061 21.79375
6.79934 14.3800 0.591717 0.60837 21.76842
6.79934 14.3800 0.591717 0.62613 21.74051
6.79934 14.3800 0.591717 0.64389 21.70986
6.79934 14.3800 0.591717 0.66165 21.67614
6.79934 14.3800 0.591717 0.67941 21.63974
6.79934 14.3800 0.591717 0.69718 21.59915
6.79934 14.3800 0.591717 0.71494 21.55637
6.79934 14.3800 0.591717 0.73270 21.50890
6.79934 14.3800 0.591717 0.75046 21.45756
6.79934 14.3800 0.591717 0.76822 21.40266
6.79934 14.3800 0.591717 0.78598 21.34049
6.79934 14.3800 0.591717 0.80374 21.27769
6.79934 14.3800 0.591717 0.82150 21.20592
6.79934 14.3800 0.591717 0.83926 21.13038
6.79934 14.3800 0.591717 0.85702 21.04877
6.79934 14.3800 0.591717 0.87478 20.95590
6.79934 14.3800 0.591717 0.89254 20.86433
6.79934 14.3800 0.591717 0.91030 20.75565
6.79934 14.3800 0.591717 0.92806 20.64689
6.79934 14.3800 0.591717 0.94582 20.52518
6.79934 14.3800 0.591717 0.96358 20.38844
6.79934 14.3800 0.591717 0.98134 20.25525
6.79934 14.3800 0.591717 0.99910 20.08890
6.79934 14.3800 0.591717 1.01686 19.93729
6.79934 14.3800 0.591717 1.03462 19.75428
6.79934 14.3800 0.591717 1.05238 19.55874
6.79934 14.3800 0.591717 1.07014 19.36479
6.79934 14.3800 0.591717 1.08790 19.10889
6.79934 14.3800 0.591717 1.10567 18.90906
6.79934 14.3800 0.591717 1.12343 18.63269
6.79934 14.3800 0.591717 1.14119 18.36910
6.79934 14.3800 0.591717 1.15895 18.08539
6.79934 14.3800 0.591717 1.17671 17.70768
6.79934 14.3800 0.591717 1.19447 17.45383
6.79934 14.3800 0.591717 1.21223 17.04098
6.79934 14.3800 0.591717 1.22999 16.71565
6.79934 14.3800 0.591717 1.24775 16.30018
6.79934 14.3800 0.591717 1.26551 15.81616
6.79934 14.3800 0.591717 1.28327 15.46255
6.79934 14.3800 0.591717 1.30103 14.86919
6.79934 14.3800 0.762766 -1.52288 19.29451
6.79934 14.3800 0.762766 -1.50512 19.33067
6.79934 14.3800 0.762766 -1.48736 19.36299
6.79934 14.3800 0.762766 -1.46960 19.39253
6.79934 14.3800 0.762766 -1.45184 19.41996
6.79934 14.3800 0.762766 -1.43408 19.45058
6.79934 14.3800 0.762766 -1.41632 19.49667
6.79934 14.3800 0.762766 -1.39856 19.52575
6.79934 14.3800 0.762766 -1.38080 19.53954
6.79934 14.3800 0.762766 -1.36303 19.56869
6.79934 14.3800 0.762766 -1.34527 19.59893
6.79934 14.3800 0.762766 -1.32751 19.61409
6.79934 14.3800 0.762766 -1.30975 19.64198
6.79934 14.3800 0.762766 -1.29199 19.68575
6.79934 14.3800 0.762766 -1.27423 19.71223
6.79934 14.3800 0.762766 -1.25647 19.73301
6.79934 14.3800 0.762766 -1.23871 19.76557
6.79934 14.3800 0.762766 -1.22095 19.79578
6.79934 14.3800 0.762766 -1.20319 19.82275
6.79934 14.3800 0.762766 -1.18543 19.85049
6.79934 14.3800 0.762766 -1.16767 19.87831
6.79934 14.3800 0.762766 -1.14991 19.90083
6.79934 14.3800 0.762766 -1.13215 19.92462
6.79934 14.3800 0.762766 -1.11439 19.95273
6.79934 14.3800 0.762766 -1.09663 19.98332
6.79934 14.3800 0.762766 -1.07887 20.01528
6.79934 14.3800 0.762766 -1.06111 20.04234
6.79934 14.3800 0.762766 -1.04335 20.06871
6.79934 14.3800 0.762766 -1.02559 20.09621
6.79934 14.3800 0.762766 -1.00783 20.12356
6.79934 14.3800 0.762766 -0.99007 20.15077
6.79934 14.3800 0.762766 -0.97231 20.17705
6.79934 14.3800 0.762766 -0.95454 20.20287
6.79934 14.3800 0.762766 -0.93678 20.22929
6.79934 14.3800 0.762766 -0.91902 20.25461
6.79934 14.3800 0.762766 -0.90126 20.27870
6.79934 14.3800 0.762766 -0.88350 20.30267
6.79934 14.3800 0.762766 -0.86574 20.32631
6.79934 14.3800 0.762766 -0.84798 20.34818
6.79934 14.3800 0.762766 -0.83022 20.36851
6.79934 14.3800 0.762766 -0.81246 20.38621
6.79934 14.3800 0.762766 -0.79470 20.39884
6.79934 14.3800 0.762766 -0.77694 20.40890
6.79934 14.3800 0.762766 -0.75918 20.40708
6.79934 14.3800 0.762766 -0.74142 20.39190
6.79934 14.3800 0.762766 -0.72366 20.34659
6.79934 14.3800 0.762766 -0.70590 20.21377
6.79934 14.3800 0.762766 -0.68814 20.32285
6.79934 14.3800 0.762766 -0.67038 20.45935
6.79934 14.3800 0.762766 -0.65262 20.54846
6.79934 14.3800 0.762766 -0.63486 20.61560
6.79934 14.3800 0.762766 -0.61710 20.67298
6.79934 14.3800 0.762766 -0.59934 20.72321
6.79934 14.3800 0.762766 -0.58158 20.76838
6.79934 14.3800 0.762766 -0.56382 20.81052
6.79934 14.3800 0.762766 -0.54605 20.85013
6.79934 14.3800 0.762766 -0.52829 20.88805
6.79934 14.3800 0.762766 -0.51053 20.92455
6.79934 14.3800 0.762766 -0.49277 20.96006
6.79934 14.3800 0.762766 -0.47501 20.99441
6.79934 14.3800 0.762766 -0.45725 21.02821
6.79934 14.3800 0.762766 -0.43949 21.06108
6.79934 14.3800 0.762766 -0.42173 21.09331
6.79934 14.3800 0.762766 -0.40397 21.12509
6.79934 14.3800 0.762766 -0.38621 21.15617
6.79934 14.3800 0.762766 -0.36845 21.18686
6.79934 14.3800 0.762766 -0.35069 21.21687
6.79934 14.3800 0.762766 -0.33293 21.24652
6.79934 14.3800 0.762766 -0.31517 21.27562
6.79934 14.3800 0.762766 -0.29741 21.30415
6.79934 14.3800 0.762766 -0.27965 21.33236
6.79934 14.3800 0.762766 -0.26189 21.35998
6.79934 14.3800 0.762766 -0.24413 21.38704
6.79934 14.3800 0.762766 -0.22637 21.41362
6.79934 14.3800 0.762766 -0.20861 21.43976
6.79934 14.3800 0.762766 -0.19085 21.46529
6.79934 14.3800 0.762766 -0.17309 21.49032
6.79934 14.3800 0.762766 -0.15533 21.51475
6.79934 14.3800 0.762766 -0.13757 21.53867
6.79934 14.3800 0.762766 -0.11980 21.56209
6.79934 14.3800 0.762766 -0.10204 21.58474
6.79934 14.3800 0.762766 -0.08428 21.60695
6.79934 14.3800 0.762766 -0.06652 21.62840
6.79934 14.3800 0.762766 -0.04876 21.64936
6.79934 14.3800 0.762766 -0.03100 21.66964
6.79934 14.3800 0.762766 -0.01324 21.68915
6.79934 14.3800 0.762766 0.00452 21.70825
6.79934 14.3800 0.762766 0.02228 21.72622
6.79934 14.3800 0.762766 0.04004 21.74378
6.79934 14.3800 0.762766 0.05780 21.76043
6.79934 14.3800 0.762766 0.07556 21.77630
6.79934 14.3800 0.762766 0.09332 21.79166
6.79934 14.3800 0.762766 0.11108 21.80570
6.79934 14.3800 0.762766 0.12884 21.81935
6.79934 14.3800 0.762766 0.14660 21.83174
6.79934 14.3800 0.762766 0.16436 21.84336
6.79934 14.3800 0.762766 0.18212 21.85423
6.79934 14.3800 0.762766 0.19988 21.86366
6.79934 14.3800 0.762766 0.21764 21.87263
6.79934 14.3800 0.762766 0.23540 21.87993
6.79934 14.3800 0.762766 0.25316 21.88646
6.79934 14.3800 0.762766 0.27092 21.89191
6.79934 14.3800 0.762766 0.28869 21.89583
6.79934 14.3800 0.762766 0.30645 21.89915
6.79934 14.3800 0.762766 0.32421 21.90034
6.79934 14.3800 0.762766 0.34197 21.90074
6.79934 14.3800 0.762766 0.35973 21.89962
6.79934 14.3800 0.762766 0.37749 21.89689
6.79934 14.3800 0.762766 0.39525 21.89322
6.79934 14.3800 0.762766 0.41301 21.88714
6.79934 14.3800 0.762766 0.43077 21.88006
6.79934 14.3800 0.762766 0.44853 21.87096
6.79934 14.3800 0.762766 0.46629 21.86015
6.79934 14.3800 0.762766 0.48405 21.84776
6.79934 14.3800 0.762766 0.50181 21.83297
6.79934 14.3800 0.762766 0.51957 21.81656
6.79934 14.3800 0.762766 0.53733 21.79774
6.79934 14.3800 0.762766 0.55509 21.77686
6.79934 14.3800 0.762766 0.57285 21.75359
6.79934 14.3800 0.762766 0.59061 21.72789
6.79934 14.3800 0.762766 0.60837 21.69948
6.79934 14.3800 0.762766 0.62613 21.66851
6.79934 14.3800 0.762766 0.64389 21.63455
6.79934 14.3800 0.762766 0.66165 21.59731
6.79934 14.3800 0.762766 0.67941 21.55736
6.79934 14.3800 0.762766 0.69718 21.51269
6.79934 14.3800 0.762766 0.71494 21.46608
6.79934 14.3800 0.762766 0.73270 21.41423
6.79934 14.3800 0.762766 0.75046 21.35836
6.79934 14.3800 0.762766 0.76822 21.29880
6.79934 14.3800 0.762766 0.78598 21.23111
6.79934 14.3800 0.762766 0.80374 21.16346
6.79934 14.3800 0.762766 0.82150 21.08573
6.79934 14.3800 0.762766 0.83926 21.00438
6.79934 14.3800 0.762766 0.85702 20.91654
6.79934 14.3800 0.762766 0.87478 20.81636
6.79934 14.3800 0.762766 0.89254 20.71861
6.79934 14.3800 0.762766 0.91030 20.60172
6.79934 14.3800 0.762766 0.92806 20.48594
6.79934 14.3800 0.762766 0.94582 20.35601
6.79934 14.3800 0.762766 0.96358 20.21018
6.79934 14.3800 0.762766 0.98134 20.06941
6.79934 14.3800 0.762766 0.99910 19.89222
6.79934 14.3800 0.762766 1.01686 19.73332
6.79934 14.3800 0.762766 1.03462 19.54004
6.79934 14.3800 0.762766 1.05238 19.33502
6.79934 14.3800 0.762766 1.07014 19.13252
6.79934 14.3800 0.762766 1.08790 18.86413
6.79934 14.3800 0.762766 1.10567 18.65871
6.79934 14.3800 0.762766 1.12343 18.37150
6.79934 14.3800 0.762766 1.14119 18.10106
6.79934 14.3800 0.762766 1.15895 17.80946
6.79934 14.3800 0.762766 1.17671 17.42246
6.79934 14.3800 0.762766 1.19447 17.16600
6.79934 14.3800 0.762766 1.21223 16.74688
6.79934 14.3800 0.762766 1.22999 16.42034
6.79934 14.3800 0.762766 1.24775 16.00311
6.79934 14.3800 0.762766 1.26551 15.52101
6.79934 14.3800 0.762766 1.28327 15.16978
6.79934 14.3800 0.762766 1.30103 14.58591
6.79934 14.3800 0.898333 -1.52288 19.31544
6.79934 14.3800 0.898333 -1.50512 19.34529
6.79934 14.3800 0.898333 -1.48736 19.38120
6.79934 14.3800 0.898333 -1.46960 19.42054
6.79934 14.3800 0.898333 -1.45184 19.45441
6.79934 14.3800 0.898333 -1.43408 19.48040
6.79934 14.3800 0.898333 -1.41632 19.47835
6.79934 14.3800 0.898333 -1.39856 19.49497
6.79934 14.3800 0.898333 -1.38080 19.52990
6.79934 14.3800 0.898333 -1.36303 19.55860
6.79934 14.3800 0.898333 -1.34527 19.58709
6.79934 14.3800 0.898333 -1.32751 19.62801
6.79934 14.3800 0.898333 -1.30975 19.66022
6.79934 14.3800 0.898333 -1.29199 19.68233
6.79934 14.3800 0.898333 -1.27423 19.70994
6.79934 14.3800 0.898333 -1.25647 19.73928
6.79934 14.3800 0.898333 -1.23871 19.77547
6.79934 14.3800 0.898333 -1.22095 19.80491
6.79934 14.3800 0.898333 -1.20319 19.82357
6.79934 14.3800 0.898333 -1.18543 19.84902
6.79934 14.3800 0.898333 -1.16767 19.87759
6.79934 14.3800 0.898333 -1.14991 19.90940
6.79934 14.3800 0.898333 -1.13215 19.93872
6.79934 14.3800 0.898333 -1.11439 19.96275
6.79934 14.3800 0.898333 -1.09663 19.98826
6.79934 14.3800 0.898333 -1.07887 20.01462
6.79934 14.3800 0.898333 -1.06111 20.04196
6.79934 14.3800 0.898333 -1.04335 20.06899
6.79934 14.3800 0.898333 -1.02559 20.09569
6.79934 14.3800 0.898333 -1.00783 20.12247
6.79934 14.3800 0.898333 -0.99007 20.14931
6.79934 14.3800 0.898333 -0.97231 20.17518
6.79934 14.3800 0.898333 -0.95454 20.20069
6.79934 14.3800 0.898333 -0.93678 20.22740
6.79934 14.3800 0.898333 -0.91902 20.25288
6.79934 14.3800 0.898333 -0.90126 20.27697
6.79934 14.3800 0.898333 -0.88350 20.30048
6.79934 14.3800 0.898333 -0.86574 20.32352
6.79934 14.3800 0.898333 -0.84798 20.34451
6.79934 14.3800 0.898333 -0.83022 20.36385
6.79934 14.3800 0.898333 -0.81246 20.38029
6.79934 14.3800 0.898333 -0.79470 20.39145
6.79934 14.3800 0.898333 -0.77694 20.39991
6.79934 14.3800 0.898333 -0.75918 20.39662
6.79934 14.3800 0.898333 -0.74142 20.38106
6.79934 14.3800 0.898333 -0.72366 20.33939
6.79934 14.3800 0.898333 -0.70590 20.21959
6.79934 14.3800 0.898333 -0.68814 20.32267
6.79934 14.3800 0.898333 -0.67038 20.44872
6.79934 14.3800 0.898333 -0.65262 20.53418
6.79934 14.3800 0.898333 -0.63486 20.60061
6.79934 14.3800 0.898333 -0.61710 20.65799
6.79934 14.3800 0.898333 -0.59934 20.70863
6.79934 14.3800 0.898333 -0.58158 20.75429
6.79934 14.3800 0.898333 -0.56382 20.79686
6.79934 14.3800 0.898333 -0.54605 20.83677
6.79934 14.3800 0.898333 -0.52829 20.87488
6.79934 14.3800 0.898333 -0.51053 20.91147
6.79934 14.3800 0.898333 -0.49277 20.94688
6.79934 14.3800 0.898333 -0.47501 20.98107
6.79934 14.3800 0.898333 -0.45725 21.01453
6.79934 14.3800 0.898333 -0.43949 21.04706
6.79934 14.3800 0.898333 -0.42173 21.07891
6.79934 14.3800 0.898333 -0.40397 21.11011
6.79934 14.3800 0.898333 -0.38621 21.14056
6.79934 14.3800 0.898333 -0.36845 21.17058
6.79934 14.3800 0.898333 -0.35069 21.19991
6.79934 14.3800 0.898333 -0.33293 21.22874
6.79934 14.3800 0.898333 -0.31517 21.25697
6.79934 14.3800 0.898333 -0.29741 21.28462
6.79934 14.3800 0.898333 -0.27965 21.31180
6.79934 14.3800 0.898333 -0.26189 21.33839
6.79934 14.3800 0.898333 -0.24413 21.36436
6.79934 14.3800 0.898333 -0.22637 21.38975
6.79934 14.3800 0.898333 -0.20861 21.41462
6.79934 14.3800 0.898333 -0.19085 21.43879
6.79934 14.3800 0.898333 -0.17309 21.46250
6.79934 14.3800 0.898333 -0.15533 21.48551
6.79934 14.3800 0.898333 -0.13757 21.50794
6.79934 14.3800 0.898333 -0.11980 21.52974
6.79934 14.3800 0.898333 -0.10204 21.55075
6.79934 14.3800 0.898333 -0.08428 21.57136
6.79934 14.3800 0.898333 -0.06652 21.59093
6.79934 14.3800 0.898333 -0.04876 21.61002
6.79934 14.3800 0.898333 -0.03100 21.62833
6.79934 14.3800 0.898333 -0.01324 21.64578
6.79934 14.3800 0.898333 0.00452 21.66283
6.79934 14.3800 0.898333 0.02228 21.67850
6.79934 14.3800 0.898333 0.04004 21.69377
6.79934 14.3800 0.898333 0.05780 21.70798
6.79934 14.3800 0.898333 0.07556 21.72129
6.79934 14.3800 0.898333 0.09332 21.73402
6.79934 14.3800 0.898333 0.11108 21.74523
6.79934 14.3800 0.898333 0.12884 21.75601
6.79934 14.3800 0.898333 0.14660 21.76533
6.79934 14.3800 0.898333 0.16436 21.77374
6.79934 14.3800 0.898333 0.18212 21.78127
6.79934 14.3800 0.898333 0.19988 21.78715
6.79934 14.3800 0.898333 0.21764 21.79248
6.79934 14.3800 0.898333 0.23540 21.79591
6.79934 14.3800 0.898333 0.25316 21.79842
6.79934 14.3800 0.898333 0.27092 21.79963
6.79934 14.3800 0.898333 0.28869 21.79910
6.79934 14.3800 0.898333 0.30645 21.79778
6.79934 14.3800 0.898333 0.32421 21.79409
6.79934 14.3800 0.898333 0.34197 21.78940
6.79934 14.3800 0.898333 0.35973 21.78292
6.79934 14.3800 0.898333 0.37749 21.77463
6.79934 14.3800 0.898333 0.39525 21.76506
6.79934 14.3800 0.898333 0.41301 21.75293
6.79934 14.3800 0.898333 0.43077 21.73941
6.79934 14.3800 0.898333 0.44853 21.72365
6.79934 14.3800 0.898333 0.46629 21.70589
6.79934 14.3800 0.898333 0.48405 21.68605
6.79934 14.3800 0.898333 0.50181 21.66379
6.79934 14.3800 0.898333 0.51957 21.63925
6.79934 14.3800 0.898333 0.53733 21.61220
6.79934 14.3800 0.898333 0.55509 21.58261
6.79934 14.3800 0.898333 0.57285 21.55003
6.79934 14.3800 0.898333 0.59061 21.51509
6.79934 14.3800 0.898333 0.60837 21.47632
6.79934 14.3800 0.898333 0.62613 21.43529
6.79934 14.3800 0.898333 0.64389 21.39034
6.79934 14.3800 0.898333 0.66165 21.34150
6.79934 14.3800 0.898333 0.67941 21.29002
6.79934 14.3800 0.898333 0.69718 21.23195
6.79934 14.3800 0.898333 0.71494 21.17320
6.79934 14.3800 0.898333 0.73270 21.10729
6.79934 14.3800 0.898333 0.75046 21.03712
6.79934 14.3800 0.898333 0.76822 20.96311
6.79934 14.3800 0.898333 0.78598 20.87815
6.79934 14.3800 0.898333 0.80374 20.79619
6.79934 14.3800 0.898333 0.82150 20.70049
6.79934 14.3800 0.898333 0.83926 20.60239
6.79934 14.3800 0.898333 0.85702 20.49687
6.79934 14.3800 0.898333 0.87478 20.37618
6.79934 14.3800 0.898333 0.89254 20.26233
6.79934 14.3800 0.898333 0.91030 20.12389
6.79934 14.3800 0.898333 0.92806 19.99141
6.79934 14.3800 0.898333 0.94582 19.84213
6.79934 14.3800 0.898333 0.96358 19.67659
6.79934 14.3800 0.898333 0.98134 19.52106
6.79934 14.3800 0.898333 0.99910 19.32375
6.79934 14.3800 0.898333 1.01686 19.15444
6.79934 14.3800 0.898333 1.03462 18.94703
6.79934 14.3800 0.898333 1.05238 18.73281
6.79934 14.3800 0.898333 1.07014 18.52419
6.79934 14.3800 0.898333 1.08790 18.25113
6.79934 14.3800 0.898333 1.10567 18.04765
6.79934 14.3800 0.898333 1.12343 17.76532
6.79934 14.3800 0.898333 1.14119 17.50376
6.79934 14.3800 0.898333 1.15895 17.22487
6.79934 14.3800 0.898333 1.17671 16.86245
6.79934 14.3800 0.898333 1.19447 16.61842
6.79934 14.3800 0.898333 1.21223 16.23317
6.79934 14.3800 0.898333 1.22999 15.92591
6.79934 14.3800 0.898333 1.24775 15.54483
6.79934 14.3800 0.898333 1.26551 15.10154
6.79934 14.3800 0.898333 1.28327 14.77449
6.79934 14.3800 0.898333 1.30103 14.24345
6.79934 14.3800 0.980145 -1.52288 19.33298
6.79934 14.3800 0.980145 -1.50512 19.33119
6.79934 14.3800 0.980145 -1.48736 19.36039
6.79934 14.3800 0.980145 -1.46960 19.41018
6.79934 14.3800 0.980145 -1.45184 19.44154
6.79934 14.3800 0.980145 -1.43408 19.46653
6.79934 14.3800 0.980145 -1.41632 19.47647
6.79934 14.3800 0.980145 -1.39856 19.49638
6.79934 14.3800 0.980145 -1.38080 19.52585
6.79934 14.3800 0.980145 -1.36303 19.55058
6.79934 14.3800 0.980145 -1.34527 19.57475
6.79934 14.3800 0.980145 -1.32751 19.60494
6.79934 14.3800 0.980145 -1.30975 19.63597
6.79934 14.3800 0.980145 -1.29199 19.66834
6.79934 14.3800 0.980145 -1.27423 19.69151
6.79934 14.3800 0.980145 -1.25647 19.71165
6.79934 14.3800 0.980145 -1.23871 19.74140
6.79934 14.3800 0.980145 -1.22095 19.76988
6.79934 14.3800 0.980145 -1.20319 19.79679
6.79934 14.3800 0.980145 -1.18543 19.82235
6.79934 14.3800 0.980145 -1.16767 19.84705
6.79934 14.3800 0.980145 -1.14991 19.87424
6.79934 14.3800 0.980145 -1.13215 19.90213
6.79934 14.3800 0.980145 -1.11439 19.93243
6.79934 14.3800 0.980145 -1.09663 19.96133
6.79934 14.3800 0.980145 -1.07887 19.98911
6.79934 14.3800 0.980145 -1.06111 20.01705
6.79934 14.3800 0.980145 -1.04335 20.04457
6.79934 14.3800 0.980145 -1.02559 20.07195
6.79934 14.3800 0.980145 -1.00783 20.09924
6.79934 14.3800 0.980145 -0.99007 20.12642
6.79934 14.3800 0.980145 -0.97231 20.15211
6.79934 14.3800 0.980145 -0.95454 20.17718
6.79934 14.3800 0.980145 -0.93678 20.20224
6.79934 14.3800 0.980145 -0.91902 20.22667
6.79934 14.3800 0.980145 -0.90126 20.25044
6.79934 14.3800 0.980145 -0.88350 20.27222
6.79934 14.3800 0.980145 -0.86574 20.29309
6.79934 14.3800 0.980145 -0.84798 20.31095
6.79934 14.3800 0.980145 -0.83022 20.32711
6.79934 14.3800 0.980145 -0.81246 20.34008
6.79934 14.3800 0.980145 -0.79470 20.34843
6.79934 14.3800 0.980145 -0.77694 20.35438
6.79934 14.3800 0.980145 -0.75918 20.35202
6.79934 14.3800 0.980145 -0.74142 20.34201
6.79934 14.3800 0.980145 -0.72366 20.31635
6.79934 14.3800 0.980145 -0.70590 20.24383
6.79934 14.3800 0.980145 -0.68814 20.32186
6.79934 14.3800 0.980145 -0.67038 20.41961
6.79934 14.3800 0.980145 -0.65262 20.49159
6.79934 14.3800 0.980145 -0.63486 20.55200
6.79934 14.3800 0.980145 -0.61710 20.60616
6.79934 14.3800 0.980145 -0.59934 20.65545
6.79934 14.3800 0.980145 -0.58158 20.70107
6.79934 14.3800 0.980145 -0.56382 20.74391
6.79934 14.3800 0.980145 -0.54605 20.78450
6.79934 14.3800 0.980145 -0.52829 20.82323
6.79934 14.3800 0.980145 -0.51053 20.86038
6.79934 14.3800 0.980145 -0.49277 20.89626
6.79934 14.3800 0.980145 -0.47501 20.93084
6.79934 14.3800 0.980145 -0.45725 20.96454
6.79934 14.3800 0.980145 -0.43949 20.99718
6.79934 14.3800 0.980145 -0.42173 21.02896
6.79934 14.3800 0.980145 -0.40397 21.05994
6.79934 14.3800 0.980145 -0.38621 21.09012
6.79934 14.3800 0.980145 -0.36845 21.11961
6.79934 14.3800 0.980145 -0.35069 21.14835
6.79934 14.3800 0.980145 -0.33293 21.17642
6.79934 14.3800 0.980145 -0.31517 21.20379
6.79934 14.3800 0.980145 -0.29741 21.23053
6.79934 14.3800 0.980145 -0.27965 21.25654
6.79934 14.3800 0.980145 -0.26189 21.28197
6.79934 14.3800 0.980145 -0.24413 21.30664
6.79934 14.3800 0.980145 -0.22637 21.33067
6.79934 14.3800 0.980145 -0.20861 21.35409
6.79934 14.3800 0.980145 -0.19085 21.37668
6.79934 14.3800 0.980145 -0.17309 21.39878
6.79934 14.3800 0.980145 -0.15533 21.41992
6.79934 14.3800 0.980145 -0.13757 21.44046
6.79934 14.3800 0.980145 -0.11980 21.46029
6.79934 14.3800 0.980145 -0.10204 21.47916
6.79934 14.3800 0.980145 -0.08428 21.49760
6.79934 14.3800 0.980145 -0.06652 21.51473
6.79934 14.3800 0.980145 -0.04876 21.53133
6.79934 14.3800 0.980145 -0.03100 21.54699
6.79934 14.3800 0.980145 -0.01324 21.56159
6.79934 14.3800 0.980145 0.00452 21.57571
6.79934 14.3800 0.980145 0.02228 21.58812
6.79934 14.3800 0.980145 0.04004 21.60005
6.79934 14.3800 0.980145 0.05780 21.61065
6.79934 14.3800 0.980145 0.07556 21.62012
6.79934 14.3800 0.980145 0.09332 21.62884
6.79934 14.3800 0.980145 0.11108 21.63563
6.79934 14.3800 0.980145 0.12884 21.64182
6.79934 14.3800 0.980145 0.14660 21.64616
6.79934 14.3800 0.980145 0.16436 21.64932
6.79934 14.3800 0.980145 0.18212 21.65128
6.79934 14.3800 0.980145 0.19988 21.65112
6.79934 14.3800 0.980145 0.21764 21.65013
6.79934 14.3800 0.980145 0.23540 21.64670
6.79934 14.3800 0.980145 0.25316 21.64196
6.79934 14.3800 0.980145 0.27092 21.63543
6.79934 14.3800 0.980145 0.28869 21.62666
6.79934 14.3800 0.980145 0.30645 21.61655
6.79934 14.3800 0.980145 0.32421 21.60354
6.79934 14.3800 0.980145 0.34197 21.58890
6.79934 14.3800 0.980145 0.35973 21.57181
6.79934 14.3800 0.980145 0.37749 21.55235
6.79934 14.3800 0.980145 0.39525 21.53060
6.79934 14.3800 0.980145 0.41301 21.50606
6.79934 14.3800 0.980145 0.43077 21.47899
6.79934 14.3800 0.980145 0.44853 21.44908
6.79934 14.3800 0.980145 0.46629 21.41645
6.79934 14.3800 0.980145 0.48405 21.38032
6.79934 14.3800 0.980145 0.50181 21.34201
6.79934 14.3800 0.980145 0.51957 21.29948
6.79934 14.3800 0.980145 0.53733 21.25456
6.79934 14.3800 0.980145 0.55509 21.20591
6.79934 14.3800 0.980145 0.57285 21.15280
6.79934 14.3800 0.980145 0.59061 21.09820
6.79934 14.3800 0.980145 0.60837 21.03678
6.79934 14.3800 0.980145 0.62613 20.97509
6.79934 14.3800 0.980145 0.64389 20.90734
6.79934 14.3800 0.980145 0.66165 20.83513
6.79934 14.3800 0.980145 0.67941 20.76170
6.79934 14.3800 0.980145 0.69718 20.67778
6.79934 14.3800 0.980145 0.71494 20.59865
6.79934 14.3800 0.980145 0.73270 20.50886
6.79934 14.3800 0.980145 0.75046 20.41692
6.79934 14.3800 0.980145 0.76822 20.32283
6.79934 14.3800 0.980145 0.78598 20.21518
6.79934 14.3800 0.980145 0.80374 20.11929
6.79934 14.3800 0.980145 0.82150 20.00672
6.79934 14.3800 0.980145 0.83926 19.89812
6.79934 14.3800 0.980145 0.85702 19.78452
6.79934 14.3800 0.980145 0.87478 19.65928
6.79934 14.3800 0.980145 0.89254 19.54805
6.79934 14.3800 0.980145 0.91030 19.41635
6.79934 14.3800 0.980145 0.92806 19.29689
6.79934 14.3800 0.980145 0.94582 19.16644
6.79934 14.3800 0.980145 0.96358 19.02805
6.79934 14.3800 0.980145 0.98134 18.89972
6.79934 14.3800 0.980145 0.99910 18.74494
6.79934 14.3800 0.980145 1.01686 18.60855
6.79934 14.3800 0.980145 1.03462 18.44835
6.79934 14.3800 0.980145 1.05238 18.28069
6.79934 14.3800 0.980145 1.07014 18.11508
6.79934 14.3800 0.980145 1.08790 17.90482
6.79934 14.3800 0.980145 1.10567 17.73215
6.79934 14.3800 0.980145 1.12343 17.50554
6.79934 14.3800 0.980145 1.14119 17.28221
6.79934 14.3800 0.980145 1.15895 17.04569
6.79934 14.3800 0.980145 1.17671 16.73643
6.79934 14.3800 0.980145 1.19447 16.51180
6.79934 14.3800 0.980145 1.21223 16.17140
6.79934 14.3800 0.980145 1.22999 15.88388
6.79934 14.3800 0.980145 1.24775 15.53521
6.79934 14.3800 0.980145 1.26551 15.12017
6.79934 14.3800 0.980145 1.28327 14.80872
6.79934 14.3800 0.980145 1.30103 14.30738
